-- phpMyAdmin SQL Dump
-- version 4.8.5
-- https://www.phpmyadmin.net/
--
-- 主机： 127.0.0.1
-- 生成日期： 2020-03-26 08:17:54
-- 服务器版本： 5.7.25
-- PHP 版本： 7.1.26-1+ubuntu18.04.1+deb.sury.org+1

SET SQL_MODE = "NO_AUTO_VALUE_ON_ZERO";
SET AUTOCOMMIT = 0;
START TRANSACTION;
SET time_zone = "+00:00";


/*!40101 SET @OLD_CHARACTER_SET_CLIENT=@@CHARACTER_SET_CLIENT */;
/*!40101 SET @OLD_CHARACTER_SET_RESULTS=@@CHARACTER_SET_RESULTS */;
/*!40101 SET @OLD_COLLATION_CONNECTION=@@COLLATION_CONNECTION */;
/*!40101 SET NAMES utf8mb4 */;

--
-- 数据库： `exam`
--

-- --------------------------------------------------------

--
-- 表的结构 `activity`
--

CREATE TABLE `activity` (
  `id` int(10) UNSIGNED NOT NULL COMMENT '主键',
  `title` varchar(255) NOT NULL COMMENT '标题',
  `remark` text COMMENT '正文',
  `mediaId` int(10) UNSIGNED DEFAULT '0' COMMENT '教学活动详细信息Id，如：视频id, 教室id',
  `mediaType` varchar(50) NOT NULL COMMENT '活动类型',
  `content` text COMMENT '活动描述',
  `length` int(10) UNSIGNED NOT NULL DEFAULT '0' COMMENT '若是视频类型，则表示时长；若是ppt，则表示页数；由具体的活动业务来定义',
  `fromCourseId` int(10) UNSIGNED NOT NULL DEFAULT '0' COMMENT '所属教学计划',
  `fromCourseSetId` int(10) UNSIGNED NOT NULL DEFAULT '0' COMMENT '所属的课程',
  `fromUserId` int(10) UNSIGNED NOT NULL DEFAULT '0' COMMENT '创建者的ID',
  `copyId` int(10) NOT NULL DEFAULT '0' COMMENT '复制来源activity的id',
  `startTime` int(10) UNSIGNED NOT NULL DEFAULT '0' COMMENT '开始时间',
  `endTime` int(10) UNSIGNED NOT NULL DEFAULT '0' COMMENT '结束时间',
  `createdTime` int(10) UNSIGNED NOT NULL DEFAULT '0' COMMENT '创建时间',
  `updatedTime` int(10) UNSIGNED NOT NULL DEFAULT '0' COMMENT '最后更新时间'
) ENGINE=InnoDB DEFAULT CHARSET=utf8;

--
-- 转存表中的数据 `activity`
--

INSERT INTO `activity` (`id`, `title`, `remark`, `mediaId`, `mediaType`, `content`, `length`, `fromCourseId`, `fromCourseSetId`, `fromUserId`, `copyId`, `startTime`, `endTime`, `createdTime`, `updatedTime`) VALUES
(2, '反对风俗反对过分四方', NULL, 2, 'testpaper', NULL, 0, 2, 2, 2, 1, 0, 0, 0, 0),
(10, '计算机网络2019期末考试', NULL, 10, 'testpaper', NULL, 30, 4, 4, 2, 3, 0, 0, 0, 0),
(11, 'hjfhkeilsf', NULL, 11, 'testpaper', NULL, 1, 4, 4, 2, 7, 0, 0, 0, 0),
(12, '飞鹅湖全家福', NULL, 12, 'testpaper', NULL, 0, 4, 4, 2, 8, 0, 0, 0, 0),
(13, '父亲气氛', NULL, 13, 'testpaper', NULL, 1, 4, 4, 2, 9, 0, 0, 0, 0),
(14, '计算机网络2019期末考试', NULL, 14, 'testpaper', NULL, 30, 5, 5, 2, 3, 0, 0, 0, 0),
(15, 'hjfhkeilsf', NULL, 15, 'testpaper', NULL, 1, 5, 5, 2, 7, 0, 0, 0, 0),
(16, '飞鹅湖全家福', NULL, 16, 'testpaper', NULL, 0, 5, 5, 2, 8, 0, 0, 0, 0),
(17, '父亲气氛', NULL, 17, 'testpaper', NULL, 1, 5, 5, 2, 9, 0, 0, 0, 0),
(18, '反对风俗反对过分四方', NULL, 18, 'testpaper', NULL, 0, 6, 6, 2, 1, 0, 0, 0, 0),
(19, '2019年春季大学英语期末考试', NULL, 19, 'testpaper', NULL, 5, 9, 9, 2, 0, 0, 0, 1559391549, 0),
(21, '2019年春季大学英语期末考试', NULL, 21, 'testpaper', NULL, 11, 9, 9, 2, 0, 0, 0, 1559394426, 0),
(22, '2019年春季大学英语期末考试', NULL, 22, 'testpaper', NULL, 7, 9, 9, 2, 0, 0, 0, 1559394440, 0),
(23, '2019年药学考试', NULL, 23, 'testpaper', NULL, 0, 9, 9, 2, 0, 0, 0, 1559462538, 0),
(24, '房价进入疯狂死了技术积分', NULL, 24, 'testpaper', NULL, 0, 9, 9, 2, 0, 0, 0, 1559808991, 0),
(25, '动画官方身份', NULL, 25, 'testpaper', NULL, 0, 9, 9, 2, 0, 0, 0, 1560099275, 0),
(27, '我翻了翻累', NULL, 27, 'testpaper', NULL, 0, 9, 9, 2, 0, 0, 0, 1560190245, 0),
(28, '附近减肥减肥', NULL, 28, 'testpaper', NULL, 0, 12, 12, 2, 0, 0, 0, 1560213242, 0),
(31, 'ffyghkhkgkhkhk', NULL, 31, 'testpaper', NULL, 0, 12, 12, 2, 0, 0, 0, 1560216000, 0);

-- --------------------------------------------------------

--
-- 表的结构 `activity_learn_log`
--

CREATE TABLE `activity_learn_log` (
  `id` int(10) UNSIGNED NOT NULL COMMENT '主键',
  `activityId` int(10) UNSIGNED NOT NULL DEFAULT '0' COMMENT '教学活动id',
  `userId` int(10) UNSIGNED NOT NULL DEFAULT '0' COMMENT '用户id',
  `event` varchar(32) NOT NULL COMMENT '事件类型',
  `data` text,
  `watchTime` int(10) UNSIGNED NOT NULL DEFAULT '0',
  `courseTaskId` int(10) UNSIGNED NOT NULL DEFAULT '0' COMMENT '教学活动id',
  `learnedTime` int(11) DEFAULT '0',
  `createdTime` int(10) UNSIGNED NOT NULL DEFAULT '0' COMMENT '创建时间',
  `mediaType` varchar(32) NOT NULL COMMENT '活动类型'
) ENGINE=InnoDB DEFAULT CHARSET=utf8;

--
-- 转存表中的数据 `activity_learn_log`
--

INSERT INTO `activity_learn_log` (`id`, `activityId`, `userId`, `event`, `data`, `watchTime`, `courseTaskId`, `learnedTime`, `createdTime`, `mediaType`) VALUES
(636, 2, 3, 'start', '{\"taskId\":\"2\",\"event\":\"start\"}', 0, 2, 0, 1558335921, 'testpaper'),
(643, 2, 3, 'start', '{\"taskId\":\"2\",\"event\":\"start\"}', 0, 2, 0, 1558515052, 'testpaper'),
(646, 11, 3, 'start', '{\"taskId\":\"12\",\"event\":\"start\"}', 0, 12, 0, 1558784464, 'testpaper'),
(647, 13, 3, 'start', '{\"taskId\":\"10\",\"event\":\"start\"}', 0, 10, 0, 1558857278, 'testpaper'),
(648, 13, 3, 'start', '{\"taskId\":\"10\",\"event\":\"start\"}', 0, 10, 0, 1558876886, 'testpaper'),
(649, 13, 3, 'start', '{\"taskId\":\"10\",\"event\":\"start\"}', 0, 10, 0, 1558876918, 'testpaper'),
(650, 13, 3, 'start', '{\"taskId\":\"10\",\"event\":\"start\"}', 0, 10, 0, 1558953162, 'testpaper'),
(651, 11, 3, 'start', '{\"taskId\":\"12\",\"event\":\"start\"}', 0, 12, 0, 1558953171, 'testpaper'),
(652, 11, 3, 'start', '{\"taskId\":\"12\",\"event\":\"start\"}', 0, 12, 0, 1558953440, 'testpaper'),
(653, 10, 3, 'start', '{\"taskId\":\"11\",\"event\":\"start\"}', 0, 11, 0, 1558953449, 'testpaper'),
(654, 11, 3, 'start', '{\"taskId\":\"12\",\"event\":\"start\"}', 0, 12, 0, 1558960150, 'testpaper'),
(655, 13, 3, 'start', '{\"taskId\":\"10\",\"event\":\"start\"}', 0, 10, 0, 1559300800, 'testpaper'),
(656, 19, 3, 'start', '{\"taskId\":\"19\",\"event\":\"start\"}', 0, 19, 0, 1559448036, 'testpaper'),
(657, 21, 3, 'start', '{\"taskId\":\"21\",\"event\":\"start\"}', 0, 21, 0, 1559448397, 'testpaper'),
(658, 21, 3, 'start', '{\"taskId\":\"21\",\"event\":\"start\"}', 0, 21, 0, 1559448802, 'testpaper'),
(659, 21, 3, 'start', '{\"taskId\":\"21\",\"event\":\"start\"}', 0, 21, 0, 1559448826, 'testpaper'),
(660, 19, 3, 'start', '{\"taskId\":\"19\",\"event\":\"start\"}', 0, 19, 0, 1559450183, 'testpaper'),
(661, 22, 3, 'start', '{\"taskId\":\"22\",\"event\":\"start\"}', 0, 22, 0, 1559460683, 'testpaper'),
(662, 22, 3, 'start', '{\"taskId\":\"22\",\"event\":\"start\"}', 0, 22, 0, 1559461706, 'testpaper'),
(663, 21, 3, 'start', '{\"taskId\":\"21\",\"event\":\"start\"}', 0, 21, 0, 1559461709, 'testpaper'),
(664, 12, 3, 'start', '{\"taskId\":\"13\",\"event\":\"start\"}', 0, 13, 0, 1559461727, 'testpaper'),
(665, 10, 3, 'start', '{\"taskId\":\"11\",\"event\":\"start\"}', 0, 11, 0, 1559461735, 'testpaper'),
(666, 11, 3, 'start', '{\"taskId\":\"12\",\"event\":\"start\"}', 0, 12, 0, 1559461749, 'testpaper'),
(667, 13, 3, 'start', '{\"taskId\":\"10\",\"event\":\"start\"}', 0, 10, 0, 1559461753, 'testpaper'),
(668, 13, 3, 'start', '{\"taskId\":\"10\",\"event\":\"start\"}', 0, 10, 0, 1559461761, 'testpaper'),
(669, 2, 3, 'start', '{\"taskId\":\"2\",\"event\":\"start\"}', 0, 2, 0, 1559461779, 'testpaper'),
(672, 23, 3, 'start', '{\"taskId\":\"23\",\"event\":\"start\"}', 0, 23, 0, 1559462555, 'testpaper'),
(673, 19, 3, 'start', '{\"taskId\":\"19\",\"event\":\"start\"}', 0, 19, 0, 1559808904, 'testpaper'),
(674, 23, 3, 'start', '{\"taskId\":\"23\",\"event\":\"start\"}', 0, 23, 0, 1559808908, 'testpaper'),
(675, 21, 3, 'start', '{\"taskId\":\"21\",\"event\":\"start\"}', 0, 21, 0, 1559808911, 'testpaper'),
(676, 22, 3, 'start', '{\"taskId\":\"22\",\"event\":\"start\"}', 0, 22, 0, 1559808914, 'testpaper'),
(677, 2, 3, 'start', '{\"taskId\":\"2\",\"event\":\"start\"}', 0, 2, 0, 1559808925, 'testpaper'),
(678, 24, 3, 'start', '{\"taskId\":\"24\",\"event\":\"start\"}', 0, 24, 0, 1559809054, 'testpaper'),
(679, 24, 3, 'start', '{\"taskId\":\"24\",\"event\":\"start\"}', 0, 24, 0, 1559961073, 'testpaper'),
(680, 19, 3, 'start', '{\"taskId\":\"19\",\"event\":\"start\"}', 0, 19, 0, 1559961335, 'testpaper'),
(681, 24, 3, 'start', '{\"taskId\":\"24\",\"event\":\"start\"}', 0, 24, 0, 1559990770, 'testpaper');

-- --------------------------------------------------------

--
-- 表的结构 `activity_testpaper`
--

CREATE TABLE `activity_testpaper` (
  `id` int(11) NOT NULL COMMENT '关联activity表的ID',
  `mediaId` int(10) NOT NULL DEFAULT '0' COMMENT '试卷ID',
  `doTimes` smallint(6) NOT NULL DEFAULT '0' COMMENT '考试次数',
  `redoInterval` float(10,1) NOT NULL DEFAULT '0.0' COMMENT '重做时间间隔(小时)',
  `limitedTime` int(10) NOT NULL DEFAULT '0' COMMENT '考试时间',
  `checkType` text,
  `finishCondition` text,
  `requireCredit` int(10) NOT NULL DEFAULT '0' COMMENT '参加考试所需的学分',
  `testMode` varchar(50) NOT NULL DEFAULT 'normal' COMMENT '考试模式'
) ENGINE=InnoDB DEFAULT CHARSET=utf8;

--
-- 转存表中的数据 `activity_testpaper`
--

INSERT INTO `activity_testpaper` (`id`, `mediaId`, `doTimes`, `redoInterval`, `limitedTime`, `checkType`, `finishCondition`, `requireCredit`, `testMode`) VALUES
(2, 2, 0, 0.0, 0, NULL, '{\"type\":\"score\",\"finishScore\":\"3\"}', 0, 'normal'),
(10, 4, 0, 0.0, 30, NULL, '{\"type\":\"submit\",\"finishScore\":\"6\"}', 0, 'normal'),
(11, 4, 0, 0.0, 1, NULL, '', 0, 'normal'),
(12, 0, 0, 0.0, 0, NULL, '', 0, 'normal'),
(13, 4, 0, 0.0, 1, NULL, '', 0, 'normal'),
(14, 5, 0, 0.0, 30, NULL, '{\"type\":\"submit\",\"finishScore\":\"6\"}', 0, 'normal'),
(15, 5, 0, 0.0, 1, NULL, '', 0, 'normal'),
(16, 0, 0, 0.0, 0, NULL, '', 0, 'normal'),
(17, 5, 0, 0.0, 1, NULL, '', 0, 'normal'),
(18, 6, 0, 0.0, 0, NULL, '{\"type\":\"score\",\"finishScore\":\"3\"}', 0, 'normal'),
(19, 8, 0, 0.0, 5, NULL, '', 0, 'normal'),
(21, 8, 0, 0.0, 11, NULL, '', 0, 'normal'),
(22, 8, 0, 0.0, 7, NULL, '', 0, 'normal'),
(23, 10, 0, 0.0, 0, NULL, '', 0, 'normal'),
(24, 10, 0, 0.0, 0, NULL, '', 0, 'normal'),
(25, 12, 0, 0.0, 0, NULL, '', 0, 'normal'),
(27, 13, 0, 0.0, 0, NULL, '', 0, 'normal'),
(28, 14, 0, 0.0, 0, NULL, '', 0, 'normal'),
(31, 14, 0, 0.0, 0, NULL, '', 0, 'normal');

-- --------------------------------------------------------

--
-- 表的结构 `biz_online`
--

CREATE TABLE `biz_online` (
  `id` int(10) UNSIGNED NOT NULL COMMENT '主键',
  `sess_id` varbinary(128) NOT NULL,
  `active_time` int(10) UNSIGNED NOT NULL DEFAULT '0' COMMENT '最后活跃时间',
  `deadline` int(10) UNSIGNED NOT NULL DEFAULT '0' COMMENT '离线时间',
  `is_login` tinyint(1) UNSIGNED NOT NULL DEFAULT '0',
  `user_id` int(10) UNSIGNED NOT NULL DEFAULT '0' COMMENT '在线用户的id, 0代表游客',
  `ip` varchar(32) NOT NULL DEFAULT '' COMMENT '客户端ip',
  `user_agent` varchar(1024) NOT NULL DEFAULT '',
  `source` varchar(32) NOT NULL DEFAULT 'unknown' COMMENT '当前在线用户的来源，例如：app, pc, mobile',
  `created_time` int(10) UNSIGNED NOT NULL
) ENGINE=InnoDB DEFAULT CHARSET=utf8;

--
-- 转存表中的数据 `biz_online`
--

INSERT INTO `biz_online` (`id`, `sess_id`, `active_time`, `deadline`, `is_login`, `user_id`, `ip`, `user_agent`, `source`, `created_time`) VALUES
(22, 0x36353744344336362d453633322d463032412d384134352d453644393145443444433631, 1560009195, 1560016395, 1, 2, '127.0.0.1', 'Mozilla/5.0 (X11; Linux x86_64) AppleWebKit/537.36 (KHTML, like Gecko) Chrome/72.0.3626.119 Safari/537.36', 'Web', 1559960266),
(24, 0x36384242413935342d363236362d364235382d304137362d393935303334424438383541, 1559990771, 1559997971, 1, 3, '127.0.0.1', 'Mozilla/5.0 (X11; Linux x86_64) AppleWebKit/537.36 (KHTML, like Gecko) Chrome/72.0.3626.119 Safari/537.36', 'Web', 1559978107),
(25, 0x38383043324333322d353137312d433041312d373035332d303941413632463132303838, 1560101379, 1560108579, 1, 2, '127.0.0.1', 'Mozilla/5.0 (X11; Linux x86_64) AppleWebKit/537.36 (KHTML, like Gecko) Chrome/72.0.3626.119 Safari/537.36', 'Web', 1560047578),
(26, 0x35334630424236372d303736442d324131302d384144362d464442343646414241373537, 1560100905, 1560108105, 1, 3, '127.0.0.1', 'Mozilla/5.0 (X11; Linux x86_64) AppleWebKit/537.36 (KHTML, like Gecko) Chrome/72.0.3626.119 Safari/537.36', 'Web', 1560059656),
(27, 0x33424645423541442d394132342d314632422d463842362d413844434445353637434638, 1560115861, 1560123061, 1, 2, '127.0.0.1', 'Mozilla/5.0 (X11; Linux x86_64) AppleWebKit/537.36 (KHTML, like Gecko) Chrome/72.0.3626.119 Safari/537.36', 'Web', 1560115847),
(28, 0x31363139324443452d423433452d443235302d373131452d393839384242453846313939, 1560159526, 1560166726, 1, 2, '127.0.0.1', 'Mozilla/5.0 (X11; Linux x86_64) AppleWebKit/537.36 (KHTML, like Gecko) Chrome/72.0.3626.119 Safari/537.36', 'Web', 1560158950),
(29, 0x41313445434533452d364232312d333539412d383038462d344144424135354333444332, 1560159800, 1560167000, 0, 0, '127.0.0.1', 'Mozilla/5.0 (X11; Linux x86_64) AppleWebKit/537.36 (KHTML, like Gecko) Chrome/72.0.3626.119 Safari/537.36', 'Web', 1560159800),
(30, 0x31454543393143392d303938322d373637392d433235352d443538434133354135373737, 1560171032, 1560178232, 1, 2, '127.0.0.1', 'Mozilla/5.0 (X11; Linux x86_64) AppleWebKit/537.36 (KHTML, like Gecko) Chrome/72.0.3626.119 Safari/537.36', 'Web', 1560160056),
(31, 0x34433831424546372d344641422d443030332d373737442d353032333142363531353344, 1560180568, 1560187768, 1, 3, '127.0.0.1', 'Mozilla/5.0 (X11; Linux x86_64) AppleWebKit/537.36 (KHTML, like Gecko) Chrome/72.0.3626.119 Safari/537.36', 'Web', 1560160172),
(32, 0x36393533384534372d374238302d413334322d413546342d324537453130424637323936, 1560217977, 1560225177, 1, 2, '127.0.0.1', 'Mozilla/5.0 (X11; Linux x86_64) AppleWebKit/537.36 (KHTML, like Gecko) Chrome/72.0.3626.119 Safari/537.36', 'Web', 1560184424),
(33, 0x45313142453245302d363435312d463343362d344343362d384343313630314631364145, 1560217406, 1560224606, 1, 3, '127.0.0.1', 'Mozilla/5.0 (X11; Linux x86_64) AppleWebKit/537.36 (KHTML, like Gecko) Chrome/72.0.3626.119 Safari/537.36', 'Web', 1560184441),
(34, 0x42333531433146422d333730372d304342322d394638372d313239444535363541413735, 1585181596, 1585188796, 1, 2, '127.0.0.1', 'Mozilla/5.0 (X11; Linux x86_64) AppleWebKit/537.36 (KHTML, like Gecko) Chrome/72.0.3626.119 Safari/537.36', 'Web', 1585181371);

-- --------------------------------------------------------

--
-- 表的结构 `biz_pay_user_balance`
--

CREATE TABLE `biz_pay_user_balance` (
  `id` int(10) UNSIGNED NOT NULL,
  `user_id` int(10) UNSIGNED NOT NULL COMMENT '用户',
  `amount` bigint(16) NOT NULL DEFAULT '0' COMMENT '账户的虚拟币余额',
  `cash_amount` bigint(16) UNSIGNED NOT NULL DEFAULT '0' COMMENT '现金余额',
  `locked_amount` bigint(16) UNSIGNED NOT NULL DEFAULT '0' COMMENT '冻结虚拟币金额',
  `recharge_amount` bigint(16) UNSIGNED NOT NULL DEFAULT '0' COMMENT '充值总额',
  `purchase_amount` bigint(16) UNSIGNED NOT NULL DEFAULT '0' COMMENT '消费总额',
  `updated_time` int(10) UNSIGNED NOT NULL DEFAULT '0',
  `created_time` int(10) UNSIGNED NOT NULL DEFAULT '0'
) ENGINE=InnoDB DEFAULT CHARSET=utf8;

--
-- 转存表中的数据 `biz_pay_user_balance`
--

INSERT INTO `biz_pay_user_balance` (`id`, `user_id`, `amount`, `cash_amount`, `locked_amount`, `recharge_amount`, `purchase_amount`, `updated_time`, `created_time`) VALUES
(1, 2, 0, 0, 0, 0, 0, 1557541028, 1557541028),
(2, 0, 0, 0, 0, 0, 0, 1557541028, 1557541028),
(3, 3, 0, 0, 0, 0, 0, 1557628746, 1557628746),
(4, 4, 0, 0, 0, 0, 0, 1558439832, 1558439832),
(5, 5, 0, 0, 0, 0, 0, 1558945117, 1558945117);

-- --------------------------------------------------------

--
-- 表的结构 `biz_session`
--

CREATE TABLE `biz_session` (
  `id` int(10) UNSIGNED NOT NULL COMMENT '主键',
  `sess_id` varbinary(128) NOT NULL,
  `sess_data` blob NOT NULL,
  `sess_time` int(10) UNSIGNED NOT NULL,
  `sess_deadline` int(10) UNSIGNED NOT NULL,
  `created_time` int(10) UNSIGNED NOT NULL
) ENGINE=InnoDB DEFAULT CHARSET=utf8;

--
-- 转存表中的数据 `biz_session`
--

INSERT INTO `biz_session` (`id`, `sess_id`, `sess_data`, `sess_time`, `sess_deadline`, `created_time`) VALUES
(22782, 0x716e6e656575646c6765353034753263697530736470396a7370, 0x5f7366325f617474726962757465737c613a343a7b733a31303a225f637372662f73697465223b733a34333a2246586c634963415138333257485f724d6973306a696e703856446d75574974364c736448314a5977396959223b733a31323a225f7461726765745f70617468223b733a36303a22687474703a2f2f7777772e746573742e636f6d2f636f757273655f7365742f31302f6d616e6167652f7175657374696f6e3f706172656e7449643d30223b733a373a226c6f67696e4970223b733a393a223132372e302e302e31223b733a31343a225f73656375726974795f6d61696e223b733a313739313a22433a37343a2253796d666f6e795c436f6d706f6e656e745c53656375726974795c436f72655c41757468656e7469636174696f6e5c546f6b656e5c557365726e616d6550617373776f7264546f6b656e223a313730323a7b613a333a7b693a303b4e3b693a313b733a343a226d61696e223b693a323b733a313636313a22613a343a7b693a303b433a32303a2242697a5c557365725c43757272656e7455736572223a313436303a7b613a34383a7b733a323a226964223b733a313a2233223b733a353a22656d61696c223b733a31323a2231313131314071712e636f6d223b733a31343a2276657269666965644d6f62696c65223b733a303a22223b733a383a2270617373776f7264223b733a34343a224474416d4e654b6b385254662b6f49307531514a52565636463652307670787750466158546b5a753674553d223b733a343a2273616c74223b733a33303a22377068766b656d30713030306f6b34776b633077776f34676b386f63636b223b733a31313a2270617950617373776f7264223b733a303a22223b733a31353a2270617950617373776f726453616c74223b733a303a22223b733a363a226c6f63616c65223b4e3b733a333a22757269223b733a303a22223b733a383a226e69636b6e616d65223b733a353a223131313131223b733a353a227469746c65223b733a303a22223b733a343a2274616773223b733a303a22223b733a343a2274797065223b733a393a227765625f656d61696c223b733a353a22706f696e74223b733a313a2230223b733a343a22636f696e223b733a313a2230223b733a31313a22736d616c6c417661746172223b733a303a22223b733a31323a226d656469756d417661746172223b733a303a22223b733a31313a226c61726765417661746172223b733a303a22223b733a31333a22656d61696c5665726966696564223b733a313a2230223b733a353a227365747570223b733a313a2231223b733a353a22726f6c6573223b613a313a7b693a303b733a393a22524f4c455f55534552223b7d733a383a2270726f6d6f746564223b733a313a2230223b733a31313a2270726f6d6f746564536571223b733a313a2230223b733a31323a2270726f6d6f74656454696d65223b733a313a2230223b733a363a226c6f636b6564223b733a313a2230223b733a31323a226c6f636b446561646c696e65223b733a313a2230223b733a32393a22636f6e736563757469766550617373776f72644572726f7254696d6573223b733a313a2230223b733a32303a226c61737450617373776f72644661696c54696d65223b733a313a2230223b733a393a226c6f67696e54696d65223b733a31303a2231353630303638343637223b733a373a226c6f67696e4970223b733a393a223132372e302e302e31223b733a31343a226c6f67696e53657373696f6e4964223b733a32363a22716e6e656575646c6765353034753263697530736470396a7370223b733a31323a22617070726f76616c54696d65223b733a313a2230223b733a31343a22617070726f76616c537461747573223b733a393a22756e617070726f7665223b733a31333a226e65774d6573736167654e756d223b733a313a2231223b733a31383a226e65774e6f74696669636174696f6e4e756d223b733a323a223136223b733a393a22637265617465644970223b733a393a223132372e302e302e31223b733a31313a226372656174656454696d65223b733a31303a2231353537363238373436223b733a31313a227570646174656454696d65223b733a31303a2231353630313731303035223b733a31303a22696e76697465436f6465223b4e3b733a353a226f72674964223b693a313b733a373a226f7267436f6465223b733a323a22312e223b733a31333a2272656769737465726564576179223b733a333a22776562223b733a31363a226469737472696275746f72546f6b656e223b733a303a22223b733a343a2275756964223b733a34303a2265663837313261623263373530306331656138353163316131363463333861313666356361656633223b733a31323a2270617373776f7264496e6974223b733a313a2231223b733a393a2263757272656e744970223b733a393a223132372e302e302e31223b733a333a226f7267223b613a323a7b733a323a226964223b693a313b733a373a226f7267436f6465223b733a323a22312e223b7d733a383a226973536563757265223b623a303b7d7d693a313b623a313b693a323b613a313a7b693a303b4f3a34313a2253796d666f6e795c436f6d706f6e656e745c53656375726974795c436f72655c526f6c655c526f6c65223a313a7b733a34373a220053796d666f6e795c436f6d706f6e656e745c53656375726974795c436f72655c526f6c655c526f6c6500726f6c65223b733a393a22524f4c455f55534552223b7d7d693a333b613a303a7b7d7d223b7d7d223b7d5f7366325f666c61736865737c613a303a7b7d5f7366325f6d6574617c613a333a7b733a313a2275223b693a313536303138303536383b733a313a2263223b693a313536303137313030353b733a313a226c223b733a313a2230223b7d, 1560180568, 1560187768, 1560171005),
(22785, 0x70646b68377475706f616e363166317634657469656937313464, 0x5f7366325f617474726962757465737c613a343a7b733a31323a225f7461726765745f70617468223b733a34313a22687474703a2f2f7777772e746573742e636f6d2f636f757273652f392f7461736b2f32352f73686f77223b733a31303a225f637372662f73697465223b733a34333a2237575155395a596977534b353670364e7978356746383537485a78566c393161746d795f45355741576159223b733a373a226c6f67696e4970223b733a393a223132372e302e302e31223b733a31343a225f73656375726974795f6d61696e223b733a313739313a22433a37343a2253796d666f6e795c436f6d706f6e656e745c53656375726974795c436f72655c41757468656e7469636174696f6e5c546f6b656e5c557365726e616d6550617373776f7264546f6b656e223a313730323a7b613a333a7b693a303b4e3b693a313b733a343a226d61696e223b693a323b733a313636313a22613a343a7b693a303b433a32303a2242697a5c557365725c43757272656e7455736572223a313436303a7b613a34383a7b733a323a226964223b733a313a2233223b733a353a22656d61696c223b733a31323a2231313131314071712e636f6d223b733a31343a2276657269666965644d6f62696c65223b733a303a22223b733a383a2270617373776f7264223b733a34343a224474416d4e654b6b385254662b6f49307531514a52565636463652307670787750466158546b5a753674553d223b733a343a2273616c74223b733a33303a22377068766b656d30713030306f6b34776b633077776f34676b386f63636b223b733a31313a2270617950617373776f7264223b733a303a22223b733a31353a2270617950617373776f726453616c74223b733a303a22223b733a363a226c6f63616c65223b4e3b733a333a22757269223b733a303a22223b733a383a226e69636b6e616d65223b733a353a223131313131223b733a353a227469746c65223b733a303a22223b733a343a2274616773223b733a303a22223b733a343a2274797065223b733a393a227765625f656d61696c223b733a353a22706f696e74223b733a313a2230223b733a343a22636f696e223b733a313a2230223b733a31313a22736d616c6c417661746172223b733a303a22223b733a31323a226d656469756d417661746172223b733a303a22223b733a31313a226c61726765417661746172223b733a303a22223b733a31333a22656d61696c5665726966696564223b733a313a2230223b733a353a227365747570223b733a313a2231223b733a353a22726f6c6573223b613a313a7b693a303b733a393a22524f4c455f55534552223b7d733a383a2270726f6d6f746564223b733a313a2230223b733a31313a2270726f6d6f746564536571223b733a313a2230223b733a31323a2270726f6d6f74656454696d65223b733a313a2230223b733a363a226c6f636b6564223b733a313a2230223b733a31323a226c6f636b446561646c696e65223b733a313a2230223b733a32393a22636f6e736563757469766550617373776f72644572726f7254696d6573223b733a313a2230223b733a32303a226c61737450617373776f72644661696c54696d65223b733a313a2230223b733a393a226c6f67696e54696d65223b733a31303a2231353630303638343637223b733a373a226c6f67696e4970223b733a393a223132372e302e302e31223b733a31343a226c6f67696e53657373696f6e4964223b733a32363a2270646b68377475706f616e363166317634657469656937313464223b733a31323a22617070726f76616c54696d65223b733a313a2230223b733a31343a22617070726f76616c537461747573223b733a393a22756e617070726f7665223b733a31333a226e65774d6573736167654e756d223b733a313a2231223b733a31383a226e65774e6f74696669636174696f6e4e756d223b733a323a223136223b733a393a22637265617465644970223b733a393a223132372e302e302e31223b733a31313a226372656174656454696d65223b733a31303a2231353537363238373436223b733a31313a227570646174656454696d65223b733a31303a2231353630313834363239223b733a31303a22696e76697465436f6465223b4e3b733a353a226f72674964223b693a313b733a373a226f7267436f6465223b733a323a22312e223b733a31333a2272656769737465726564576179223b733a333a22776562223b733a31363a226469737472696275746f72546f6b656e223b733a303a22223b733a343a2275756964223b733a34303a2265663837313261623263373530306331656138353163316131363463333861313666356361656633223b733a31323a2270617373776f7264496e6974223b733a313a2231223b733a393a2263757272656e744970223b733a393a223132372e302e302e31223b733a333a226f7267223b613a323a7b733a323a226964223b693a313b733a373a226f7267436f6465223b733a323a22312e223b7d733a383a226973536563757265223b623a303b7d7d693a313b623a313b693a323b613a313a7b693a303b4f3a34313a2253796d666f6e795c436f6d706f6e656e745c53656375726974795c436f72655c526f6c655c526f6c65223a313a7b733a34373a220053796d666f6e795c436f6d706f6e656e745c53656375726974795c436f72655c526f6c655c526f6c6500726f6c65223b733a393a22524f4c455f55534552223b7d7d693a333b613a303a7b7d7d223b7d7d223b7d5f7366325f666c61736865737c613a303a7b7d5f7366325f6d6574617c613a333a7b733a313a2275223b693a313536303231373430363b733a313a2263223b693a313536303138343632393b733a313a226c223b733a313a2230223b7d, 1560217406, 1560224606, 1560184629),
(22791, 0x616d346d693532626a713134727569366b7236687163626b7536, 0x5f7366325f617474726962757465737c613a343a7b733a31303a225f637372662f73697465223b733a34333a227046414335576464616b2d78536561444f69535a6331572d786e4c77386278567248376e6266344d364549223b733a31313a22696e7669746564436f6465223b733a303a22223b733a373a226c6f67696e4970223b733a393a223132372e302e302e31223b733a31343a225f73656375726974795f6d61696e223b733a323239353a22433a37343a2253796d666f6e795c436f6d706f6e656e745c53656375726974795c436f72655c41757468656e7469636174696f6e5c546f6b656e5c557365726e616d6550617373776f7264546f6b656e223a323230363a7b613a333a7b693a303b4e3b693a313b733a343a226d61696e223b693a323b733a323136353a22613a343a7b693a303b433a32303a2242697a5c557365725c43757272656e7455736572223a313639363a7b613a34383a7b733a323a226964223b733a313a2232223b733a353a22656d61696c223b733a31313a22746573744071712e636f6d223b733a31343a2276657269666965644d6f62696c65223b733a303a22223b733a383a2270617373776f7264223b733a34343a2234726f4d4c534e61533043572b3539476774302f4c516e4f2f74506f44587531506b2b58305a6646636c553d223b733a343a2273616c74223b733a33313a22377767337774327263796777736777343863303834636b346b6f77386b6f67223b733a31313a2270617950617373776f7264223b733a303a22223b733a31353a2270617950617373776f726453616c74223b733a303a22223b733a363a226c6f63616c65223b4e3b733a333a22757269223b733a303a22223b733a383a226e69636b6e616d65223b733a31353a22e6b58be8af95e7aea1e79086e59198223b733a353a227469746c65223b733a32343a22e585ace58fb8e59b9be696b9e696afe89282e88aace696af223b733a343a2274616773223b733a303a22223b733a343a2274797065223b733a373a2264656661756c74223b733a353a22706f696e74223b733a313a2230223b733a343a22636f696e223b733a313a2230223b733a31313a22736d616c6c417661746172223b733a35303a227075626c69633a2f2f64656661756c742f323031392f30352d31312f3131313331396635343565353136343734332e6a7067223b733a31323a226d656469756d417661746172223b733a35303a227075626c69633a2f2f64656661756c742f323031392f30352d31312f3131313331396635333763633734333033322e6a7067223b733a31313a226c61726765417661746172223b733a35303a227075626c69633a2f2f64656661756c742f323031392f30352d31312f3131313331396635323237663134373931392e6a7067223b733a31333a22656d61696c5665726966696564223b733a313a2231223b733a353a227365747570223b733a313a2231223b733a353a22726f6c6573223b613a333a7b693a303b733a393a22524f4c455f55534552223b693a313b733a31323a22524f4c455f54454143484552223b693a323b733a31363a22524f4c455f53555045525f41444d494e223b7d733a383a2270726f6d6f746564223b733a313a2230223b733a31313a2270726f6d6f746564536571223b733a313a2230223b733a31323a2270726f6d6f74656454696d65223b733a313a2230223b733a363a226c6f636b6564223b733a313a2230223b733a31323a226c6f636b446561646c696e65223b733a313a2230223b733a32393a22636f6e736563757469766550617373776f72644572726f7254696d6573223b733a313a2230223b733a32303a226c61737450617373776f72644661696c54696d65223b733a313a2230223b733a393a226c6f67696e54696d65223b733a31303a2231353630303437313338223b733a373a226c6f67696e4970223b733a393a223132372e302e302e31223b733a31343a226c6f67696e53657373696f6e4964223b733a32363a22616d346d693532626a713134727569366b7236687163626b7536223b733a31323a22617070726f76616c54696d65223b733a313a2230223b733a31343a22617070726f76616c537461747573223b733a393a22756e617070726f7665223b733a31333a226e65774d6573736167654e756d223b733a313a2230223b733a31383a226e65774e6f74696669636174696f6e4e756d223b733a323a223138223b733a393a22637265617465644970223b733a393a223132372e302e302e31223b733a31313a226372656174656454696d65223b733a31303a2231353537353431303238223b733a31313a227570646174656454696d65223b733a31303a2231353630323136363339223b733a31303a22696e76697465436f6465223b4e3b733a353a226f72674964223b693a313b733a373a226f7267436f6465223b733a323a22312e223b733a31333a2272656769737465726564576179223b733a303a22223b733a31363a226469737472696275746f72546f6b656e223b733a303a22223b733a343a2275756964223b733a34303a2230626235363634376364353237313235356236393036613830656232656262363065303630366137223b733a31323a2270617373776f7264496e6974223b733a313a2231223b733a393a2263757272656e744970223b733a393a223132372e302e302e31223b733a333a226f7267223b613a323a7b733a323a226964223b693a313b733a373a226f7267436f6465223b733a323a22312e223b7d733a383a226973536563757265223b623a303b7d7d693a313b623a313b693a323b613a333a7b693a303b4f3a34313a2253796d666f6e795c436f6d706f6e656e745c53656375726974795c436f72655c526f6c655c526f6c65223a313a7b733a34373a220053796d666f6e795c436f6d706f6e656e745c53656375726974795c436f72655c526f6c655c526f6c6500726f6c65223b733a393a22524f4c455f55534552223b7d693a313b4f3a34313a2253796d666f6e795c436f6d706f6e656e745c53656375726974795c436f72655c526f6c655c526f6c65223a313a7b733a34373a220053796d666f6e795c436f6d706f6e656e745c53656375726974795c436f72655c526f6c655c526f6c6500726f6c65223b733a31323a22524f4c455f54454143484552223b7d693a323b4f3a34313a2253796d666f6e795c436f6d706f6e656e745c53656375726974795c436f72655c526f6c655c526f6c65223a313a7b733a34373a220053796d666f6e795c436f6d706f6e656e745c53656375726974795c436f72655c526f6c655c526f6c6500726f6c65223b733a31363a22524f4c455f53555045525f41444d494e223b7d7d693a333b613a303a7b7d7d223b7d7d223b7d5f7366325f666c61736865737c613a303a7b7d5f7366325f6d6574617c613a333a7b733a313a2275223b693a313536303231373937373b733a313a2263223b693a313536303231363633393b733a313a226c223b733a313a2230223b7d, 1560217977, 1560225177, 1560216639),
(22792, 0x34726e32306b703632757139756e31726d3067386c3268373076, 0x5f7366325f617474726962757465737c613a333a7b733a373a226c6f67696e4970223b733a393a223132372e302e302e31223b733a31343a225f73656375726974795f6d61696e223b733a323332353a22433a36383a2253796d666f6e795c436f6d706f6e656e745c53656375726974795c436f72655c41757468656e7469636174696f6e5c546f6b656e5c52656d656d6265724d65546f6b656e223a323234323a7b613a333a7b693a303b733a33303a2254686973546f6b656e49734e6f74536f5365637265744368616e67654974223b693a313b733a343a226d61696e223b693a323b733a323136353a22613a343a7b693a303b433a32303a2242697a5c557365725c43757272656e7455736572223a313639363a7b613a34383a7b733a323a226964223b733a313a2232223b733a353a22656d61696c223b733a31313a22746573744071712e636f6d223b733a31343a2276657269666965644d6f62696c65223b733a303a22223b733a383a2270617373776f7264223b733a34343a2234726f4d4c534e61533043572b3539476774302f4c516e4f2f74506f44587531506b2b58305a6646636c553d223b733a343a2273616c74223b733a33313a22377767337774327263796777736777343863303834636b346b6f77386b6f67223b733a31313a2270617950617373776f7264223b733a303a22223b733a31353a2270617950617373776f726453616c74223b733a303a22223b733a363a226c6f63616c65223b4e3b733a333a22757269223b733a303a22223b733a383a226e69636b6e616d65223b733a31353a22e6b58be8af95e7aea1e79086e59198223b733a353a227469746c65223b733a32343a22e585ace58fb8e59b9be696b9e696afe89282e88aace696af223b733a343a2274616773223b733a303a22223b733a343a2274797065223b733a373a2264656661756c74223b733a353a22706f696e74223b733a313a2230223b733a343a22636f696e223b733a313a2230223b733a31313a22736d616c6c417661746172223b733a35303a227075626c69633a2f2f64656661756c742f323031392f30352d31312f3131313331396635343565353136343734332e6a7067223b733a31323a226d656469756d417661746172223b733a35303a227075626c69633a2f2f64656661756c742f323031392f30352d31312f3131313331396635333763633734333033322e6a7067223b733a31313a226c61726765417661746172223b733a35303a227075626c69633a2f2f64656661756c742f323031392f30352d31312f3131313331396635323237663134373931392e6a7067223b733a31333a22656d61696c5665726966696564223b733a313a2231223b733a353a227365747570223b733a313a2231223b733a353a22726f6c6573223b613a333a7b693a303b733a393a22524f4c455f55534552223b693a313b733a31323a22524f4c455f54454143484552223b693a323b733a31363a22524f4c455f53555045525f41444d494e223b7d733a383a2270726f6d6f746564223b733a313a2230223b733a31313a2270726f6d6f746564536571223b733a313a2230223b733a31323a2270726f6d6f74656454696d65223b733a313a2230223b733a363a226c6f636b6564223b733a313a2230223b733a31323a226c6f636b446561646c696e65223b733a313a2230223b733a32393a22636f6e736563757469766550617373776f72644572726f7254696d6573223b733a313a2230223b733a32303a226c61737450617373776f72644661696c54696d65223b733a313a2230223b733a393a226c6f67696e54696d65223b733a31303a2231353630303437313338223b733a373a226c6f67696e4970223b733a393a223132372e302e302e31223b733a31343a226c6f67696e53657373696f6e4964223b733a32363a2234726e32306b703632757139756e31726d3067386c3268373076223b733a31323a22617070726f76616c54696d65223b733a313a2230223b733a31343a22617070726f76616c537461747573223b733a393a22756e617070726f7665223b733a31333a226e65774d6573736167654e756d223b733a313a2230223b733a31383a226e65774e6f74696669636174696f6e4e756d223b733a323a223138223b733a393a22637265617465644970223b733a393a223132372e302e302e31223b733a31313a226372656174656454696d65223b733a31303a2231353537353431303238223b733a31313a227570646174656454696d65223b733a31303a2231353835313831333730223b733a31303a22696e76697465436f6465223b4e3b733a353a226f72674964223b693a313b733a373a226f7267436f6465223b733a323a22312e223b733a31333a2272656769737465726564576179223b733a303a22223b733a31363a226469737472696275746f72546f6b656e223b733a303a22223b733a343a2275756964223b733a34303a2230626235363634376364353237313235356236393036613830656232656262363065303630366137223b733a31323a2270617373776f7264496e6974223b733a313a2231223b733a393a2263757272656e744970223b733a393a223132372e302e302e31223b733a333a226f7267223b613a323a7b733a323a226964223b693a313b733a373a226f7267436f6465223b733a323a22312e223b7d733a383a226973536563757265223b623a303b7d7d693a313b623a313b693a323b613a333a7b693a303b4f3a34313a2253796d666f6e795c436f6d706f6e656e745c53656375726974795c436f72655c526f6c655c526f6c65223a313a7b733a34373a220053796d666f6e795c436f6d706f6e656e745c53656375726974795c436f72655c526f6c655c526f6c6500726f6c65223b733a393a22524f4c455f55534552223b7d693a313b4f3a34313a2253796d666f6e795c436f6d706f6e656e745c53656375726974795c436f72655c526f6c655c526f6c65223a313a7b733a34373a220053796d666f6e795c436f6d706f6e656e745c53656375726974795c436f72655c526f6c655c526f6c6500726f6c65223b733a31323a22524f4c455f54454143484552223b7d693a323b4f3a34313a2253796d666f6e795c436f6d706f6e656e745c53656375726974795c436f72655c526f6c655c526f6c65223a313a7b733a34373a220053796d666f6e795c436f6d706f6e656e745c53656375726974795c436f72655c526f6c655c526f6c6500726f6c65223b733a31363a22524f4c455f53555045525f41444d494e223b7d7d693a333b613a303a7b7d7d223b7d7d223b733a31303a225f637372662f73697465223b733a34333a224f6d6232304c51564a34643567396230714a314e584234314d5459625249385668774b4a31425953737959223b7d5f7366325f666c61736865737c613a303a7b7d5f7366325f6d6574617c613a333a7b733a313a2275223b693a313538353138313539363b733a313a2263223b693a313538353138313337303b733a313a226c223b733a313a2230223b7d, 1585181596, 1585188796, 1585181370);

-- --------------------------------------------------------

--
-- 表的结构 `block_template`
--

CREATE TABLE `block_template` (
  `id` int(11) NOT NULL COMMENT '模版ID',
  `title` varchar(255) NOT NULL COMMENT '标题',
  `mode` enum('html','template') NOT NULL DEFAULT 'html' COMMENT '模式',
  `template` text COMMENT '模板',
  `templateName` varchar(255) DEFAULT NULL COMMENT '编辑区模板名字',
  `templateData` text COMMENT '模板数据',
  `content` text COMMENT '默认内容',
  `data` text COMMENT '编辑区内容',
  `code` varchar(255) NOT NULL DEFAULT '' COMMENT '编辑区编码',
  `meta` text COMMENT '编辑区元信息',
  `tips` varchar(255) DEFAULT NULL,
  `category` varchar(60) NOT NULL DEFAULT 'system' COMMENT '分类(系统/主题)',
  `createdTime` int(11) UNSIGNED NOT NULL COMMENT '创建时间',
  `updateTime` int(10) UNSIGNED NOT NULL DEFAULT '0' COMMENT '最后更新时间'
) ENGINE=InnoDB DEFAULT CHARSET=utf8 COMMENT='编辑区模板';

--
-- 转存表中的数据 `block_template`
--

INSERT INTO `block_template` (`id`, `title`, `mode`, `template`, `templateName`, `templateData`, `content`, `data`, `code`, `meta`, `tips`, `category`, `createdTime`, `updateTime`) VALUES
(2, '直播频道 - 首页 - 头部轮播图', 'template', NULL, 'block/live-top-banner.template.html.twig', NULL, '', '{\"posters\":[{\"src\":\"\\/assets\\/img\\/placeholder\\/live-slide-1.jpg\",\"alt\":\"\\u6d77\\u62a51\",\"layout\":\"limitWide\",\"background\":\"#1d75ed\",\"href\":\"\",\"html\":\"\",\"status\":\"1\",\"mode\":\"img\"},{\"src\":\"\\/assets\\/img\\/placeholder\\/live-slide-1.jpg\",\"alt\":\"\\u6d77\\u62a52\",\"layout\":\"limitWide\",\"background\":\"#1d75ed\",\"href\":\"\",\"html\":\"\",\"status\":\"1\",\"mode\":\"img\"},{\"src\":\"\\/assets\\/img\\/placeholder\\/live-slide-1.jpg\",\"alt\":\"\\u6d77\\u62a53\",\"layout\":\"limitWide\",\"background\":\"#1d75ed\",\"href\":\"\",\"html\":\"\",\"status\":\"1\",\"mode\":\"img\"},{\"src\":\"\\/assets\\/img\\/placeholder\\/live-slide-1.jpg\",\"alt\":\"\\u6d77\\u62a54\",\"layout\":\"limitWide\",\"background\":\"#1d75ed\",\"href\":\"\",\"html\":\"\",\"status\":\"1\",\"mode\":\"img\"},{\"src\":\"\\/assets\\/img\\/placeholder\\/live-slide-1.jpg\",\"alt\":\"\\u6d77\\u62a55\",\"layout\":\"limitWide\",\"background\":\"#1d75ed\",\"href\":\"\",\"html\":\"\",\"status\":\"1\",\"mode\":\"img\"}]}', 'live_top_banner', '{\"title\":\"\\u76f4\\u64ad\\u9891\\u9053 - \\u9996\\u9875 - \\u5934\\u90e8\\u8f6e\\u64ad\\u56fe\",\"category\":\"system\",\"templateName\":\"block\\/live-top-banner.template.html.twig\",\"items\":{\"posters\":{\"title\":\"\\u8f6e\\u64ad\\u56fe\",\"desc\":\"\\u5efa\\u8bae\\u4f7f\\u75281920x300\\u5927\\u5c0f\\u7684\\u56fe\\u7247\\uff0c\\u6700\\u591a\\u53ef\\u8bbe\\u7f6e\\uff15\\u5f20\\u56fe\\u7247\\u3002\",\"count\":5,\"type\":\"poster\",\"default\":[{\"src\":\"\\/assets\\/img\\/placeholder\\/live-slide-1.jpg\",\"alt\":\"\\u6d77\\u62a51\",\"layout\":\"limitWide\",\"background\":\"#1d75ed\",\"href\":\"\",\"html\":\"\",\"status\":\"1\",\"mode\":\"img\"},{\"src\":\"\\/assets\\/img\\/placeholder\\/live-slide-1.jpg\",\"alt\":\"\\u6d77\\u62a52\",\"layout\":\"limitWide\",\"background\":\"#1d75ed\",\"href\":\"\",\"html\":\"\",\"status\":\"1\",\"mode\":\"img\"},{\"src\":\"\\/assets\\/img\\/placeholder\\/live-slide-1.jpg\",\"alt\":\"\\u6d77\\u62a53\",\"layout\":\"limitWide\",\"background\":\"#1d75ed\",\"href\":\"\",\"html\":\"\",\"status\":\"1\",\"mode\":\"img\"},{\"src\":\"\\/assets\\/img\\/placeholder\\/live-slide-1.jpg\",\"alt\":\"\\u6d77\\u62a54\",\"layout\":\"limitWide\",\"background\":\"#1d75ed\",\"href\":\"\",\"html\":\"\",\"status\":\"1\",\"mode\":\"img\"},{\"src\":\"\\/assets\\/img\\/placeholder\\/live-slide-1.jpg\",\"alt\":\"\\u6d77\\u62a55\",\"layout\":\"limitWide\",\"background\":\"#1d75ed\",\"href\":\"\",\"html\":\"\",\"status\":\"1\",\"mode\":\"img\"}]}}}', NULL, 'system', 1557541028, 1557541028),
(3, '默认主题：首页头部图片轮播', 'template', NULL, '@theme/default/block/home_top_banner.template.html.twig', NULL, '', '{\"carousel\":[{\"src\":\"\\/assets\\/img\\/placeholder\\/carousel-1200x256-1.png\",\"alt\":\"\\u8f6e\\u64ad\\u56fe1\\u63cf\\u8ff0\",\"href\":\"#\",\"target\":\"_blank\"},{\"src\":\"\\/assets\\/img\\/placeholder\\/carousel-1200x256-2.png\",\"alt\":\"\\u8f6e\\u64ad\\u56fe2\\u63cf\\u8ff0\",\"href\":\"#\",\"target\":\"_blank\"},{\"src\":\"\\/assets\\/img\\/placeholder\\/carousel-1200x256-3.png\",\"alt\":\"\\u8f6e\\u64ad\\u56fe3\\u63cf\\u8ff0\",\"href\":\"#\",\"target\":\"_blank\"}]}', 'default:home_top_banner', '{\"title\":\"\\u9ed8\\u8ba4\\u4e3b\\u9898\\uff1a\\u9996\\u9875\\u5934\\u90e8\\u56fe\\u7247\\u8f6e\\u64ad\",\"category\":\"default\",\"templateName\":\"@theme\\/default\\/block\\/home_top_banner.template.html.twig\",\"items\":{\"carousel\":{\"title\":\"\\u8f6e\\u64ad\\u56fe\",\"desc\":\"\\u5efa\\u8bae\\u56fe\\u7247\\u5c3a\\u5bf8\\u4e3a1200x256px\\uff0c\\u6700\\u591a\\u53ef\\u6dfb\\u52a0\\uff15\\u5f20\\u56fe\\u7247\\u3002\",\"count\":5,\"type\":\"imglink\",\"default\":[{\"src\":\"\\/assets\\/img\\/placeholder\\/carousel-1200x256-1.png\",\"alt\":\"\\u8f6e\\u64ad\\u56fe1\\u63cf\\u8ff0\",\"href\":\"#\",\"target\":\"_blank\"},{\"src\":\"\\/assets\\/img\\/placeholder\\/carousel-1200x256-2.png\",\"alt\":\"\\u8f6e\\u64ad\\u56fe2\\u63cf\\u8ff0\",\"href\":\"#\",\"target\":\"_blank\"},{\"src\":\"\\/assets\\/img\\/placeholder\\/carousel-1200x256-3.png\",\"alt\":\"\\u8f6e\\u64ad\\u56fe3\\u63cf\\u8ff0\",\"href\":\"#\",\"target\":\"_blank\"}]}}}', NULL, 'default', 1557541028, 1557541028),
(4, '清秋主题：首页头部图片轮播', 'template', NULL, '@theme/autumn/block/carousel.template.html.twig', NULL, '', '{\"carousel\":[{\"src\":\"\\/static-dist\\/autumntheme\\/img\\/slide-1.jpg\",\"alt\":\"\\u56fe\\u7247\\uff11\\u7684\\u63cf\\u8ff0\",\"href\":\"#\",\"target\":\"_blank\"},{\"src\":\"\\/static-dist\\/autumntheme\\/img\\/slide-2.jpg\",\"alt\":\"\\u56fe\\u7247\\uff12\\u7684\\u63cf\\u8ff0\",\"href\":\"#\",\"target\":\"_self\"},{\"src\":\"\\/static-dist\\/autumntheme\\/img\\/slide-3.jpg\",\"alt\":\"\\u56fe\\u7247\\uff13\\u7684\\u63cf\\u8ff0\",\"href\":\"#\",\"target\":\"_blank\"}]}', 'autumn:home_top_banner', '{\"title\":\"\\u6e05\\u79cb\\u4e3b\\u9898\\uff1a\\u9996\\u9875\\u5934\\u90e8\\u56fe\\u7247\\u8f6e\\u64ad\",\"category\":\"autumn\",\"templateName\":\"@theme\\/autumn\\/block\\/carousel.template.html.twig\",\"items\":{\"carousel\":{\"title\":\"\\u8f6e\\u64ad\\u56fe\",\"desc\":\"\\u5efa\\u8bae\\u56fe\\u7247\\u5c3a\\u5bf8\\u4e3a1920\\u00d7300px\\uff0c\\u6700\\u591a\\u53ef\\u8bbe\\u7f6e\\uff15\\u5f20\\u56fe\\u7247\\u3002\",\"count\":5,\"type\":\"imglink\",\"default\":[{\"src\":\"\\/static-dist\\/autumntheme\\/img\\/slide-1.jpg\",\"alt\":\"\\u56fe\\u7247\\uff11\\u7684\\u63cf\\u8ff0\",\"href\":\"#\",\"target\":\"_blank\"},{\"src\":\"\\/static-dist\\/autumntheme\\/img\\/slide-2.jpg\",\"alt\":\"\\u56fe\\u7247\\uff12\\u7684\\u63cf\\u8ff0\",\"href\":\"#\",\"target\":\"_self\"},{\"src\":\"\\/static-dist\\/autumntheme\\/img\\/slide-3.jpg\",\"alt\":\"\\u56fe\\u7247\\uff13\\u7684\\u63cf\\u8ff0\",\"href\":\"#\",\"target\":\"_blank\"}]}}}', NULL, 'autumn', 1557541028, 1557541028),
(5, '简墨主题：首页顶部.轮播图 ', 'template', NULL, '@theme/jianmo/block/carousel.template.html.twig', NULL, '', '{\"posters\":[{\"src\":\"\\/themes\\/jianmo\\/img\\/banner_net.jpg\",\"alt\":\"\\u6d77\\u62a51\",\"layout\":\"limitWide\",\"background\":\"#3ec768\",\"href\":\"\",\"html\":\"\",\"status\":\"1\",\"mode\":\"img\"},{\"src\":\"\\/themes\\/jianmo\\/img\\/banner_app.jpg\",\"alt\":\"\\u6d77\\u62a52\",\"layout\":\"limitWide\",\"background\":\"#0984f7\",\"href\":\"\",\"html\":\"\",\"status\":\"1\",\"mode\":\"img\"},{\"src\":\"\\/themes\\/jianmo\\/img\\/banner_eweek.jpg\",\"alt\":\"\\u6d77\\u62a53\",\"layout\":\"limitWide\",\"background\":\"#3b4250\",\"href\":\"\",\"html\":\"\",\"status\":\"1\",\"mode\":\"img\"},{\"src\":\"\\/themes\\/jianmo\\/img\\/banner_net.jpg\",\"alt\":\"\\u6d77\\u62a54\",\"layout\":\"limitWide\",\"background\":\"#3ec768\",\"href\":\"\",\"html\":\"\",\"status\":\"0\",\"mode\":\"img\"},{\"src\":\"\\/themes\\/jianmo\\/img\\/banner_net.jpg\",\"alt\":\"\\u6d77\\u62a55\",\"layout\":\"limitWide\",\"background\":\"#3ec768\",\"href\":\"\",\"html\":\"\",\"status\":\"0\",\"mode\":\"img\"},{\"src\":\"\\/themes\\/jianmo\\/img\\/banner_net.jpg\",\"alt\":\"\\u6d77\\u62a56\",\"layout\":\"limitWide\",\"background\":\"#3ec768\",\"href\":\"\",\"html\":\"\",\"status\":\"0\",\"mode\":\"img\"},{\"src\":\"\\/themes\\/jianmo\\/img\\/banner_net.jpg\",\"alt\":\"\\u6d77\\u62a57\",\"layout\":\"limitWide\",\"background\":\"#3ec768\",\"href\":\"\",\"html\":\"\",\"status\":\"0\",\"mode\":\"img\"},{\"src\":\"\\/themes\\/jianmo\\/img\\/banner_net.jpg\",\"alt\":\"\\u6d77\\u62a58\",\"layout\":\"limitWide\",\"background\":\"#3ec768\",\"href\":\"\",\"html\":\"\",\"status\":\"0\",\"mode\":\"img\"}]}', 'jianmo:home_top_banner', '{\"title\":\"\\u7b80\\u58a8\\u4e3b\\u9898\\uff1a\\u9996\\u9875\\u9876\\u90e8.\\u8f6e\\u64ad\\u56fe \",\"category\":\"jianmo\",\"templateName\":\"@theme\\/jianmo\\/block\\/carousel.template.html.twig\",\"items\":{\"posters\":{\"title\":\"\\u6d77\\u62a5\",\"desc\":\"\\u9996\\u9875\\u6d77\\u62a5\",\"count\":1,\"type\":\"poster\",\"default\":[{\"src\":\"\\/themes\\/jianmo\\/img\\/banner_net.jpg\",\"alt\":\"\\u6d77\\u62a51\",\"layout\":\"limitWide\",\"background\":\"#3ec768\",\"href\":\"\",\"html\":\"\",\"status\":\"1\",\"mode\":\"img\"},{\"src\":\"\\/themes\\/jianmo\\/img\\/banner_app.jpg\",\"alt\":\"\\u6d77\\u62a52\",\"layout\":\"limitWide\",\"background\":\"#0984f7\",\"href\":\"\",\"html\":\"\",\"status\":\"1\",\"mode\":\"img\"},{\"src\":\"\\/themes\\/jianmo\\/img\\/banner_eweek.jpg\",\"alt\":\"\\u6d77\\u62a53\",\"layout\":\"limitWide\",\"background\":\"#3b4250\",\"href\":\"\",\"html\":\"\",\"status\":\"1\",\"mode\":\"img\"},{\"src\":\"\\/themes\\/jianmo\\/img\\/banner_net.jpg\",\"alt\":\"\\u6d77\\u62a54\",\"layout\":\"limitWide\",\"background\":\"#3ec768\",\"href\":\"\",\"html\":\"\",\"status\":\"0\",\"mode\":\"img\"},{\"src\":\"\\/themes\\/jianmo\\/img\\/banner_net.jpg\",\"alt\":\"\\u6d77\\u62a55\",\"layout\":\"limitWide\",\"background\":\"#3ec768\",\"href\":\"\",\"html\":\"\",\"status\":\"0\",\"mode\":\"img\"},{\"src\":\"\\/themes\\/jianmo\\/img\\/banner_net.jpg\",\"alt\":\"\\u6d77\\u62a56\",\"layout\":\"limitWide\",\"background\":\"#3ec768\",\"href\":\"\",\"html\":\"\",\"status\":\"0\",\"mode\":\"img\"},{\"src\":\"\\/themes\\/jianmo\\/img\\/banner_net.jpg\",\"alt\":\"\\u6d77\\u62a57\",\"layout\":\"limitWide\",\"background\":\"#3ec768\",\"href\":\"\",\"html\":\"\",\"status\":\"0\",\"mode\":\"img\"},{\"src\":\"\\/themes\\/jianmo\\/img\\/banner_net.jpg\",\"alt\":\"\\u6d77\\u62a58\",\"layout\":\"limitWide\",\"background\":\"#3ec768\",\"href\":\"\",\"html\":\"\",\"status\":\"0\",\"mode\":\"img\"}]}}}', NULL, 'jianmo', 1557541028, 1557541028),
(6, '简墨主题：首页中部.横幅', 'template', NULL, '@theme/jianmo/block/middle_banner.template.html.twig', NULL, '', '{\"icon1\":[{\"src\":\"\\/assets\\/v2\\/img\\/icon_introduction_1.png\",\"alt\":\"\\u4e2d\\u90e8\\u6a2a\\u5e45\",\"href\":\"#\",\"target\":\"_blank\"}],\"icon1title\":[{\"value\":\"\\u7f51\\u6821\\u529f\\u80fd\\u5f3a\\u5927\"}],\"icon1introduction\":[{\"value\":\"\\u4e00\\u4e07\\u591a\\u5bb6\\u7f51\\u6821\\u5171\\u540c\\u9009\\u62e9\\uff0c\\u503c\\u5f97\\u4fe1\\u8d56\"}],\"icon2\":[{\"src\":\"\\/assets\\/v2\\/img\\/icon_introduction_2.png\",\"alt\":\"\\u4e2d\\u90e8\\u6a2a\\u5e45\",\"href\":\"#\",\"target\":\"_blank\"}],\"icon2title\":[{\"value\":\"\\u54cd\\u5e94\\u5f0f\\u9875\\u9762\\u6280\\u672f\"}],\"icon2introduction\":[{\"value\":\"\\u91c7\\u7528\\u54cd\\u5e94\\u5f0f\\u6280\\u672f\\uff0c\\u5b8c\\u7f8e\\u9002\\u914d\\u4efb\\u610f\\u7ec8\\u7aef\"}],\"icon3\":[{\"src\":\"\\/assets\\/v2\\/img\\/icon_introduction_3.png\",\"alt\":\"\\u4e2d\\u90e8\\u6a2a\\u5e45\",\"href\":\"#\",\"target\":\"_blank\"}],\"icon3title\":[{\"value\":\"\\u6559\\u80b2\\u4e91\\u670d\\u52a1\\u652f\\u6301\"}],\"icon3introduction\":[{\"value\":\"\\u5f3a\\u529b\\u6559\\u80b2\\u4e91\\u652f\\u6301\\uff0c\\u514d\\u9664\\u4f60\\u7684\\u540e\\u987e\\u4e4b\\u5fe7\"}]}', 'jianmo:middle_banner', '{\"title\":\"\\u7b80\\u58a8\\u4e3b\\u9898\\uff1a\\u9996\\u9875\\u4e2d\\u90e8.\\u6a2a\\u5e45\",\"category\":\"jianmo\",\"templateName\":\"@theme\\/jianmo\\/block\\/middle_banner.template.html.twig\",\"items\":{\"icon1\":{\"title\":\"\\u4e2d\\u90e8\\u56fe\\u6807\\uff11\",\"desc\":\"\\u5efa\\u8bae\\u56fe\\u7247\\u5c3a\\u5bf8\\u4e3a130\\u00d7130px\",\"count\":1,\"type\":\"imglink\",\"default\":[{\"src\":\"\\/assets\\/v2\\/img\\/icon_introduction_1.png\",\"alt\":\"\\u4e2d\\u90e8\\u6a2a\\u5e45\",\"href\":\"#\",\"target\":\"_blank\"}]},\"icon1title\":{\"title\":\"\\u56fe\\u6807\\uff11\\u6807\\u9898\",\"desc\":\"\",\"count\":1,\"type\":\"text\",\"default\":[{\"value\":\"\\u7f51\\u6821\\u529f\\u80fd\\u5f3a\\u5927\"}]},\"icon1introduction\":{\"title\":\"\\u56fe\\u6807\\uff11\\u4ecb\\u7ecd\",\"desc\":\"\",\"count\":1,\"type\":\"textarea\",\"default\":[{\"value\":\"\\u4e00\\u4e07\\u591a\\u5bb6\\u7f51\\u6821\\u5171\\u540c\\u9009\\u62e9\\uff0c\\u503c\\u5f97\\u4fe1\\u8d56\"}]},\"icon2\":{\"title\":\"\\u4e2d\\u90e8\\u56fe\\u6807\\uff12\",\"desc\":\"\\u5efa\\u8bae\\u56fe\\u7247\\u5c3a\\u5bf8\\u4e3a130\\u00d7130px\",\"count\":1,\"type\":\"imglink\",\"default\":[{\"src\":\"\\/assets\\/v2\\/img\\/icon_introduction_2.png\",\"alt\":\"\\u4e2d\\u90e8\\u6a2a\\u5e45\",\"href\":\"#\",\"target\":\"_blank\"}]},\"icon2title\":{\"title\":\"\\u56fe\\u6807\\uff12\\u6807\\u9898\",\"desc\":\"\",\"count\":1,\"type\":\"text\",\"default\":[{\"value\":\"\\u54cd\\u5e94\\u5f0f\\u9875\\u9762\\u6280\\u672f\"}]},\"icon2introduction\":{\"title\":\"\\u56fe\\u6807\\uff12\\u4ecb\\u7ecd\",\"desc\":\"\",\"count\":1,\"type\":\"textarea\",\"default\":[{\"value\":\"\\u91c7\\u7528\\u54cd\\u5e94\\u5f0f\\u6280\\u672f\\uff0c\\u5b8c\\u7f8e\\u9002\\u914d\\u4efb\\u610f\\u7ec8\\u7aef\"}]},\"icon3\":{\"title\":\"\\u4e2d\\u90e8\\u56fe\\u6807\\uff13\",\"desc\":\"\\u5efa\\u8bae\\u56fe\\u7247\\u5c3a\\u5bf8\\u4e3a130\\u00d7130px\",\"count\":1,\"type\":\"imglink\",\"default\":[{\"src\":\"\\/assets\\/v2\\/img\\/icon_introduction_3.png\",\"alt\":\"\\u4e2d\\u90e8\\u6a2a\\u5e45\",\"href\":\"#\",\"target\":\"_blank\"}]},\"icon3title\":{\"title\":\"\\u56fe\\u6807\\uff13\\u6807\\u9898\",\"desc\":\"\",\"count\":1,\"type\":\"text\",\"default\":[{\"value\":\"\\u6559\\u80b2\\u4e91\\u670d\\u52a1\\u652f\\u6301\"}]},\"icon3introduction\":{\"title\":\"\\u56fe\\u6807\\uff13\\u4ecb\\u7ecd\",\"desc\":\"\",\"count\":1,\"type\":\"textarea\",\"default\":[{\"value\":\"\\u5f3a\\u529b\\u6559\\u80b2\\u4e91\\u652f\\u6301\\uff0c\\u514d\\u9664\\u4f60\\u7684\\u540e\\u987e\\u4e4b\\u5fe7\"}]}}}', NULL, 'jianmo', 1557541028, 1557541028),
(7, '简墨主题：中部广告', 'template', NULL, '@theme/jianmo/block/advertisement_banner.template.html.twig', NULL, '', '{\"middleImg\":[{\"src\":\"\\/themes\\/jianmo\\/img\\/banner_poster.jpg\",\"alt\":\"\\u56fe\\u7247\\uff11\\u7684\\u63cf\\u8ff0\",\"href\":\"#\",\"target\":\"_blank\"}],\"middleBackground\":[{\"value\":\"#e2133a\"}]}', 'jianmo:advertisement_banner', '{\"title\":\"\\u7b80\\u58a8\\u4e3b\\u9898\\uff1a\\u4e2d\\u90e8\\u5e7f\\u544a\",\"category\":\"jianmo\",\"templateName\":\"@theme\\/jianmo\\/block\\/advertisement_banner.template.html.twig\",\"items\":{\"middleImg\":{\"title\":\"\\u5e7f\\u544a\\u56fe\\u7247\",\"desc\":\"\\u5efa\\u8bae\\u56fe\\u7247\\u5c3a\\u5bf8\\u4e3a1920\\u00d7400px\",\"count\":\"1\",\"type\":\"imglink\",\"default\":[{\"src\":\"\\/themes\\/jianmo\\/img\\/banner_poster.jpg\",\"alt\":\"\\u56fe\\u7247\\uff11\\u7684\\u63cf\\u8ff0\",\"href\":\"#\",\"target\":\"_blank\"}]},\"middleBackground\":{\"title\":\"\\u80cc\\u666f\\u586b\\u5145\\u8272\",\"desc\":\"\\u586b\\u5199\\u989c\\u8272\\u503c,\\u4f8b\\u5982#ffffff\",\"count\":\"1\",\"type\":\"text\",\"default\":[{\"value\":\"#e2133a\"}]}}}', NULL, 'jianmo', 1557541028, 1557541028),
(8, '简墨主题: 首页底部.链接区域', 'template', NULL, '@theme/jianmo/block/bottom_info.template.html.twig', NULL, '', '{\"firstColumnText\":[{\"value\":\"\\u6211\\u662f\\u5b66\\u751f\"}],\"firstColumnLinks\":[{\"value\":\"\\u5982\\u4f55\\u6ce8\\u518c\",\"href\":\"http:\\/\\/www.qiqiuyu.com\\/course\\/347\\/learn#lesson\\/673\",\"target\":\"_blank\"},{\"value\":\"\\u5982\\u4f55\\u5b66\\u4e60\",\"href\":\"http:\\/\\/www.qiqiuyu.com\\/course\\/347\\/learn#lesson\\/705\",\"target\":\"_blank\"},{\"value\":\"\\u5982\\u4f55\\u4e92\\u52a8\",\"href\":\"http:\\/\\/www.qiqiuyu.com\\/course\\/347\\/learn#lesson\\/811\",\"target\":\"_blank\"}],\"secondColumnText\":[{\"value\":\"\\u6211\\u662f\\u8001\\u5e08\"}],\"secondColumnLinks\":[{\"value\":\"\\u53d1\\u5e03\\u8bfe\\u7a0b\",\"href\":\"http:\\/\\/www.qiqiuyu.com\\/course\\/22\",\"target\":\"_blank\"},{\"value\":\"\\u4f7f\\u7528\\u9898\\u5e93\",\"href\":\"http:\\/\\/www.qiqiuyu.com\\/course\\/147\",\"target\":\"_blank\"},{\"value\":\"\\u6559\\u5b66\\u8d44\\u6599\\u5e93\",\"href\":\"http:\\/\\/www.qiqiuyu.com\\/course\\/372\",\"target\":\"_blank\"}],\"thirdColumnText\":[{\"value\":\"\\u6211\\u662f\\u7ba1\\u7406\\u5458\"}],\"thirdColumnLinks\":[{\"value\":\"\\u7cfb\\u7edf\\u8bbe\\u7f6e\",\"href\":\"http:\\/\\/www.qiqiuyu.com\\/course\\/340\",\"target\":\"_blank\"},{\"value\":\"\\u8bfe\\u7a0b\\u8bbe\\u7f6e\",\"href\":\"http:\\/\\/www.qiqiuyu.com\\/course\\/341\",\"target\":\"_blank\"},{\"value\":\"\\u7528\\u6237\\u7ba1\\u7406\",\"href\":\"http:\\/\\/www.qiqiuyu.com\\/course\\/343\",\"target\":\"_blank\"}],\"fourthColumnText\":[{\"value\":\"\\u5546\\u4e1a\\u5e94\\u7528\"}],\"fourthColumnLinks\":[{\"value\":\"\\u4f1a\\u5458\\u4e13\\u533a\",\"href\":\"http:\\/\\/www.qiqiuyu.com\\/course\\/232\\/learn#lesson\\/358\",\"target\":\"_blank\"},{\"value\":\"\\u9898\\u5e93\\u589e\\u5f3a\\u7248\",\"href\":\"http:\\/\\/www.qiqiuyu.com\\/course\\/232\\/learn#lesson\\/467\",\"target\":\"_blank\"},{\"value\":\"\\u7528\\u6237\\u5bfc\\u5165\\u5bfc\\u51fa\",\"href\":\"http:\\/\\/www.qiqiuyu.com\\/course\\/380\",\"target\":\"_blank\"}],\"fifthColumnText\":[{\"value\":\"\\u5173\\u4e8e\\u6211\\u4eec\"}],\"fifthColumnLinks\":[{\"value\":\"ES\\u5b98\\u7f51\",\"href\":\"http:\\/\\/www.edusoho.com\\/\",\"target\":\"_blank\"},{\"value\":\"\\u5b98\\u65b9\\u5fae\\u535a\",\"href\":\"http:\\/\\/weibo.com\\/qiqiuyu\\/profile?rightmod=1&wvr=6&mod=personinfo\",\"target\":\"_blank\"},{\"value\":\"\\u52a0\\u5165\\u6211\\u4eec\",\"href\":\"http:\\/\\/www.edusoho.com\\/abouts\\/joinus\",\"target\":\"_blank\"}],\"bottomLogo\":[{\"src\":\"\\/assets\\/v2\\/img\\/bottom_logo.png\",\"alt\":\"\\u5efa\\u8bae\\u56fe\\u7247\\u5c3a\\u5bf8\\u4e3a233\\u00d764px\",\"href\":\"http:\\/\\/www.edusoho.com\",\"target\":\"_blank\"}],\"weibo\":[{\"value\":\"\\u5fae\\u535a\\u9996\\u9875\",\"href\":\"http:\\/\\/weibo.com\\/edusoho\",\"target\":\"_blank\"}],\"weixin\":[{\"src\":\"\\/assets\\/img\\/default\\/weixin.png\",\"alt\":\"\\u5fae\\u4fe1\\u516c\\u4f17\\u53f7\"}],\"apple\":[{\"src\":\"\\/assets\\/img\\/default\\/apple.png\",\"alt\":\"\\u7f51\\u6821\\u7684iOS\\u7248APP\"}],\"android\":[{\"src\":\"\\/assets\\/img\\/default\\/android.png\",\"alt\":\"\\u7f51\\u6821\\u7684Android\\u7248APP\"}]}', 'jianmo:bottom_info', '{\"title\":\"\\u7b80\\u58a8\\u4e3b\\u9898: \\u9996\\u9875\\u5e95\\u90e8.\\u94fe\\u63a5\\u533a\\u57df\",\"category\":\"jianmo\",\"templateName\":\"@theme\\/jianmo\\/block\\/bottom_info.template.html.twig\",\"items\":{\"firstColumnText\":{\"title\":\"\\u7b2c\\uff11\\u5217\\u94fe\\u63a5\\u6807\\u9898\",\"desc\":\"\",\"count\":1,\"type\":\"text\",\"default\":[{\"value\":\"\\u6211\\u662f\\u5b66\\u751f\"}]},\"firstColumnLinks\":{\"title\":\"\\u7b2c\\uff11\\u5217\\u94fe\\u63a5\",\"desc\":\"\",\"count\":5,\"type\":\"link\",\"default\":[{\"value\":\"\\u5982\\u4f55\\u6ce8\\u518c\",\"href\":\"http:\\/\\/www.qiqiuyu.com\\/course\\/347\\/learn#lesson\\/673\",\"target\":\"_blank\"},{\"value\":\"\\u5982\\u4f55\\u5b66\\u4e60\",\"href\":\"http:\\/\\/www.qiqiuyu.com\\/course\\/347\\/learn#lesson\\/705\",\"target\":\"_blank\"},{\"value\":\"\\u5982\\u4f55\\u4e92\\u52a8\",\"href\":\"http:\\/\\/www.qiqiuyu.com\\/course\\/347\\/learn#lesson\\/811\",\"target\":\"_blank\"}]},\"secondColumnText\":{\"title\":\"\\u7b2c\\uff12\\u5217\\u94fe\\u63a5\\u6807\\u9898\",\"desc\":\"\",\"count\":1,\"type\":\"text\",\"default\":[{\"value\":\"\\u6211\\u662f\\u8001\\u5e08\"}]},\"secondColumnLinks\":{\"title\":\"\\u7b2c\\uff12\\u5217\\u94fe\\u63a5\",\"desc\":\"\",\"count\":5,\"type\":\"link\",\"default\":[{\"value\":\"\\u53d1\\u5e03\\u8bfe\\u7a0b\",\"href\":\"http:\\/\\/www.qiqiuyu.com\\/course\\/22\",\"target\":\"_blank\"},{\"value\":\"\\u4f7f\\u7528\\u9898\\u5e93\",\"href\":\"http:\\/\\/www.qiqiuyu.com\\/course\\/147\",\"target\":\"_blank\"},{\"value\":\"\\u6559\\u5b66\\u8d44\\u6599\\u5e93\",\"href\":\"http:\\/\\/www.qiqiuyu.com\\/course\\/372\",\"target\":\"_blank\"}]},\"thirdColumnText\":{\"title\":\"\\u7b2c\\uff13\\u5217\\u94fe\\u63a5\\u6807\\u9898\",\"desc\":\"\",\"count\":1,\"type\":\"text\",\"default\":[{\"value\":\"\\u6211\\u662f\\u7ba1\\u7406\\u5458\"}]},\"thirdColumnLinks\":{\"title\":\"\\u7b2c\\uff13\\u5217\\u94fe\\u63a5\",\"desc\":\"\",\"count\":5,\"type\":\"link\",\"default\":[{\"value\":\"\\u7cfb\\u7edf\\u8bbe\\u7f6e\",\"href\":\"http:\\/\\/www.qiqiuyu.com\\/course\\/340\",\"target\":\"_blank\"},{\"value\":\"\\u8bfe\\u7a0b\\u8bbe\\u7f6e\",\"href\":\"http:\\/\\/www.qiqiuyu.com\\/course\\/341\",\"target\":\"_blank\"},{\"value\":\"\\u7528\\u6237\\u7ba1\\u7406\",\"href\":\"http:\\/\\/www.qiqiuyu.com\\/course\\/343\",\"target\":\"_blank\"}]},\"fourthColumnText\":{\"title\":\"\\u7b2c\\uff14\\u5217\\u94fe\\u63a5\\u6807\\u9898\",\"desc\":\"\",\"count\":1,\"type\":\"text\",\"default\":[{\"value\":\"\\u5546\\u4e1a\\u5e94\\u7528\"}]},\"fourthColumnLinks\":{\"title\":\"\\u7b2c\\uff14\\u5217\\u94fe\\u63a5\\u6807\\u9898\",\"desc\":\"\",\"count\":5,\"type\":\"link\",\"default\":[{\"value\":\"\\u4f1a\\u5458\\u4e13\\u533a\",\"href\":\"http:\\/\\/www.qiqiuyu.com\\/course\\/232\\/learn#lesson\\/358\",\"target\":\"_blank\"},{\"value\":\"\\u9898\\u5e93\\u589e\\u5f3a\\u7248\",\"href\":\"http:\\/\\/www.qiqiuyu.com\\/course\\/232\\/learn#lesson\\/467\",\"target\":\"_blank\"},{\"value\":\"\\u7528\\u6237\\u5bfc\\u5165\\u5bfc\\u51fa\",\"href\":\"http:\\/\\/www.qiqiuyu.com\\/course\\/380\",\"target\":\"_blank\"}]},\"fifthColumnText\":{\"title\":\"\\u7b2c\\uff15\\u5217\\u94fe\\u63a5\\u6807\\u9898\",\"desc\":\"\",\"count\":1,\"type\":\"text\",\"default\":[{\"value\":\"\\u5173\\u4e8e\\u6211\\u4eec\"}]},\"fifthColumnLinks\":{\"title\":\"\\u7b2c\\uff15\\u5217\\u94fe\\u63a5\\u6807\\u9898\",\"desc\":\"\",\"count\":5,\"type\":\"link\",\"default\":[{\"value\":\"ES\\u5b98\\u7f51\",\"href\":\"http:\\/\\/www.edusoho.com\\/\",\"target\":\"_blank\"},{\"value\":\"\\u5b98\\u65b9\\u5fae\\u535a\",\"href\":\"http:\\/\\/weibo.com\\/qiqiuyu\\/profile?rightmod=1&wvr=6&mod=personinfo\",\"target\":\"_blank\"},{\"value\":\"\\u52a0\\u5165\\u6211\\u4eec\",\"href\":\"http:\\/\\/www.edusoho.com\\/abouts\\/joinus\",\"target\":\"_blank\"}]},\"bottomLogo\":{\"title\":\"\\u5e95\\u90e8Logo\",\"desc\":\"\\u5efa\\u8bae\\u56fe\\u7247\\u5c3a\\u5bf8\\u4e3a233\\u00d764px\",\"count\":1,\"type\":\"imglink\",\"default\":[{\"src\":\"\\/assets\\/v2\\/img\\/bottom_logo.png\",\"alt\":\"\\u5efa\\u8bae\\u56fe\\u7247\\u5c3a\\u5bf8\\u4e3a233\\u00d764px\",\"href\":\"http:\\/\\/www.edusoho.com\",\"target\":\"_blank\"}]},\"weibo\":{\"title\":\"\\u5e95\\u90e8\\u5fae\\u535a\\u94fe\\u63a5\",\"desc\":\"\\u586b\\u5165\\u7f51\\u6821\\u7684\\u5fae\\u535a\\u9996\\u9875\\u5730\\u5740\",\"count\":1,\"type\":\"link\",\"default\":[{\"value\":\"\\u5fae\\u535a\\u9996\\u9875\",\"href\":\"http:\\/\\/weibo.com\\/edusoho\",\"target\":\"_blank\"}]},\"weixin\":{\"title\":\"\\u5e95\\u90e8\\u5fae\\u4fe1\\u516c\\u4f17\\u53f7\",\"desc\":\"\\u4e0a\\u4f20\\u7f51\\u6821\\u7684\\u5fae\\u4fe1\\u516c\\u4f17\\u53f7\\u7684\\u4e8c\\u7ef4\\u7801\",\"count\":1,\"type\":\"img\",\"default\":[{\"src\":\"\\/assets\\/img\\/default\\/weixin.png\",\"alt\":\"\\u5fae\\u4fe1\\u516c\\u4f17\\u53f7\"}]},\"apple\":{\"title\":\"\\u5e95\\u90e8iOS\\u7248APP\\u4e0b\\u8f7d\\u4e8c\\u7ef4\\u7801\",\"desc\":\"\\u4e0a\\u4f20\\u7f51\\u6821\\u7684iOS\\u7248APP\\u4e0b\\u8f7d\\u4e8c\\u7ef4\\u7801\",\"count\":1,\"type\":\"img\",\"default\":[{\"src\":\"\\/assets\\/img\\/default\\/apple.png\",\"alt\":\"\\u7f51\\u6821\\u7684iOS\\u7248APP\"}]},\"android\":{\"title\":\"\\u5e95\\u90e8Android\\u7248APP\\u4e0b\\u8f7d\\u4e8c\\u7ef4\\u7801\",\"desc\":\"\\u4e0a\\u4f20\\u7f51\\u6821\\u7684Android\\u7248APP\\u4e0b\\u8f7d\\u4e8c\\u7ef4\\u7801\",\"count\":1,\"type\":\"img\",\"default\":[{\"src\":\"\\/assets\\/img\\/default\\/android.png\",\"alt\":\"\\u7f51\\u6821\\u7684Android\\u7248APP\"}]}}}', NULL, 'jianmo', 1557541028, 1557541028);

-- --------------------------------------------------------

--
-- 表的结构 `cache`
--

CREATE TABLE `cache` (
  `id` int(10) UNSIGNED NOT NULL COMMENT '缓存ID',
  `name` varchar(128) NOT NULL DEFAULT '' COMMENT '缓存名称',
  `data` longblob COMMENT '缓存数据',
  `serialized` tinyint(3) UNSIGNED NOT NULL DEFAULT '0' COMMENT '缓存是否为序列化的标记位',
  `expiredTime` int(10) UNSIGNED NOT NULL DEFAULT '0' COMMENT '缓存过期时间',
  `createdTime` int(10) UNSIGNED NOT NULL DEFAULT '0' COMMENT '缓存创建时间'
) ENGINE=InnoDB DEFAULT CHARSET=utf8;

--
-- 转存表中的数据 `cache`
--

INSERT INTO `cache` (`id`, `name`, `data`, `serialized`, `expiredTime`, `createdTime`) VALUES
(26, 'settings', 0x613a31373a7b733a31333a2264656661756c742d7468656d65223b733a32393a22613a313a7b733a333a22757269223b733a363a226a69616e6d6f223b7d223b733a31323a2264656661756c742d636f696e223b733a37393a22613a333a7b733a31303a22636173685f6d6f64656c223b733a343a226e6f6e65223b733a393a22636173685f72617465223b693a313b733a31323a22636f696e5f656e61626c6564223b693a303b7d223b733a31353a2264656661756c742d64656661756c74223b733a39313a22613a333a7b733a31323a22636861707465725f6e616d65223b733a333a22e7aba0223b733a393a22757365725f6e616d65223b733a363a22e5ada6e59198223b733a393a22706172745f6e616d65223b733a333a22e88a82223b7d223b733a32323a2264656661756c742d706f73745f6e756d5f72756c6573223b733a3231313a22613a313a7b733a353a2272756c6573223b613a323a7b733a363a22746872656164223b613a313a7b733a31343a22666976654d756e69746552756c65223b613a323a7b733a383a22696e74657276616c223b693a3330303b733a373a22706f73744e756d223b693a3130303b7d7d733a31373a227468726561644c6f67696e656455736572223b613a313a7b733a31343a22666976654d756e69746552756c65223b613a323a7b733a383a22696e74657276616c223b693a3330303b733a373a22706f73744e756d223b693a35303b7d7d7d7d223b733a31373a2264656661756c742d646576656c6f706572223b733a33363a22613a313a7b733a31383a22636c6f75645f6170695f6661696c6f766572223b693a313b7d223b733a31343a2264656661756c742d6d61696c6572223b733a3139353a22613a373a7b733a373a22656e61626c6564223b693a303b733a343a22686f7374223b733a31383a22736d74702e65786d61696c2e71712e636f6d223b733a343a22706f7274223b733a323a223235223b733a383a22757365726e616d65223b733a31363a2275736572406578616d706c652e636f6d223b733a383a2270617373776f7264223b733a303a22223b733a343a2266726f6d223b733a31363a2275736572406578616d706c652e636f6d223b733a343a226e616d65223b733a303a22223b7d223b733a31353a2264656661756c742d636f6e74616374223b733a3332363a22613a383a7b733a373a22656e61626c6564223b693a303b733a383a22776f726b74696d65223b733a31323a22393a3030202d2031373a3030223b733a323a227171223b613a313a7b693a303b613a323a7b733a343a226e616d65223b733a303a22223b733a363a226e756d626572223b733a303a22223b7d7d733a373a22717167726f7570223b613a313a7b693a303b613a323a7b733a343a226e616d65223b733a303a22223b733a363a226e756d626572223b733a303a22223b7d7d733a353a2270686f6e65223b613a313a7b693a303b613a323a7b733a343a226e616d65223b733a303a22223b733a363a226e756d626572223b733a303a22223b7d7d733a31303a2277656263686174555249223b733a303a22223b733a353a22656d61696c223b733a303a22223b733a353a22636f6c6f72223b733a373a2264656661756c74223b7d223b733a31353a2264656661756c742d7061796d656e74223b733a3136383a22613a363a7b733a373a22656e61626c6564223b693a303b733a31323a2262616e6b5f67617465776179223b733a343a226e6f6e65223b733a31343a22616c697061795f656e61626c6564223b693a303b733a31303a22616c697061795f6b6579223b733a303a22223b733a31363a22616c697061795f6163636573734b6579223b733a303a22223b733a31363a22616c697061795f7365637265744b6579223b733a303a22223b7d223b733a31343a2264656661756c742d726566756e64223b733a3431373a22613a343a7b733a31333a226d6178526566756e6444617973223b693a31303b733a31373a226170706c794e6f74696669636174696f6e223b733a3130373a22e682a8e5a5bdefbc8ce682a8e98080e6acbee79a847b7b6974656d7d7defbc8ce7aea1e79086e59198e5b7b2e694b6e588b0e682a8e79a84e98080e6acbee794b3e8afb7efbc8ce8afb7e88090e5bf83e7ad89e5be85e98080e6acbee5aea1e6a0b8e7bb93e69e9ce38082223b733a31393a22737563636573734e6f74696669636174696f6e223b733a38323a22e682a8e5a5bdefbc8ce682a8e794b3e8afb7e98080e6acbee79a847b7b6974656d7d7d20e5aea1e6a0b8e9809ae8bf87efbc8ce5b086e4b8bae682a8e98080e6acbe7b7b616d6f756e747d7de58583e38082223b733a31383a226661696c65644e6f74696669636174696f6e223b733a39333a22e682a8e5a5bdefbc8ce682a8e794b3e8afb7e98080e6acbee79a847b7b6974656d7d7d20e5aea1e6a0b8e69caae9809ae8bf87efbc8ce8afb7e4b88ee7aea1e79086e59198e5868de58d8fe59586e8a7a3e586b3e7baa0e7bab7e38082223b7d223b733a31353a2264656661756c742d73746f72616765223b733a3138303a22613a353a7b733a31313a2275706c6f61645f6d6f6465223b733a353a226c6f63616c223b733a31363a22636c6f75645f6170695f736572766572223b733a32323a22687474703a2f2f6170692e656475736f686f2e6e6574223b733a31363a22636c6f75645f6163636573735f6b6579223b733a303a22223b733a31363a22636c6f75645f7365637265745f6b6579223b733a303a22223b733a31353a22766964656f5f68355f656e61626c65223b693a313b7d223b733a31323a2264656661756c742d61757468223b733a3834343a22613a383a7b733a31333a2272656769737465725f6d6f6465223b733a353a22656d61696c223b733a32323a22656d61696c5f61637469766174696f6e5f7469746c65223b733a33333a22e8afb7e6bf80e6b4bbe682a8e79a847b7b736974656e616d657d7de5b890e58fb7223b733a32313a22656d61696c5f61637469766174696f6e5f626f6479223b733a3336363a2248692c207b7b6e69636b6e616d657d7d0a0ae6aca2e8bf8ee58aa0e585a57b7b736974656e616d657d7d210a0ae8afb7e782b9e587bbe4b88be99da2e79a84e993bee68ea5e5ae8ce68890e6b3a8e5868cefbc9a0a0a7b7b76657269667975726c7d7d0a0ae5a682e69e9ce4bba5e4b88ae993bee68ea5e697a0e6b395e782b9e587bbefbc8ce8afb7e5b086e4b88ae99da2e79a84e59cb0e59d80e5a48de588b6e588b0e4bda0e79a84e6b58fe8a788e599a828e5a682494529e79a84e59cb0e59d80e6a08fe4b8ade68993e5bc80efbc8ce8afa5e993bee68ea5e59cb0e59d803234e5b08fe697b6e58685e68993e5bc80e69c89e69588e380820a0ae6849fe8b0a2e5afb97b7b736974656e616d657d7de79a84e694afe68c81efbc810a0a7b7b736974656e616d657d7d207b7b7369746575726c7d7d0a0a28e8bf99e698afe4b880e5b081e887aae58aa8e4baa7e7949fe79a84656d61696cefbc8ce8afb7e58bbfe59b9ee5a48de3808229223b733a31353a2277656c636f6d655f656e61626c6564223b733a363a226f70656e6564223b733a31343a2277656c636f6d655f73656e646572223b733a31353a22e6b58be8af95e7aea1e79086e59198223b733a31353a2277656c636f6d655f6d6574686f6473223b613a303a7b7d733a31333a2277656c636f6d655f7469746c65223b733a32343a22e6aca2e8bf8ee58aa0e585a57b7b736974656e616d657d7d223b733a31323a2277656c636f6d655f626f6479223b733a3133383a22e682a8e5a5bd7b7b6e69636b6e616d657d7defbc8ce68891e698af7b7b736974656e616d657d7de79a84e7aea1e79086e59198efbc8ce6aca2e8bf8ee58aa0e585a57b7b736974656e616d657d7defbc8ce7a59de682a8e5ada6e4b9a0e68489e5bfabe38082e5a682e69c89e997aee9a298efbc8ce99a8fe697b6e4b88ee68891e88194e7b3bbe38082223b7d223b733a31333a2264656661756c742d6d61676963223b733a3132323a22613a343a7b733a31383a226578706f72745f616c6c6f775f636f756e74223b693a3130303030303b733a31323a226578706f72745f6c696d6974223b693a31303030303b733a31303a22656e61626c655f6f7267223b693a303b733a31393a2264697361626c655f7765625f63726f6e746162223b693a313b7d223b733a32343a2264656661756c742d6c6561726e5f73746174697374696373223b733a39353a22613a333a7b733a31313a2263757272656e7454696d65223b693a313535373530343030303b733a383a2274696d657370616e223b693a33313533363030303b733a31393a2273796e63546f74616c44617461537461747573223b693a313b7d223b733a31393a2264656661756c742d736d735f6163636f756e74223b733a33323a22613a313a7b733a363a22737461747573223b733a363a226e6f726d616c223b7d223b733a32333a2264656661756c742d5f6170705f6c6173745f636865636b223b733a31333a22693a313535383335313939393b223b733a31333a2264656661756c742d6573426172223b733a32383a22613a313a7b733a373a22656e61626c6564223b733a313a2230223b7d223b733a31323a2264656661756c742d73697465223b733a3532303a22613a31333a7b733a343a226e616d65223b733a31383a22e59ca8e7babfe88083e8af95e7b3bbe7bb9f223b733a363a22736c6f67616e223b733a33333a22e5bcbae5a4a7e79a84e59ca8e7babfe69599e882b2e8a7a3e586b3e696b9e6a188223b733a333a2275726c223b733a32333a22687474703a2f2f64656d6f2e656475736f686f2e636f6d223b733a343a226c6f676f223b733a303a22223b733a373a2266617669636f6e223b733a303a22223b733a31323a2273656f5f6b6579776f726473223b733a35393a22656475736f686f2c20e59ca8e7babfe69599e882b2e8bdafe4bbb62c20e59ca8e7babfe59ca8e7babfe69599e882b2e8a7a3e586b3e696b9e6a188223b733a31353a2273656f5f6465736372697074696f6e223b733a34333a22656475736f686fe698afe5bcbae5a4a7e79a84e59ca8e7babfe69599e882b2e5bc80e6ba90e8bdafe4bbb6223b733a31323a226d61737465725f656d61696c223b733a31363a227465737440656475736f686f2e636f6d223b733a393a22636f70797269676874223b733a303a22223b733a333a22696370223b733a32333a2220e6b599494350e5a4873133303036383532e58fb72d31223b733a393a22616e616c7974696373223b733a303a22223b733a363a22737461747573223b733a343a226f70656e223b733a31313a22636c6f7365645f6e6f7465223b733a303a22223b7d223b7d, 1, 0, 1558422626);

-- --------------------------------------------------------

--
-- 表的结构 `classroom`
--

CREATE TABLE `classroom` (
  `id` int(10) UNSIGNED NOT NULL,
  `title` varchar(255) NOT NULL COMMENT '标题',
  `status` enum('closed','draft','published') NOT NULL DEFAULT 'draft' COMMENT '状态关闭，未发布，发布',
  `about` text COMMENT '简介',
  `categoryId` int(10) NOT NULL DEFAULT '0' COMMENT '分类id',
  `description` text COMMENT '课程说明',
  `price` float(10,2) UNSIGNED NOT NULL DEFAULT '0.00' COMMENT '价格',
  `vipLevelId` int(10) UNSIGNED NOT NULL DEFAULT '0' COMMENT '支持的vip等级',
  `smallPicture` varchar(255) NOT NULL DEFAULT '' COMMENT '小图',
  `middlePicture` varchar(255) NOT NULL DEFAULT '' COMMENT '中图',
  `largePicture` varchar(255) NOT NULL DEFAULT '' COMMENT '大图',
  `headTeacherId` int(10) UNSIGNED NOT NULL DEFAULT '0' COMMENT '班主任ID',
  `teacherIds` varchar(255) NOT NULL DEFAULT '' COMMENT '教师IDs',
  `assistantIds` text COMMENT '助教Ids',
  `hitNum` int(10) UNSIGNED NOT NULL DEFAULT '0' COMMENT '点击数',
  `auditorNum` int(10) UNSIGNED NOT NULL DEFAULT '0' COMMENT '旁听生数',
  `studentNum` int(10) UNSIGNED NOT NULL DEFAULT '0' COMMENT '学员数',
  `courseNum` int(10) UNSIGNED NOT NULL DEFAULT '0' COMMENT '课程数',
  `lessonNum` int(10) UNSIGNED NOT NULL DEFAULT '0' COMMENT '课时数',
  `threadNum` int(10) UNSIGNED NOT NULL DEFAULT '0' COMMENT '话题数',
  `noteNum` int(10) UNSIGNED NOT NULL DEFAULT '0' COMMENT '班级笔记数量',
  `postNum` int(10) UNSIGNED NOT NULL DEFAULT '0' COMMENT '回复数',
  `income` float(10,2) NOT NULL DEFAULT '0.00' COMMENT '收入',
  `createdTime` int(10) UNSIGNED NOT NULL DEFAULT '0' COMMENT '创建时间',
  `updatedTime` int(10) UNSIGNED NOT NULL DEFAULT '0' COMMENT '更新时间',
  `service` varchar(255) DEFAULT NULL COMMENT '班级服务',
  `private` tinyint(3) UNSIGNED NOT NULL DEFAULT '0' COMMENT '是否封闭班级',
  `recommended` tinyint(1) UNSIGNED NOT NULL DEFAULT '0' COMMENT '是否为推荐班级',
  `recommendedSeq` int(10) UNSIGNED NOT NULL DEFAULT '100' COMMENT '推荐序号',
  `recommendedTime` int(10) UNSIGNED NOT NULL DEFAULT '0' COMMENT '推荐时间',
  `rating` float UNSIGNED NOT NULL DEFAULT '0' COMMENT '排行数值',
  `ratingNum` int(10) UNSIGNED NOT NULL DEFAULT '0' COMMENT '投票人数',
  `hotSeq` int(10) UNSIGNED NOT NULL DEFAULT '0' COMMENT '最热班级排序',
  `maxRate` tinyint(3) UNSIGNED NOT NULL DEFAULT '100' COMMENT '最大抵扣百分比',
  `showable` tinyint(1) UNSIGNED NOT NULL DEFAULT '1' COMMENT '是否开放展示',
  `buyable` tinyint(1) UNSIGNED NOT NULL DEFAULT '1' COMMENT '是否开放购买',
  `conversationId` varchar(255) NOT NULL DEFAULT '0',
  `orgId` int(10) UNSIGNED NOT NULL DEFAULT '1' COMMENT '组织机构ID',
  `orgCode` varchar(255) NOT NULL DEFAULT '1.' COMMENT '组织机构内部编码',
  `expiryMode` varchar(32) NOT NULL DEFAULT 'forever' COMMENT '学习有效期模式：date、days、forever',
  `expiryValue` int(10) NOT NULL DEFAULT '0' COMMENT '有效期',
  `creator` int(10) NOT NULL DEFAULT '0' COMMENT '班级创建者'
) ENGINE=InnoDB DEFAULT CHARSET=utf8;

--
-- 转存表中的数据 `classroom`
--

INSERT INTO `classroom` (`id`, `title`, `status`, `about`, `categoryId`, `description`, `price`, `vipLevelId`, `smallPicture`, `middlePicture`, `largePicture`, `headTeacherId`, `teacherIds`, `assistantIds`, `hitNum`, `auditorNum`, `studentNum`, `courseNum`, `lessonNum`, `threadNum`, `noteNum`, `postNum`, `income`, `createdTime`, `updatedTime`, `service`, `private`, `recommended`, `recommendedSeq`, `recommendedTime`, `rating`, `ratingNum`, `hotSeq`, `maxRate`, `showable`, `buyable`, `conversationId`, `orgId`, `orgCode`, `expiryMode`, `expiryValue`, `creator`) VALUES
(1, '计算机班级1', 'published', NULL, 0, NULL, 0.00, 0, '', '', '', 0, '[\"2\"]', NULL, 0, 0, 1, 2, 5, 0, 0, 0, 0.00, 1557632351, 1559960041, NULL, 0, 0, 100, 0, 0, 0, 1, 100, 1, 1, '0', 1, '1.', 'forever', 0, 2),
(2, '测试班级1', 'draft', NULL, 0, NULL, 0.00, 0, '', '', '', 0, '[\"2\"]', NULL, 0, 0, 0, 2, 5, 0, 0, 0, 0.00, 1558438182, 1558438245, NULL, 0, 0, 100, 0, 0, 0, 0, 100, 1, 1, '0', 1, '1.', 'forever', 0, 2);

-- --------------------------------------------------------

--
-- 表的结构 `classroom_courses`
--

CREATE TABLE `classroom_courses` (
  `id` int(10) UNSIGNED NOT NULL,
  `classroomId` int(10) UNSIGNED NOT NULL COMMENT '班级ID',
  `courseId` int(10) UNSIGNED NOT NULL COMMENT '课程ID',
  `parentCourseId` int(10) UNSIGNED NOT NULL COMMENT '父课程Id',
  `disabled` tinyint(1) UNSIGNED NOT NULL DEFAULT '0' COMMENT '是否禁用',
  `seq` int(5) UNSIGNED NOT NULL DEFAULT '0' COMMENT '班级课程顺序',
  `courseSetId` int(10) NOT NULL DEFAULT '0' COMMENT '课程ID'
) ENGINE=InnoDB DEFAULT CHARSET=utf8;

--
-- 转存表中的数据 `classroom_courses`
--

INSERT INTO `classroom_courses` (`id`, `classroomId`, `courseId`, `parentCourseId`, `disabled`, `seq`, `courseSetId`) VALUES
(1, 1, 2, 1, 0, 0, 2),
(2, 1, 4, 3, 0, 0, 4),
(3, 2, 5, 3, 0, 0, 5),
(4, 2, 6, 1, 0, 0, 6);

-- --------------------------------------------------------

--
-- 表的结构 `content`
--

CREATE TABLE `content` (
  `id` int(10) UNSIGNED NOT NULL COMMENT '内容ID',
  `title` varchar(255) NOT NULL COMMENT '内容标题',
  `editor` enum('richeditor','none') NOT NULL DEFAULT 'richeditor' COMMENT '编辑器选择类型字段',
  `type` varchar(255) NOT NULL COMMENT '内容类型',
  `alias` varchar(255) NOT NULL DEFAULT '' COMMENT '内容别名',
  `summary` text COMMENT '内容摘要',
  `body` longtext COMMENT '内容正文',
  `picture` varchar(255) NOT NULL DEFAULT '' COMMENT '内容头图',
  `template` varchar(255) NOT NULL DEFAULT '' COMMENT '内容模板',
  `status` enum('published','unpublished','trash') NOT NULL COMMENT '内容状态',
  `categoryId` int(10) UNSIGNED NOT NULL DEFAULT '0' COMMENT '内容分类ID',
  `tagIds` tinytext COMMENT '内容标签ID',
  `hits` int(10) UNSIGNED NOT NULL DEFAULT '0' COMMENT '内容点击量',
  `featured` int(10) UNSIGNED NOT NULL DEFAULT '0' COMMENT '是否头条',
  `promoted` tinyint(3) UNSIGNED NOT NULL DEFAULT '1' COMMENT '是否推荐',
  `sticky` tinyint(3) UNSIGNED NOT NULL DEFAULT '0' COMMENT '是否置顶',
  `userId` int(10) UNSIGNED NOT NULL COMMENT '发布人ID',
  `field1` text COMMENT '扩展字段',
  `field2` text COMMENT '扩展字段',
  `field3` text COMMENT '扩展字段',
  `field4` text COMMENT '扩展字段',
  `field5` text COMMENT '扩展字段',
  `field6` text COMMENT '扩展字段',
  `field7` text COMMENT '扩展字段',
  `field8` text COMMENT '扩展字段',
  `field9` text COMMENT '扩展字段',
  `field10` text COMMENT '扩展字段',
  `publishedTime` int(10) UNSIGNED NOT NULL DEFAULT '0' COMMENT '发布时间',
  `createdTime` int(10) UNSIGNED NOT NULL COMMENT '创建时间'
) ENGINE=InnoDB DEFAULT CHARSET=utf8;

--
-- 转存表中的数据 `content`
--

INSERT INTO `content` (`id`, `title`, `editor`, `type`, `alias`, `summary`, `body`, `picture`, `template`, `status`, `categoryId`, `tagIds`, `hits`, `featured`, `promoted`, `sticky`, `userId`, `field1`, `field2`, `field3`, `field4`, `field5`, `field6`, `field7`, `field8`, `field9`, `field10`, `publishedTime`, `createdTime`) VALUES
(1, '关于我们', 'richeditor', 'page', 'aboutus', NULL, '', '', 'default', 'published', 0, NULL, 0, 0, 1, 0, 2, NULL, NULL, NULL, NULL, NULL, NULL, NULL, NULL, NULL, NULL, 1557541028, 1557541028),
(2, '常见问题', 'richeditor', 'page', 'questions', NULL, '', '', 'default', 'published', 0, NULL, 0, 0, 1, 0, 2, NULL, NULL, NULL, NULL, NULL, NULL, NULL, NULL, NULL, NULL, 1557541028, 1557541028);

-- --------------------------------------------------------

--
-- 表的结构 `course_chapter`
--

CREATE TABLE `course_chapter` (
  `id` int(10) UNSIGNED NOT NULL COMMENT '课程章节ID',
  `courseId` int(10) UNSIGNED NOT NULL COMMENT '章节所属课程ID',
  `type` varchar(255) NOT NULL DEFAULT 'chapter' COMMENT '章节类型：chapter为章节，unit为单元，lesson为课时。',
  `number` int(10) UNSIGNED NOT NULL DEFAULT '1' COMMENT '章节编号',
  `seq` int(10) UNSIGNED NOT NULL DEFAULT '1' COMMENT '章节序号',
  `title` varchar(255) NOT NULL COMMENT '章节名称',
  `createdTime` int(10) UNSIGNED NOT NULL COMMENT '章节创建时间',
  `updatedTime` int(10) UNSIGNED NOT NULL DEFAULT '0' COMMENT '修改时间',
  `copyId` int(10) NOT NULL DEFAULT '0' COMMENT '复制章节的id',
  `status` varchar(20) NOT NULL DEFAULT 'published' COMMENT '发布状态 create|published|unpublished',
  `isOptional` tinyint(1) NOT NULL DEFAULT '0' COMMENT '是否选修'
) ENGINE=InnoDB DEFAULT CHARSET=utf8;

--
-- 转存表中的数据 `course_chapter`
--

INSERT INTO `course_chapter` (`id`, `courseId`, `type`, `number`, `seq`, `title`, `createdTime`, `updatedTime`, `copyId`, `status`, `isOptional`) VALUES
(2, 2, 'lesson', 1, 1, '反对风俗反对过分四方', 1557632506, 1557632506, 1, 'published', 0),
(12, 4, 'lesson', 3, 5, '计算机网络2019期末考试', 1558422207, 1558781851, 3, 'published', 0),
(13, 4, 'lesson', 2, 3, 'hjfhkeilsf', 1558422207, 1558781851, 9, 'published', 0),
(14, 4, 'lesson', 4, 7, '飞鹅湖全家福', 1558247901, 1558781851, 10, 'unpublished', 0),
(15, 4, 'lesson', 1, 1, '父亲气氛', 1558422207, 1558781851, 11, 'published', 0),
(16, 5, 'lesson', 3, 5, '计算机网络2019期末考试', 1558438214, 1558781851, 3, 'published', 0),
(17, 5, 'lesson', 2, 3, 'hjfhkeilsf', 1558438214, 1558781851, 9, 'published', 0),
(18, 5, 'lesson', 4, 7, '飞鹅湖全家福', 1558247901, 1558781851, 10, 'unpublished', 0),
(19, 5, 'lesson', 1, 1, '父亲气氛', 1558438214, 1558781851, 11, 'published', 0),
(20, 6, 'lesson', 1, 1, '反对风俗反对过分四方', 1558438245, 1558438245, 1, 'published', 0),
(21, 9, 'lesson', 1, 1, '2019年春季大学英语期末考试', 1559391549, 1559466816, 0, 'published', 0),
(23, 9, 'lesson', 3, 5, '2019年春季大学英语期末考试', 1559394426, 1560099218, 0, 'published', 0),
(25, 9, 'lesson', 2, 3, '2019年药学考试', 1559462538, 1559468847, 0, 'published', 0),
(27, 9, 'lesson', 1, 1, '动画官方身份', 1560099275, 1560186360, 0, 'published', 0),
(29, 9, 'lesson', 1, 1, '我翻了翻累', 1560190245, 1560190250, 0, 'published', 0),
(30, 12, 'lesson', 1, 1, '附近减肥减肥', 1560213242, 1560213246, 0, 'published', 0),
(33, 12, 'lesson', 1, 1, 'ffyghkhkgkhkhk', 1560216000, 1560216004, 0, 'published', 0);

-- --------------------------------------------------------

--
-- 表的结构 `course_member`
--

CREATE TABLE `course_member` (
  `id` int(11) UNSIGNED NOT NULL COMMENT '课程学员记录ID',
  `courseId` int(10) UNSIGNED NOT NULL COMMENT '教学计划ID',
  `classroomId` int(10) NOT NULL DEFAULT '0' COMMENT '班级ID',
  `joinedType` enum('course','classroom') NOT NULL DEFAULT 'course' COMMENT '购买班级或者课程加入学习',
  `userId` int(10) UNSIGNED NOT NULL COMMENT '学员ID',
  `orderId` int(10) UNSIGNED NOT NULL DEFAULT '0' COMMENT '学员购买课程时的订单ID',
  `deadline` int(10) UNSIGNED NOT NULL DEFAULT '0' COMMENT '学习最后期限',
  `refundDeadline` int(10) NOT NULL DEFAULT '0' COMMENT '退款截止时间',
  `levelId` int(10) UNSIGNED NOT NULL DEFAULT '0' COMMENT '用户以会员的方式加入课程学员时的会员ID',
  `learnedNum` int(10) UNSIGNED NOT NULL DEFAULT '0' COMMENT '已学课时数',
  `learnedCompulsoryTaskNum` int(10) UNSIGNED NOT NULL DEFAULT '0' COMMENT '已学习的必修任务数量',
  `credit` int(10) UNSIGNED NOT NULL DEFAULT '0' COMMENT '学员已获得的学分',
  `noteNum` int(10) UNSIGNED NOT NULL DEFAULT '0' COMMENT '笔记数目',
  `noteLastUpdateTime` int(10) UNSIGNED NOT NULL DEFAULT '0' COMMENT '最新的笔记更新时间',
  `isLearned` tinyint(3) UNSIGNED NOT NULL DEFAULT '0' COMMENT '是否已学完',
  `finishedTime` int(10) UNSIGNED NOT NULL DEFAULT '0' COMMENT '完成课程时间',
  `seq` int(10) UNSIGNED NOT NULL DEFAULT '0' COMMENT '排序序号',
  `remark` varchar(255) NOT NULL DEFAULT '' COMMENT '备注',
  `isVisible` tinyint(2) NOT NULL DEFAULT '1' COMMENT '可见与否，默认为可见',
  `role` enum('student','teacher') NOT NULL DEFAULT 'student' COMMENT '课程会员角色',
  `locked` tinyint(3) UNSIGNED NOT NULL DEFAULT '0' COMMENT '学员是否被锁定',
  `deadlineNotified` int(10) NOT NULL DEFAULT '0' COMMENT '有效期通知',
  `createdTime` int(10) UNSIGNED NOT NULL COMMENT '学员加入课程时间',
  `lastLearnTime` int(10) DEFAULT NULL COMMENT '最后学习时间',
  `updatedTime` int(10) NOT NULL DEFAULT '0' COMMENT '最后更新时间',
  `lastViewTime` int(10) UNSIGNED NOT NULL DEFAULT '0' COMMENT '最后查看时间',
  `courseSetId` int(10) UNSIGNED NOT NULL COMMENT '课程ID'
) ENGINE=InnoDB DEFAULT CHARSET=utf8;

--
-- 转存表中的数据 `course_member`
--

INSERT INTO `course_member` (`id`, `courseId`, `classroomId`, `joinedType`, `userId`, `orderId`, `deadline`, `refundDeadline`, `levelId`, `learnedNum`, `learnedCompulsoryTaskNum`, `credit`, `noteNum`, `noteLastUpdateTime`, `isLearned`, `finishedTime`, `seq`, `remark`, `isVisible`, `role`, `locked`, `deadlineNotified`, `createdTime`, `lastLearnTime`, `updatedTime`, `lastViewTime`, `courseSetId`) VALUES
(3, 2, 0, 'course', 2, 0, 0, 0, 0, 0, 0, 0, 0, 0, 0, 0, 0, '', 1, 'teacher', 0, 0, 1557632506, NULL, 1557632506, 0, 2),
(4, 2, 1, 'classroom', 3, 0, 0, 0, 0, 0, 0, 0, 0, 0, 0, 0, 0, '管理员添加', 1, 'student', 0, 0, 1557632641, NULL, 1559965179, 1559965179, 2),
(7, 4, 0, 'course', 2, 0, 0, 0, 0, 0, 0, 0, 0, 0, 0, 0, 0, '', 1, 'teacher', 0, 0, 1558422207, NULL, 1558422207, 0, 4),
(8, 4, 1, 'classroom', 3, 0, 0, 0, 0, 0, 0, 0, 0, 0, 0, 0, 0, '', 1, 'student', 0, 0, 1558422207, NULL, 1559965494, 1559965494, 4),
(9, 5, 0, 'course', 2, 0, 0, 0, 0, 0, 0, 0, 0, 0, 0, 0, 0, '', 1, 'teacher', 0, 0, 1558438214, NULL, 1558438214, 0, 5),
(10, 6, 0, 'course', 2, 0, 0, 0, 0, 0, 0, 0, 0, 0, 0, 0, 0, '', 1, 'teacher', 0, 0, 1558438245, NULL, 1558438245, 0, 6),
(21, 9, 0, 'course', 3, 0, 0, 1560668993, 0, 0, 0, 0, 0, 1559804993, 0, 0, 0, '测试管理员添加', 1, 'student', 0, 0, 1559804993, NULL, 1560212326, 1560212326, 9),
(39, 9, 0, 'course', 2, 0, 0, 0, 0, 0, 0, 0, 0, 0, 0, 0, 0, '', 0, 'teacher', 0, 0, 1560070671, NULL, 1560070671, 0, 9),
(41, 10, 0, 'course', 4, 0, 0, 0, 0, 0, 0, 0, 0, 0, 0, 0, 0, '', 0, 'teacher', 0, 0, 1560159490, NULL, 1560159490, 0, 10),
(42, 11, 0, 'course', 2, 0, 0, 0, 0, 0, 0, 0, 0, 0, 0, 0, 0, '', 1, 'teacher', 0, 0, 1560168290, NULL, 1560168290, 0, 11),
(43, 12, 0, 'course', 2, 0, 0, 0, 0, 0, 0, 0, 0, 0, 0, 0, 0, '', 1, 'teacher', 0, 0, 1560213137, NULL, 1560213137, 0, 12),
(47, 12, 0, 'course', 3, 0, 0, 1561077675, 0, 0, 0, 0, 0, 0, 0, 0, 0, '', 1, 'student', 0, 0, 1560213675, NULL, 1560216011, 1560216011, 12),
(48, 13, 0, 'course', 2, 0, 0, 0, 0, 0, 0, 0, 0, 0, 0, 0, 0, '', 1, 'teacher', 0, 0, 1560214412, NULL, 1560214412, 0, 13);

-- --------------------------------------------------------

--
-- 表的结构 `course_set_v8`
--

CREATE TABLE `course_set_v8` (
  `id` int(11) UNSIGNED NOT NULL,
  `type` varchar(32) NOT NULL DEFAULT '',
  `title` varchar(1024) DEFAULT '',
  `subtitle` varchar(1024) DEFAULT '',
  `tags` text,
  `categoryId` int(10) NOT NULL DEFAULT '0',
  `serializeMode` varchar(32) NOT NULL DEFAULT 'none' COMMENT 'none, serilized, finished',
  `status` varchar(32) DEFAULT '0' COMMENT 'draft, published, closed',
  `summary` text,
  `goals` text,
  `audiences` text,
  `cover` varchar(1024) DEFAULT NULL,
  `ratingNum` int(10) UNSIGNED NOT NULL DEFAULT '0' COMMENT '课程评论数',
  `rating` float UNSIGNED NOT NULL DEFAULT '0' COMMENT '课程评分',
  `noteNum` int(10) UNSIGNED NOT NULL DEFAULT '0' COMMENT '课程笔记数',
  `studentNum` int(10) UNSIGNED NOT NULL DEFAULT '0' COMMENT '课程学员数',
  `hotSeq` int(10) UNSIGNED NOT NULL DEFAULT '0' COMMENT '最热排序',
  `recommended` tinyint(3) UNSIGNED NOT NULL DEFAULT '0' COMMENT '是否为推荐课程',
  `recommendedSeq` int(10) UNSIGNED NOT NULL DEFAULT '0' COMMENT '推荐序号',
  `recommendedTime` int(10) UNSIGNED NOT NULL DEFAULT '0' COMMENT '推荐时间',
  `orgId` int(10) UNSIGNED NOT NULL DEFAULT '1' COMMENT '组织机构ID',
  `orgCode` varchar(255) NOT NULL DEFAULT '1.' COMMENT '组织机构内部编码',
  `discountId` int(10) UNSIGNED NOT NULL DEFAULT '0' COMMENT '折扣活动ID',
  `discount` float(10,2) NOT NULL DEFAULT '10.00' COMMENT '折扣',
  `hitNum` int(10) UNSIGNED NOT NULL DEFAULT '0' COMMENT '课程点击数',
  `maxRate` tinyint(3) UNSIGNED NOT NULL DEFAULT '100' COMMENT '最大抵扣百分比',
  `materialNum` int(10) UNSIGNED NOT NULL DEFAULT '0' COMMENT '上传的资料数量',
  `parentId` int(10) UNSIGNED NOT NULL DEFAULT '0' COMMENT '是否班级课程',
  `locked` tinyint(1) UNSIGNED NOT NULL DEFAULT '0' COMMENT '是否锁住',
  `maxCoursePrice` float(10,2) NOT NULL DEFAULT '0.00' COMMENT '已发布教学计划的最高价格',
  `minCoursePrice` float(10,2) NOT NULL DEFAULT '0.00' COMMENT '已发布教学计划的最低价格',
  `teacherIds` varchar(1024) DEFAULT NULL,
  `creator` int(11) DEFAULT '0',
  `createdTime` int(11) UNSIGNED NOT NULL DEFAULT '0' COMMENT '创建时间',
  `updatedTime` int(11) UNSIGNED NOT NULL DEFAULT '0' COMMENT '更新时间',
  `defaultCourseId` int(11) UNSIGNED DEFAULT '0' COMMENT '默认的计划ID'
) ENGINE=InnoDB DEFAULT CHARSET=utf8;

--
-- 转存表中的数据 `course_set_v8`
--

INSERT INTO `course_set_v8` (`id`, `type`, `title`, `subtitle`, `tags`, `categoryId`, `serializeMode`, `status`, `summary`, `goals`, `audiences`, `cover`, `ratingNum`, `rating`, `noteNum`, `studentNum`, `hotSeq`, `recommended`, `recommendedSeq`, `recommendedTime`, `orgId`, `orgCode`, `discountId`, `discount`, `hitNum`, `maxRate`, `materialNum`, `parentId`, `locked`, `maxCoursePrice`, `minCoursePrice`, `teacherIds`, `creator`, `createdTime`, `updatedTime`, `defaultCourseId`) VALUES
(2, 'normal', '课程47847', '非官方的风俗的法大赛', '', 1, 'none', 'published', '<p>风俗地方岁的分公司副</p>\n', '', '', '{\"large\":\"public:\\/\\/course\\/2019\\/05-11\\/1115335a947d583339.jpg\",\"middle\":\"public:\\/\\/course\\/2019\\/05-11\\/1115335aa910228280.jpg\",\"small\":\"public:\\/\\/course\\/2019\\/05-11\\/1115335abe19237121.jpg\"}', 0, 0, 0, 0, 0, 0, 0, 0, 1, '1.', 0, 10.00, 0, 100, 0, 1, 1, 0.00, 0.00, NULL, 2, 1557632506, 1557632506, 2),
(4, 'normal', '计算机网络', 'ggrfs', '|1|', 1, 'none', 'published', '<p>fdgdfdgdf</p>\n', '', '', '', 0, 0, 0, 1, 0, 0, 0, 0, 1, '1.', 0, 10.00, 0, 100, 0, 3, 1, 0.00, 0.00, '', 2, 1558422207, 1558515253, 4),
(5, 'normal', '计算机网络', 'ggrfs', '|1|', 1, 'none', 'published', '<p>fdgdfdgdf</p>\n', '', '', '', 0, 0, 0, 0, 0, 0, 0, 0, 1, '1.', 0, 10.00, 0, 100, 0, 3, 1, 0.00, 0.00, '', 2, 1558438214, 1558515253, 5),
(6, 'normal', '课程47847', '非官方的风俗的法大赛', '', 1, 'none', 'published', '<p>风俗地方岁的分公司副</p>\n', '', '', '{\"large\":\"public:\\/\\/course\\/2019\\/05-11\\/1115335a947d583339.jpg\",\"middle\":\"public:\\/\\/course\\/2019\\/05-11\\/1115335aa910228280.jpg\",\"small\":\"public:\\/\\/course\\/2019\\/05-11\\/1115335abe19237121.jpg\"}', 0, 0, 0, 0, 0, 0, 0, 0, 1, '1.', 0, 10.00, 0, 100, 0, 1, 1, 0.00, 0.00, NULL, 2, 1558438245, 1558438245, 6),
(9, 'normal', '系统实现课程1', '', '', 0, 'none', 'published', NULL, '', '', '', 0, 0, 0, 1, 1, 0, 0, 0, 1, '1.', 0, 10.00, 0, 100, 0, 0, 0, 0.00, 0.00, '|2|', 2, 1559373342, 1560186356, 9),
(10, 'normal', '是打发时间', '', '', 0, 'none', 'draft', NULL, '', '', '', 0, 0, 0, 0, 0, 0, 0, 0, 1, '1.', 0, 10.00, 0, 100, 0, 0, 0, 0.00, 0.00, '|4|', 2, 1560100934, 1560159490, 10),
(11, 'normal', '反复各罚款就', '', '', 0, 'none', 'closed', NULL, '', '', '', 0, 0, 0, 0, 0, 0, 0, 0, 1, '1.', 0, 10.00, 0, 100, 0, 0, 0, 0.00, 0.00, '|2|', 2, 1560168290, 1560185676, 11),
(12, 'normal', 'fhsjfljfsf回复', '', '', 0, 'none', 'published', NULL, '', '', '', 0, 0, 0, 0, 0, 0, 0, 0, 1, '1.', 0, 10.00, 0, 100, 0, 0, 0, 0.00, 0.00, '|2|', 2, 1560213137, 1560213249, 12),
(13, 'normal', '我翻了翻累恢复速度进jfsjsj fssffjfjf237478927983479', '', '', 0, 'none', 'draft', NULL, '', '', '', 0, 0, 0, 0, 0, 0, 0, 0, 1, '1.', 0, 10.00, 0, 100, 0, 0, 0, 0.00, 0.00, '|2|', 2, 1560214412, 1560214412, 13);

-- --------------------------------------------------------

--
-- 表的结构 `course_task`
--

CREATE TABLE `course_task` (
  `id` int(10) UNSIGNED NOT NULL COMMENT '主键',
  `courseId` int(10) UNSIGNED NOT NULL DEFAULT '0' COMMENT '所属课程的id',
  `seq` int(10) UNSIGNED NOT NULL DEFAULT '1' COMMENT '序号',
  `categoryId` int(10) DEFAULT NULL,
  `activityId` int(10) UNSIGNED NOT NULL DEFAULT '0' COMMENT '引用的教学活动',
  `title` varchar(255) NOT NULL COMMENT '标题',
  `isFree` int(10) UNSIGNED NOT NULL DEFAULT '0' COMMENT '是否免费',
  `isOptional` int(10) UNSIGNED NOT NULL DEFAULT '0' COMMENT '是否必修',
  `startTime` int(10) UNSIGNED NOT NULL DEFAULT '0' COMMENT '开始时间',
  `endTime` int(10) UNSIGNED NOT NULL DEFAULT '0' COMMENT '结束时间',
  `mode` varchar(60) DEFAULT NULL COMMENT '任务模式',
  `status` varchar(255) NOT NULL DEFAULT 'create' COMMENT '发布状态 create|publish|unpublish',
  `number` varchar(32) NOT NULL DEFAULT '' COMMENT '任务编号',
  `type` varchar(50) NOT NULL COMMENT '任务类型',
  `mediaSource` varchar(32) NOT NULL DEFAULT '' COMMENT '媒体文件来源(self:本站上传,youku:优酷)',
  `maxOnlineNum` int(11) UNSIGNED DEFAULT '0' COMMENT '任务最大可同时进行的人数，0为不限制',
  `fromCourseSetId` int(10) UNSIGNED NOT NULL DEFAULT '0',
  `length` int(10) UNSIGNED NOT NULL DEFAULT '0' COMMENT '若是视频类型，则表示时长；若是ppt，则表示页数；由具体的活动业务来定义',
  `copyId` int(10) NOT NULL DEFAULT '0' COMMENT '复制来源task的id',
  `createdUserId` int(10) UNSIGNED NOT NULL COMMENT '创建者',
  `createdTime` int(10) UNSIGNED NOT NULL DEFAULT '0' COMMENT '创建时间',
  `updatedTime` int(10) UNSIGNED NOT NULL DEFAULT '0' COMMENT '最后更新时间'
) ENGINE=InnoDB DEFAULT CHARSET=utf8;

--
-- 转存表中的数据 `course_task`
--

INSERT INTO `course_task` (`id`, `courseId`, `seq`, `categoryId`, `activityId`, `title`, `isFree`, `isOptional`, `startTime`, `endTime`, `mode`, `status`, `number`, `type`, `mediaSource`, `maxOnlineNum`, `fromCourseSetId`, `length`, `copyId`, `createdUserId`, `createdTime`, `updatedTime`) VALUES
(2, 2, 2, 2, 2, '反对风俗反对过分四方', 0, 0, 0, 0, 'lesson', 'published', '1', 'testpaper', '', 0, 2, 0, 1, 2, 1557632506, 1557632506),
(10, 4, 2, 15, 13, '父亲气氛', 0, 0, 0, 0, 'lesson', 'published', '1', 'testpaper', '', 0, 4, 1, 9, 2, 1558422207, 1558781851),
(11, 4, 6, 12, 10, '计算机网络2019期末考试', 0, 0, 0, 0, 'lesson', 'published', '3', 'testpaper', '', 0, 4, 30, 3, 2, 1558422207, 1558781851),
(12, 4, 4, 13, 11, 'hjfhkeilsf', 0, 0, 0, 0, 'lesson', 'published', '2', 'testpaper', '', 0, 4, 1, 7, 2, 1558422207, 1558781851),
(13, 4, 8, 14, 12, '飞鹅湖全家福', 0, 0, 0, 0, 'lesson', 'unpublished', '4', 'testpaper', '', 0, 4, 0, 8, 2, 1558422207, 1558781851),
(14, 5, 2, 19, 17, '父亲气氛', 0, 0, 0, 0, 'lesson', 'published', '1', 'testpaper', '', 0, 5, 1, 9, 2, 1558438214, 1558781851),
(15, 5, 6, 16, 14, '计算机网络2019期末考试', 0, 0, 0, 0, 'lesson', 'published', '3', 'testpaper', '', 0, 5, 30, 3, 2, 1558438214, 1558781851),
(16, 5, 4, 17, 15, 'hjfhkeilsf', 0, 0, 0, 0, 'lesson', 'published', '2', 'testpaper', '', 0, 5, 1, 7, 2, 1558438214, 1558781851),
(17, 5, 8, 18, 16, '飞鹅湖全家福', 0, 0, 0, 0, 'lesson', 'unpublished', '4', 'testpaper', '', 0, 5, 0, 8, 2, 1558438214, 1558781851),
(18, 6, 2, 20, 18, '反对风俗反对过分四方', 0, 0, 0, 0, 'lesson', 'published', '1', 'testpaper', '', 0, 6, 0, 1, 2, 1558438245, 1558438245),
(19, 9, 2, 21, 19, '2019年春季大学英语期末考试', 0, 0, 0, 0, 'lesson', 'published', '1', 'testpaper', '', 0, 9, 5, 0, 2, 1559391549, 1559466816),
(21, 9, 6, 23, 21, '2019年春季大学英语期末考试', 0, 0, 0, 0, 'lesson', 'published', '3', 'testpaper', '', 0, 9, 11, 0, 2, 1559394426, 1560099218),
(22, 9, 8, 24, 22, '2019年春季大学英语期末考试', 0, 0, 0, 0, 'lesson', 'unpublished', '4', 'testpaper', '', 0, 9, 7, 0, 2, 1559394440, 1560098900),
(23, 9, 4, 25, 23, '2019年药学考试', 0, 0, 0, 0, 'lesson', 'published', '2', 'testpaper', '', 0, 9, 0, 0, 2, 1559462538, 1559468847),
(24, 9, 1, 26, 24, '房价进入疯狂死了技术积分', 0, 0, 0, 0, 'lesson', 'unpublished', '', 'testpaper', '', 0, 9, 0, 0, 2, 1559808991, 1560088870),
(25, 9, 1, 27, 25, '动画官方身份', 0, 0, 0, 0, 'lesson', 'published', '', 'testpaper', '', 0, 9, 0, 0, 2, 1560099275, 1560186360),
(27, 9, 1, 29, 27, '我翻了翻累', 0, 0, 0, 0, 'lesson', 'published', '', 'testpaper', '', 0, 9, 0, 0, 2, 1560190245, 1560190250),
(28, 12, 1, 30, 28, '附近减肥减肥', 0, 0, 0, 0, 'lesson', 'published', '', 'testpaper', '', 0, 12, 0, 0, 2, 1560213242, 1560213246),
(31, 12, 1, 33, 31, 'ffyghkhkgkhkhk', 0, 0, 0, 0, 'lesson', 'published', '', 'testpaper', '', 0, 12, 0, 0, 2, 1560216000, 1560216004);

-- --------------------------------------------------------

--
-- 表的结构 `course_task_result`
--

CREATE TABLE `course_task_result` (
  `id` int(10) UNSIGNED NOT NULL COMMENT '主键',
  `activityId` int(10) UNSIGNED NOT NULL DEFAULT '0' COMMENT '活动的id',
  `courseId` int(10) UNSIGNED NOT NULL DEFAULT '0' COMMENT '所属课程的id',
  `courseTaskId` int(10) UNSIGNED NOT NULL DEFAULT '0' COMMENT '课程的任务id',
  `userId` int(10) UNSIGNED NOT NULL DEFAULT '0' COMMENT '用户id',
  `status` varchar(255) NOT NULL DEFAULT 'start' COMMENT '任务状态，start，finish',
  `finishedTime` int(10) UNSIGNED NOT NULL DEFAULT '0' COMMENT '完成时间',
  `time` int(10) UNSIGNED NOT NULL DEFAULT '0' COMMENT '任务进行时长（分钟）',
  `watchTime` int(10) UNSIGNED NOT NULL DEFAULT '0',
  `createdTime` int(10) UNSIGNED NOT NULL DEFAULT '0' COMMENT '创建时间',
  `updatedTime` int(10) UNSIGNED NOT NULL DEFAULT '0' COMMENT '最后更新时间',
  `scratchProjectId` int(10) NOT NULL DEFAULT '0' COMMENT 'scratchProjectId'
) ENGINE=InnoDB DEFAULT CHARSET=utf8;

--
-- 转存表中的数据 `course_task_result`
--

INSERT INTO `course_task_result` (`id`, `activityId`, `courseId`, `courseTaskId`, `userId`, `status`, `finishedTime`, `time`, `watchTime`, `createdTime`, `updatedTime`, `scratchProjectId`) VALUES
(7, 2, 2, 2, 3, 'start', 0, 0, 0, 1558335921, 1558335921, 0),
(10, 11, 4, 12, 3, 'start', 0, 0, 0, 1558784464, 1558784464, 0),
(11, 13, 4, 10, 3, 'start', 0, 0, 0, 1558857278, 1558857278, 0),
(12, 10, 4, 11, 3, 'start', 0, 0, 0, 1558953449, 1558953449, 0),
(13, 19, 9, 19, 3, 'start', 0, 0, 0, 1559448036, 1559448036, 0),
(14, 21, 9, 21, 3, 'start', 0, 0, 0, 1559448397, 1559448397, 0),
(15, 22, 9, 22, 3, 'start', 0, 0, 0, 1559460683, 1559460683, 0),
(16, 12, 4, 13, 3, 'start', 0, 0, 0, 1559461727, 1559461727, 0),
(17, 23, 9, 23, 3, 'start', 0, 0, 0, 1559462555, 1559462555, 0),
(18, 24, 9, 24, 3, 'start', 0, 0, 0, 1559809054, 1559809054, 0);

-- --------------------------------------------------------

--
-- 表的结构 `course_v8`
--

CREATE TABLE `course_v8` (
  `id` int(11) UNSIGNED NOT NULL,
  `courseSetId` int(11) NOT NULL,
  `title` varchar(1024) DEFAULT NULL,
  `subtitle` varchar(120) DEFAULT '' COMMENT '计划副标题',
  `courseSetTitle` varchar(128) NOT NULL DEFAULT '' COMMENT '所属课程名称',
  `learnMode` varchar(32) DEFAULT NULL COMMENT 'lockMode, freeMode',
  `expiryMode` varchar(32) DEFAULT NULL COMMENT 'days, date',
  `expiryDays` int(11) DEFAULT NULL,
  `expiryStartDate` int(11) DEFAULT NULL,
  `expiryEndDate` int(11) DEFAULT NULL,
  `summary` text,
  `goals` text,
  `audiences` text,
  `isDefault` tinyint(1) DEFAULT '0',
  `maxStudentNum` int(11) DEFAULT '0',
  `status` varchar(32) DEFAULT NULL COMMENT 'draft, published, closed',
  `seq` int(10) NOT NULL DEFAULT '0' COMMENT '排序序号',
  `isFree` tinyint(1) DEFAULT '0',
  `price` float(10,2) DEFAULT '0.00',
  `vipLevelId` int(11) DEFAULT '0',
  `buyable` tinyint(1) DEFAULT '1',
  `tryLookable` tinyint(1) DEFAULT '0',
  `tryLookLength` int(11) DEFAULT '0',
  `watchLimit` int(11) DEFAULT '0',
  `services` text,
  `taskNum` int(10) DEFAULT '0' COMMENT '任务数',
  `studentNum` int(10) DEFAULT '0' COMMENT '学员数',
  `teacherIds` varchar(1024) DEFAULT '0' COMMENT '可见教师ID列表',
  `parentId` int(10) UNSIGNED NOT NULL DEFAULT '0' COMMENT '课程的父Id',
  `ratingNum` int(10) UNSIGNED NOT NULL DEFAULT '0' COMMENT '课程计划评论数',
  `rating` float UNSIGNED NOT NULL DEFAULT '0' COMMENT '课程计划评分',
  `noteNum` int(10) UNSIGNED NOT NULL DEFAULT '0',
  `threadNum` int(10) DEFAULT '0' COMMENT '话题数',
  `type` varchar(32) NOT NULL DEFAULT 'normal' COMMENT '教学计划类型',
  `approval` tinyint(1) UNSIGNED NOT NULL DEFAULT '0' COMMENT '是否需要实名才能购买',
  `income` float(10,2) UNSIGNED NOT NULL DEFAULT '0.00' COMMENT '总收入',
  `originPrice` float(10,2) NOT NULL DEFAULT '0.00' COMMENT '课程人民币原价',
  `coinPrice` float(10,2) NOT NULL DEFAULT '0.00',
  `originCoinPrice` float(10,2) NOT NULL DEFAULT '0.00' COMMENT '课程虚拟币原价',
  `showStudentNumType` enum('opened','closed') NOT NULL DEFAULT 'opened' COMMENT '学员数显示模式',
  `serializeMode` varchar(32) NOT NULL DEFAULT 'none' COMMENT '连载模式',
  `giveCredit` int(10) UNSIGNED NOT NULL DEFAULT '0' COMMENT '学完课程所有课时，可获得的总学分',
  `about` text COMMENT '简介',
  `locationId` int(10) UNSIGNED NOT NULL DEFAULT '0' COMMENT '上课地区ID',
  `address` varchar(255) NOT NULL DEFAULT '' COMMENT '上课地区地址',
  `deadlineNotify` enum('active','none') NOT NULL DEFAULT 'none' COMMENT '开启有效期通知',
  `daysOfNotifyBeforeDeadline` int(10) NOT NULL DEFAULT '0',
  `useInClassroom` enum('single','more') NOT NULL DEFAULT 'single' COMMENT '课程能否用于多个班级',
  `singleBuy` int(10) UNSIGNED NOT NULL DEFAULT '1' COMMENT '加入班级后课程能否单独购买',
  `freeStartTime` int(10) NOT NULL DEFAULT '0',
  `freeEndTime` int(10) NOT NULL DEFAULT '0',
  `locked` int(10) NOT NULL DEFAULT '0' COMMENT '是否上锁1上锁,0解锁',
  `cover` varchar(1024) DEFAULT NULL,
  `buyExpiryTime` int(10) UNSIGNED NOT NULL DEFAULT '0' COMMENT '购买开放有效期',
  `enableFinish` int(1) NOT NULL DEFAULT '1' COMMENT '是否允许学院强制完成任务',
  `maxRate` tinyint(3) DEFAULT '0' COMMENT '最大抵扣百分比',
  `materialNum` int(10) UNSIGNED NOT NULL DEFAULT '0' COMMENT '上传的资料数量',
  `compulsoryTaskNum` int(10) DEFAULT '0' COMMENT '必修任务数',
  `lessonNum` int(10) NOT NULL DEFAULT '0' COMMENT '课时总数',
  `publishLessonNum` int(10) NOT NULL DEFAULT '0' COMMENT '课时发布数量',
  `createdTime` int(10) UNSIGNED NOT NULL COMMENT '课程创建时间',
  `updatedTime` int(10) UNSIGNED NOT NULL DEFAULT '0' COMMENT '最后更新时间',
  `creator` int(11) DEFAULT NULL,
  `recommended` tinyint(3) UNSIGNED NOT NULL DEFAULT '0' COMMENT '是否为推荐课程',
  `recommendedSeq` int(10) UNSIGNED NOT NULL DEFAULT '0' COMMENT '推荐序号',
  `recommendedTime` int(10) UNSIGNED NOT NULL DEFAULT '0' COMMENT '推荐时间',
  `categoryId` int(10) UNSIGNED NOT NULL DEFAULT '0' COMMENT '分类',
  `showServices` tinyint(1) NOT NULL DEFAULT '0' COMMENT '是否在营销页展示服务承诺',
  `hitNum` int(10) NOT NULL DEFAULT '0' COMMENT '点击量',
  `courseType` varchar(32) DEFAULT 'default' COMMENT 'default, normal, times,...',
  `enableAudio` int(1) NOT NULL DEFAULT '0',
  `isShowUnpublish` tinyint(1) UNSIGNED NOT NULL DEFAULT '1' COMMENT '学员端是否展示未发布课时',
  `rewardPoint` int(10) NOT NULL DEFAULT '0' COMMENT '课程积分',
  `taskRewardPoint` int(10) NOT NULL DEFAULT '0' COMMENT '任务积分'
) ENGINE=InnoDB DEFAULT CHARSET=utf8;

--
-- 转存表中的数据 `course_v8`
--

INSERT INTO `course_v8` (`id`, `courseSetId`, `title`, `subtitle`, `courseSetTitle`, `learnMode`, `expiryMode`, `expiryDays`, `expiryStartDate`, `expiryEndDate`, `summary`, `goals`, `audiences`, `isDefault`, `maxStudentNum`, `status`, `seq`, `isFree`, `price`, `vipLevelId`, `buyable`, `tryLookable`, `tryLookLength`, `watchLimit`, `services`, `taskNum`, `studentNum`, `teacherIds`, `parentId`, `ratingNum`, `rating`, `noteNum`, `threadNum`, `type`, `approval`, `income`, `originPrice`, `coinPrice`, `originCoinPrice`, `showStudentNumType`, `serializeMode`, `giveCredit`, `about`, `locationId`, `address`, `deadlineNotify`, `daysOfNotifyBeforeDeadline`, `useInClassroom`, `singleBuy`, `freeStartTime`, `freeEndTime`, `locked`, `cover`, `buyExpiryTime`, `enableFinish`, `maxRate`, `materialNum`, `compulsoryTaskNum`, `lessonNum`, `publishLessonNum`, `createdTime`, `updatedTime`, `creator`, `recommended`, `recommendedSeq`, `recommendedTime`, `categoryId`, `showServices`, `hitNum`, `courseType`, `enableAudio`, `isShowUnpublish`, `rewardPoint`, `taskRewardPoint`) VALUES
(9, 9, '', '', '系统实现课程1', 'freeMode', 'forever', 0, 0, 0, NULL, '', '', 1, 0, 'published', 0, 1, 0.00, 0, 1, 0, 0, 0, '', 7, 1, '|2|', 0, 0, 0, 0, 0, 'normal', 0, 0.00, 0.00, 0.00, 0.00, 'opened', 'none', 0, NULL, 0, '', 'none', 0, 'single', 1, 0, 0, 0, NULL, 0, 1, 100, 0, 7, 5, 5, 1559373342, 1560190250, 2, 0, 0, 0, 0, 0, 0, 'default', 0, 1, 0, 0),
(10, 10, '', '', '是打发时间', 'freeMode', 'forever', 0, 0, 0, NULL, '', '', 1, 0, 'draft', 0, 1, 0.00, 0, 1, 0, 0, 0, '', 0, 0, '|4|', 0, 0, 0, 0, 0, 'normal', 0, 0.00, 0.00, 0.00, 0.00, 'opened', 'none', 0, NULL, 0, '', 'none', 0, 'single', 1, 0, 0, 0, NULL, 0, 1, 100, 0, 0, 0, 0, 1560100934, 1560159490, 2, 0, 0, 0, 0, 0, 0, 'default', 0, 1, 0, 0),
(11, 11, '', '', '反复各罚款就', 'freeMode', 'forever', 0, 0, 0, NULL, '', '', 1, 0, 'published', 0, 1, 0.00, 0, 1, 0, 0, 0, '', 0, 0, '|2|', 0, 0, 0, 0, 0, 'normal', 0, 0.00, 0.00, 0.00, 0.00, 'opened', 'none', 0, NULL, 0, '', 'none', 0, 'single', 1, 0, 0, 0, NULL, 0, 1, 100, 0, 0, 0, 0, 1560168290, 1560168641, 2, 0, 0, 0, 0, 0, 0, 'default', 0, 1, 0, 0),
(12, 12, '', '', 'fhsjfljfsf回复', 'freeMode', 'forever', 0, 0, 0, NULL, '', '', 1, 0, 'published', 0, 1, 0.00, 0, 1, 0, 0, 0, '', 2, 0, '|2|', 0, 0, 0, 0, 0, 'normal', 0, 0.00, 0.00, 0.00, 0.00, 'opened', 'none', 0, NULL, 0, '', 'none', 0, 'single', 1, 0, 0, 0, NULL, 0, 1, 100, 0, 2, 2, 2, 1560213137, 1560216004, 2, 0, 0, 0, 0, 0, 0, 'default', 0, 1, 0, 0),
(13, 13, '', '', '我翻了翻累恢复速度进jfsjsj fssffjfjf237478927983479', 'freeMode', 'forever', 0, 0, 0, NULL, '', '', 1, 0, 'draft', 0, 1, 0.00, 0, 1, 0, 0, 0, '', 0, 0, '|2|', 0, 0, 0, 0, 0, 'normal', 0, 0.00, 0.00, 0.00, 0.00, 'opened', 'none', 0, NULL, 0, '', 'none', 0, 'single', 1, 0, 0, 0, NULL, 0, 1, 100, 0, 0, 0, 0, 1560214412, 1560214412, 2, 0, 0, 0, 0, 0, 0, 'default', 0, 1, 0, 0);

-- --------------------------------------------------------

--
-- 表的结构 `file`
--

CREATE TABLE `file` (
  `id` int(10) UNSIGNED NOT NULL COMMENT '上传文件ID',
  `groupId` int(10) UNSIGNED NOT NULL DEFAULT '0' COMMENT '上传文件组ID',
  `userId` int(10) UNSIGNED NOT NULL DEFAULT '0' COMMENT '上传人ID',
  `uri` varchar(255) NOT NULL COMMENT '文件URI',
  `mime` varchar(255) NOT NULL COMMENT '文件MIME',
  `size` int(10) UNSIGNED NOT NULL DEFAULT '0' COMMENT '文件大小',
  `status` tinyint(3) UNSIGNED NOT NULL DEFAULT '0' COMMENT '文件状态',
  `createdTime` int(10) UNSIGNED NOT NULL DEFAULT '0' COMMENT '文件上传时间',
  `uploadFileId` int(10) DEFAULT NULL
) ENGINE=InnoDB DEFAULT CHARSET=utf8;

--
-- 转存表中的数据 `file`
--

INSERT INTO `file` (`id`, `groupId`, `userId`, `uri`, `mime`, `size`, `status`, `createdTime`, `uploadFileId`) VALUES
(2, 1, 2, 'public://default/2019/05-11/111319f5227f147919.jpg', '', 4988, 0, 1557544399, NULL),
(3, 1, 2, 'public://default/2019/05-11/111319f537cc743032.jpg', '', 2999, 0, 1557544399, NULL),
(4, 1, 2, 'public://default/2019/05-11/111319f545e5164743.jpg', '', 1353, 0, 1557544399, NULL),
(6, 3, 2, 'public://course/2019/05-11/1115335a947d583339.jpg', '', 7101, 0, 1557544533, NULL),
(7, 3, 2, 'public://course/2019/05-11/1115335aa910228280.jpg', '', 4247, 0, 1557544533, NULL),
(8, 3, 2, 'public://course/2019/05-11/1115335abe19237121.jpg', '', 1404, 0, 1557544533, NULL),
(9, 3, 2, 'public://course/2019/05-25/16012337765c250060.jpg', '', 12200, 0, 1558771283, NULL),
(10, 3, 2, 'public://course/2019/06-09/21263288caa8954936.png', '', 439425, 0, 1560086792, NULL);

-- --------------------------------------------------------

--
-- 表的结构 `file_group`
--

CREATE TABLE `file_group` (
  `id` int(11) NOT NULL COMMENT '上传文件组ID',
  `name` varchar(255) NOT NULL COMMENT '上传文件组名称',
  `code` varchar(255) NOT NULL COMMENT '上传文件组编码',
  `public` tinyint(4) NOT NULL DEFAULT '1' COMMENT '文件组文件是否公开'
) ENGINE=InnoDB DEFAULT CHARSET=utf8;

--
-- 转存表中的数据 `file_group`
--

INSERT INTO `file_group` (`id`, `name`, `code`, `public`) VALUES
(1, '默认文件组', 'default', 1),
(2, '缩略图', 'thumb', 1),
(3, '课程', 'course', 1),
(4, '用户', 'user', 1),
(5, '课程私有文件', 'course_private', 0),
(6, '资讯', 'article', 1),
(7, '临时目录', 'tmp', 1),
(8, '全局设置文件', 'system', 1),
(9, '小组', 'group', 1),
(10, '编辑区', 'block', 1),
(11, '班级', 'classroom', 1),
(12, 'Scratch 素材文件', 'scratch_material', 1);

-- --------------------------------------------------------

--
-- 表的结构 `log_v8`
--

CREATE TABLE `log_v8` (
  `id` int(10) UNSIGNED NOT NULL COMMENT '系统日志ID',
  `userId` int(10) UNSIGNED NOT NULL DEFAULT '0' COMMENT '操作人ID',
  `module` varchar(32) NOT NULL COMMENT '日志所属模块',
  `action` varchar(50) NOT NULL COMMENT '日志所属操作类型',
  `message` text NOT NULL COMMENT '日志内容',
  `data` text COMMENT '日志数据',
  `ip` varchar(255) NOT NULL COMMENT '日志记录IP',
  `browser` varchar(120) DEFAULT '' COMMENT '操作人浏览器信息',
  `operatingSystem` varchar(120) DEFAULT '' COMMENT '操作人操作系统',
  `device` varchar(120) DEFAULT '' COMMENT '操作人移动端或者计算机 移动端mobile 计算机computer',
  `userAgent` text COMMENT '操作人HTTP_USER_AGENT',
  `createdTime` int(10) UNSIGNED NOT NULL COMMENT '日志发生时间',
  `level` char(10) NOT NULL COMMENT '日志等级'
) ENGINE=InnoDB DEFAULT CHARSET=utf8;

--
-- 转存表中的数据 `log_v8`
--

INSERT INTO `log_v8` (`id`, `userId`, `module`, `action`, `message`, `data`, `ip`, `browser`, `operatingSystem`, `device`, `userAgent`, `createdTime`, `level`) VALUES
(1, 2, 'user', 'change_role', '修改用户组', '{\"roles\":{\"old\":[\"ROLE_USER\"],\"new\":[\"ROLE_USER\",\"ROLE_TEACHER\",\"ROLE_SUPER_ADMIN\"]},\"id\":\"2\",\"showTitle\":\"\\u6d4b\\u8bd5\\u7ba1\\u7406\\u5458\"}', '127.0.0.1', '未知浏览器', '未知操作系统', 'computer', '', 1557541028, 'info'),
(2, 2, 'tag', 'create', '新增', '{\"id\":\"1\",\"name\":\"\\u9ed8\\u8ba4\\u6807\\u7b7e\",\"orgId\":\"1\",\"orgCode\":\"1.\",\"createdTime\":\"1557541028\"}', '127.0.0.1', '未知浏览器', '未知操作系统', 'computer', '', 1557541028, 'info'),
(3, 2, 'category', 'create', '新增', '{\"id\":\"1\",\"code\":\"default\",\"name\":\"\\u9ed8\\u8ba4\\u5206\\u7c7b\",\"icon\":\"\",\"path\":\"\",\"weight\":\"0\",\"groupId\":\"2\",\"parentId\":\"0\",\"orgId\":\"1\",\"orgCode\":\"1.\",\"description\":null}', '127.0.0.1', '未知浏览器', '未知操作系统', 'computer', '', 1557541028, 'info'),
(4, 2, 'category', 'create', '新增', '{\"id\":\"2\",\"code\":\"classroomdefault\",\"name\":\"\\u9ed8\\u8ba4\\u5206\\u7c7b\",\"icon\":\"\",\"path\":\"\",\"weight\":\"0\",\"groupId\":\"3\",\"parentId\":\"0\",\"orgId\":\"1\",\"orgCode\":\"1.\",\"description\":null}', '127.0.0.1', '未知浏览器', '未知操作系统', 'computer', '', 1557541028, 'info'),
(5, 2, 'content', 'create', '新增', '{\"id\":\"1\",\"title\":\"\\u5173\\u4e8e\\u6211\\u4eec\",\"editor\":\"richeditor\",\"type\":\"page\",\"alias\":\"aboutus\",\"summary\":null,\"body\":\"\",\"picture\":\"\",\"template\":\"default\",\"status\":\"published\",\"categoryId\":\"0\",\"tagIds\":null,\"hits\":\"0\",\"featured\":\"0\",\"promoted\":\"1\",\"sticky\":\"0\",\"userId\":\"2\",\"field1\":null,\"field2\":null,\"field3\":null,\"field4\":null,\"field5\":null,\"field6\":null,\"field7\":null,\"field8\":null,\"field9\":null,\"field10\":null,\"publishedTime\":\"1557541028\",\"createdTime\":\"1557541028\"}', '127.0.0.1', '未知浏览器', '未知操作系统', 'computer', '', 1557541028, 'info'),
(6, 2, 'content', 'create', '新增', '{\"id\":\"2\",\"title\":\"\\u5e38\\u89c1\\u95ee\\u9898\",\"editor\":\"richeditor\",\"type\":\"page\",\"alias\":\"questions\",\"summary\":null,\"body\":\"\",\"picture\":\"\",\"template\":\"default\",\"status\":\"published\",\"categoryId\":\"0\",\"tagIds\":null,\"hits\":\"0\",\"featured\":\"0\",\"promoted\":\"1\",\"sticky\":\"0\",\"userId\":\"2\",\"field1\":null,\"field2\":null,\"field3\":null,\"field4\":null,\"field5\":null,\"field6\":null,\"field7\":null,\"field8\":null,\"field9\":null,\"field10\":null,\"publishedTime\":\"1557541028\",\"createdTime\":\"1557541028\"}', '127.0.0.1', '未知浏览器', '未知操作系统', 'computer', '', 1557541028, 'info'),
(7, 2, 'info', 'navigation_create', '创建导航师资力量', '', '127.0.0.1', '未知浏览器', '未知操作系统', 'computer', '', 1557541028, 'info'),
(8, 2, 'info', 'navigation_create', '创建导航常见问题', '', '127.0.0.1', '未知浏览器', '未知操作系统', 'computer', '', 1557541028, 'info'),
(9, 2, 'info', 'navigation_create', '创建导航关于我们', '', '127.0.0.1', '未知浏览器', '未知操作系统', 'computer', '', 1557541028, 'info'),
(10, 2, 'blockTemplate', 'update_block_template', '更新编辑区模板#2', '', '127.0.0.1', '未知浏览器', '未知操作系统', 'computer', '', 1557541028, 'info'),
(11, 2, 'blockTemplate', 'update_block_template', '更新编辑区模板#3', '', '127.0.0.1', '未知浏览器', '未知操作系统', 'computer', '', 1557541028, 'info'),
(12, 2, 'blockTemplate', 'update_block_template', '更新编辑区模板#4', '', '127.0.0.1', '未知浏览器', '未知操作系统', 'computer', '', 1557541028, 'info'),
(13, 2, 'blockTemplate', 'update_block_template', '更新编辑区模板#5', '', '127.0.0.1', '未知浏览器', '未知操作系统', 'computer', '', 1557541028, 'info'),
(14, 2, 'blockTemplate', 'update_block_template', '更新编辑区模板#6', '', '127.0.0.1', '未知浏览器', '未知操作系统', 'computer', '', 1557541028, 'info'),
(15, 2, 'blockTemplate', 'update_block_template', '更新编辑区模板#7', '', '127.0.0.1', '未知浏览器', '未知操作系统', 'computer', '', 1557541028, 'info'),
(16, 2, 'blockTemplate', 'update_block_template', '更新编辑区模板#8', '', '127.0.0.1', '未知浏览器', '未知操作系统', 'computer', '', 1557541028, 'info'),
(17, 2, 'system', 'update_settings.theme', '更新主题设置', '{\"uri\":{\"old\":\"\",\"new\":\"jianmo\"},\"id\":\"\",\"showTitle\":\"\"}', '127.0.0.1', '未知浏览器', '未知操作系统', 'computer', '', 1557541028, 'info'),
(18, 2, 'system', 'update_settings.coin', '更新虚拟币设置', '{\"cash_model\":{\"old\":\"\",\"new\":\"none\"},\"cash_rate\":{\"old\":\"\",\"new\":1},\"id\":\"\",\"showTitle\":\"\"}', '127.0.0.1', '未知浏览器', '未知操作系统', 'computer', '', 1557541028, 'info'),
(19, 2, 'role', 'init_create_role', '初始化四个角色\"学员\"', '{\"name\":\"\\u5b66\\u5458\",\"code\":\"ROLE_USER\",\"data\":[],\"createdTime\":1557541028,\"createdUserId\":\"2\"}', '127.0.0.1', '未知浏览器', '未知操作系统', 'computer', '', 1557541028, 'info'),
(20, 2, 'role', 'init_create_role', '初始化四个角色\"教师\"', '{\"name\":\"\\u6559\\u5e08\",\"code\":\"ROLE_TEACHER\",\"data\":[\"web\",\"course_manage\",\"course_manage_info\",\"course_manage_base\",\"course_manage_detail\",\"course_manage_picture\",\"course_manage_lesson\",\"live_course_manage_replay\",\"course_manage_files\",\"course_manage_setting\",\"course_manage_price\",\"course_manage_teachers\",\"course_manage_students\",\"course_manage_student_create\",\"course_manage_questions\",\"course_manage_question\",\"course_manage_testpaper\",\"course_manange_operate\",\"course_manage_data\",\"course_manage_order\",\"classroom_manage\",\"classroom_manage_settings\",\"classroom_manage_set_info\",\"classroom_manage_set_price\",\"classroom_manage_set_picture\",\"classroom_manage_service\",\"classroom_manage_headteacher\",\"classroom_manage_teachers\",\"classroom_manage_assistants\",\"classroom_manage_content\",\"classroom_manage_courses\",\"classroom_manage_students\",\"classroom_manage_testpaper\"],\"createdTime\":1557541028,\"createdUserId\":\"2\"}', '127.0.0.1', '未知浏览器', '未知操作系统', 'computer', '', 1557541028, 'info'),
(21, 2, 'role', 'init_create_role', '初始化四个角色\"管理员\"', '{\"name\":\"\\u7ba1\\u7406\\u5458\",\"code\":\"ROLE_ADMIN\",\"data\":[\"admin\",\"admin_user\",\"admin_user_show\",\"admin_user_manage\",\"admin_user_create\",\"admin_user_edit\",\"admin_user_roles\",\"admin_user_send_passwordreset_email\",\"admin_user_send_emailverify_email\",\"admin_user_lock\",\"admin_user_unlock\",\"admin_user_org_update\",\"admin_online\",\"admin_login_record\",\"admin_user_learn_statistics_manage\",\"admin_user_learn_statistics\",\"admin_teacher\",\"admin_teacher_manage\",\"admin_teacher_promote\",\"admin_teacher_promote_cancel\",\"admin_teacher_promote_list\",\"admin_approval_manage\",\"admin_approval_approvals\",\"admin_approval_cancel\",\"admin_message_manage\",\"admin_message\",\"admin_course\",\"admin_course_show\",\"admin_course_manage\",\"admin_course_content_manage\",\"admin_course_add\",\"admin_course_set_recommend\",\"admin_course_set_cancel_recommend\",\"admin_course_guest_member_preview\",\"admin_course_set_close\",\"admin_course_sms_prepare\",\"admin_course_set_clone\",\"admin_course_set_publish\",\"admin_course_set_delete\",\"admin_course_set_recommend_list\",\"admin_course_set_data\",\"admin_classroom\",\"admin_classroom_manage\",\"admin_classroom_content_manage\",\"admin_classroom_create\",\"admin_classroom_cancel_recommend\",\"admin_classroom_set_recommend\",\"admin_classroom_close\",\"admin_sms_prepare\",\"admin_classroom_open\",\"admin_classroom_delete\",\"admin_classroom_recommend\",\"admin_open_course_manage\",\"admin_open_course\",\"admin_open_course_recommend_list\",\"admin_opencourse_analysis\",\"admin_live_course\",\"admin_live_course_manage\",\"admin_course_thread\",\"admin_course_thread_manage\",\"admin_classroom_thread_manage\",\"admin_course_question\",\"admin_course_question_manage\",\"admin_course_note\",\"admin_course_note_manage\",\"admin_course_review\",\"admin_course_review_tab\",\"admin_classroom_review_tab\",\"admin_course_category\",\"admin_course_category_manage\",\"admin_classroom_category_manage\",\"admin_classroom_category_create\",\"admin_course_tag\",\"admin_course_tag_manage\",\"admin_course_tag_add\",\"admin_course_tag_group_manage\",\"admin_course_tag_group_add\",\"admin_course_scratch_work\",\"admin_course_scratch_work_publish_manage\",\"admin_course_scratch_work_publish_recommend\",\"admin_course_scratch_work_publish_cancel_recommended\",\"admin_course_scratch_work_publish_cancel_publish\",\"admin_course_scratch_work_verify_manage\",\"admin_course_scratch_work_verify_publish\",\"admin_course_python_work\",\"admin_course_python_work_manage\",\"admin_course_python_work_publish_recommend\",\"admin_course_python_work_publish_cancel_recommended\",\"admin_operation\",\"admin_operation_article\",\"admin_operation_article_manage\",\"admin_operation_article_create\",\"admin_operation_article_category\",\"admin_operation_category_create\",\"admin_operation_group\",\"admin_operation_group_manage\",\"admin_operation_group_create\",\"admin_operation_group_thread\",\"admin_operation_invite\",\"admin_operation_invite_record\",\"admin_operation_invite_user\",\"admin_operation_invite_coupon\",\"admin_announcement\",\"admin_announcement_manage\",\"admin_announcement_create\",\"admin_operation_notification\",\"admin_batch_notification\",\"admin_batch_notification_create\",\"admin_block_manage\",\"admin_block\",\"admin_block_visual_edit\",\"admin_operation_content\",\"admin_content\",\"admin_operation_mobile\",\"admin_operation_mobile_banner_manage\",\"admin_operation_mobile_select_manage\",\"admin_discovery_column_index\",\"admin_discovery_column_create\",\"admin_operation_analysis_register\",\"admin_operation_analysis\",\"admin_operation_keyword\",\"admin_keyword\",\"admin_keyword_create\",\"admin_keyword_banlogs\",\"admin_operation_scratch_material\",\"admin_operation_scratch_material_manage\",\"admin_operation_scratch_material_create\",\"admin_operation_scratch_material_publish\",\"admin_operation_scratch_material_close\",\"admin_operation_scratch_material_delete\",\"admin_operation_scratch_material_category_manage\",\"admin_category_create\",\"admin_operation_scratch_material_record_manage\",\"admin_leave_message\",\"admin_leave_message_manage\",\"admin_finance\",\"admin_orders\",\"admin_order_manage\",\"admin_order_refunds\",\"admin_order_refunds_manage\",\"admin_bills\",\"admin_bill_cash\",\"admin_bill_coin\",\"admin_coin_user\",\"admin_coin_user_records\",\"admin_app\",\"admin_cloud_edulive_setting\",\"admin_cloud_edulive_overview\",\"admin_setting_cloud_edulive\",\"admin_edu_cloud_email\",\"admin_edu_cloud_email_overview\",\"admin_edu_cloud_email_setting\",\"admin_app_im\",\"admin_app_im_setting\",\"admin_cloud_file_manage\",\"admin_cloud_file\",\"admin_app_center_show\",\"admin_app_center\",\"admin_app_installed\",\"admin_app_upgrades\",\"admin_app_logs\",\"admin_cloud_attachment_manage\",\"admin_cloud_attachment\",\"admin_cloud_consult\",\"admin_cloud_consult_setting\",\"admin_cloud_data_lab_manage\",\"admin_cloud_data_lab\",\"admin_cloud_data_lab_setting\",\"admin_marketing_top\",\"_admin_marketing_marketing_menu\",\"_marketing_marketing_page\",\"admin_distributor_top\",\"_admin_distributor_menu\",\"_distributor_page\",\"admin_mobile\",\"admin_wechat_app_manage\",\"admin_wechat_app\",\"admin_setting_mobile\",\"admin_setting_mobile_settings\",\"admin_h5_set\",\"admin_wap_set\",\"web\",\"course_manage\",\"course_manage_info\",\"course_manage_base\",\"course_manage_detail\",\"course_manage_picture\",\"course_manage_lesson\",\"live_course_manage_replay\",\"course_manage_files\",\"course_manage_setting\",\"course_manage_price\",\"course_manage_teachers\",\"course_manage_students\",\"course_manage_student_create\",\"course_manage_questions\",\"course_manage_question\",\"course_manage_testpaper\",\"course_manange_operate\",\"course_manage_data\",\"course_manage_order\",\"classroom_manage\",\"classroom_manage_settings\",\"classroom_manage_set_info\",\"classroom_manage_set_price\",\"classroom_manage_set_picture\",\"classroom_manage_service\",\"classroom_manage_headteacher\",\"classroom_manage_teachers\",\"classroom_manage_assistants\",\"classroom_manage_content\",\"classroom_manage_courses\",\"classroom_manage_students\",\"classroom_manage_testpaper\"],\"createdTime\":1557541028,\"createdUserId\":\"2\"}', '127.0.0.1', '未知浏览器', '未知操作系统', 'computer', '', 1557541028, 'info'),
(22, 2, 'role', 'init_create_role', '初始化四个角色\"超级管理员\"', '{\"name\":\"\\u8d85\\u7ea7\\u7ba1\\u7406\\u5458\",\"code\":\"ROLE_SUPER_ADMIN\",\"data\":[\"admin\",\"admin_user\",\"admin_user_show\",\"admin_user_manage\",\"admin_user_create\",\"admin_user_edit\",\"admin_user_roles\",\"admin_user_avatar\",\"admin_user_change_password\",\"admin_user_send_passwordreset_email\",\"admin_user_send_emailverify_email\",\"admin_user_lock\",\"admin_user_unlock\",\"admin_user_org_update\",\"admin_online\",\"admin_login_record\",\"admin_user_learn_statistics_manage\",\"admin_user_learn_statistics\",\"admin_teacher\",\"admin_teacher_manage\",\"admin_teacher_promote\",\"admin_teacher_promote_cancel\",\"admin_teacher_promote_list\",\"admin_approval_manage\",\"admin_approval_approvals\",\"admin_approval_cancel\",\"admin_message_manage\",\"admin_message\",\"admin_course\",\"admin_course_show\",\"admin_course_manage\",\"admin_course_content_manage\",\"admin_course_add\",\"admin_course_set_recommend\",\"admin_course_set_cancel_recommend\",\"admin_course_guest_member_preview\",\"admin_course_set_close\",\"admin_course_sms_prepare\",\"admin_course_set_clone\",\"admin_course_set_publish\",\"admin_course_set_delete\",\"admin_course_set_recommend_list\",\"admin_course_set_data\",\"admin_classroom\",\"admin_classroom_manage\",\"admin_classroom_content_manage\",\"admin_classroom_create\",\"admin_classroom_cancel_recommend\",\"admin_classroom_set_recommend\",\"admin_classroom_close\",\"admin_sms_prepare\",\"admin_classroom_open\",\"admin_classroom_delete\",\"admin_classroom_recommend\",\"admin_open_course_manage\",\"admin_open_course\",\"admin_open_course_recommend_list\",\"admin_opencourse_analysis\",\"admin_live_course\",\"admin_live_course_manage\",\"admin_course_thread\",\"admin_course_thread_manage\",\"admin_classroom_thread_manage\",\"admin_course_question\",\"admin_course_question_manage\",\"admin_course_note\",\"admin_course_note_manage\",\"admin_course_review\",\"admin_course_review_tab\",\"admin_classroom_review_tab\",\"admin_course_category\",\"admin_course_category_manage\",\"admin_classroom_category_manage\",\"admin_classroom_category_create\",\"admin_course_tag\",\"admin_course_tag_manage\",\"admin_course_tag_add\",\"admin_course_tag_group_manage\",\"admin_course_tag_group_add\",\"admin_course_scratch_work\",\"admin_course_scratch_work_publish_manage\",\"admin_course_scratch_work_publish_recommend\",\"admin_course_scratch_work_publish_cancel_recommended\",\"admin_course_scratch_work_publish_cancel_publish\",\"admin_course_scratch_work_verify_manage\",\"admin_course_scratch_work_verify_publish\",\"admin_course_python_work\",\"admin_course_python_work_manage\",\"admin_course_python_work_publish_recommend\",\"admin_course_python_work_publish_cancel_recommended\",\"admin_operation\",\"admin_operation_article\",\"admin_operation_article_manage\",\"admin_operation_article_create\",\"admin_operation_article_category\",\"admin_operation_category_create\",\"admin_operation_group\",\"admin_operation_group_manage\",\"admin_operation_group_create\",\"admin_operation_group_thread\",\"admin_operation_invite\",\"admin_operation_invite_record\",\"admin_operation_invite_user\",\"admin_operation_invite_coupon\",\"admin_announcement\",\"admin_announcement_manage\",\"admin_announcement_create\",\"admin_operation_notification\",\"admin_batch_notification\",\"admin_batch_notification_create\",\"admin_block_manage\",\"admin_block\",\"admin_block_visual_edit\",\"admin_operation_content\",\"admin_content\",\"admin_operation_mobile\",\"admin_operation_mobile_banner_manage\",\"admin_operation_mobile_select_manage\",\"admin_discovery_column_index\",\"admin_discovery_column_create\",\"admin_operation_analysis_register\",\"admin_operation_analysis\",\"admin_operation_keyword\",\"admin_keyword\",\"admin_keyword_create\",\"admin_keyword_banlogs\",\"admin_operation_scratch_material\",\"admin_operation_scratch_material_manage\",\"admin_operation_scratch_material_create\",\"admin_operation_scratch_material_publish\",\"admin_operation_scratch_material_close\",\"admin_operation_scratch_material_delete\",\"admin_operation_scratch_material_category_manage\",\"admin_category_create\",\"admin_operation_scratch_material_record_manage\",\"admin_leave_message\",\"admin_leave_message_manage\",\"admin_finance\",\"admin_orders\",\"admin_order_manage\",\"admin_order_refunds\",\"admin_order_refunds_manage\",\"admin_bills\",\"admin_bill_cash\",\"admin_bill_coin\",\"admin_coin_user\",\"admin_coin_user_records\",\"admin_app\",\"admin_my_cloud\",\"admin_my_cloud_overview\",\"admin_cloud_video_setting\",\"admin_cloud_video_overview\",\"admin_cloud_setting_video\",\"admin_cloud_edulive_setting\",\"admin_cloud_edulive_overview\",\"admin_setting_cloud_edulive\",\"admin_edu_cloud_sms\",\"admin_edu_cloud_sms_overview\",\"admin_edu_cloud_setting_sms\",\"admin_edu_cloud_email\",\"admin_edu_cloud_email_overview\",\"admin_edu_cloud_email_setting\",\"admin_edu_cloud_search_setting\",\"admin_edu_cloud_search_overview\",\"admin_edu_cloud_setting_search\",\"admin_app_im\",\"admin_app_im_setting\",\"admin_cloud_file_manage\",\"admin_cloud_file\",\"admin_setting_cloud_attachment\",\"admin_edu_cloud_attachment\",\"admin_app_center_show\",\"admin_app_center\",\"admin_app_installed\",\"admin_app_upgrades\",\"admin_app_logs\",\"admin_cloud_attachment_manage\",\"admin_cloud_attachment\",\"admin_cloud_consult\",\"admin_cloud_consult_setting\",\"admin_cloud_data_lab_manage\",\"admin_cloud_data_lab\",\"admin_cloud_data_lab_setting\",\"admin_setting_cloud\",\"admin_setting_my_cloud\",\"admin_marketing_top\",\"_admin_marketing_marketing_menu\",\"_marketing_marketing_page\",\"admin_distributor_top\",\"_admin_distributor_menu\",\"_distributor_page\",\"admin_mobile\",\"admin_wechat_app_manage\",\"admin_wechat_app\",\"admin_setting_mobile\",\"admin_setting_mobile_settings\",\"admin_h5_set\",\"admin_wap_set\",\"admin_system\",\"admin_setting\",\"admin_setting_message\",\"admin_setting_theme\",\"admin_setting_mailer\",\"admin_top_navigation\",\"admin_foot_navigation\",\"admin_friendlyLink_navigation\",\"admin_setting_consult_setting\",\"admin_setting_es_bar\",\"admin_setting_share\",\"admin_setting_security\",\"admin_setting_user\",\"admin_user_auth\",\"admin_setting_login_bind\",\"admin_setting_user_center\",\"admin_setting_user_fields\",\"admin_setting_avatar\",\"admin_setting_user_message\",\"admin_roles\",\"admin_role_manage\",\"admin_role_create\",\"admin_role_edit\",\"admin_role_delete\",\"admin_setting_course_setting\",\"admin_setting_course\",\"admin_setting_questions_setting\",\"admin_setting_course_avatar\",\"admin_classroom_setting\",\"admin_setting_operation\",\"admin_article_setting\",\"admin_group_set\",\"admin_invite_set\",\"admin_setting_finance\",\"admin_payment\",\"admin_coin_settings\",\"admin_setting_refund\",\"admin_setting_mobile_iap_product\",\"admin_setting_mobile_iap_product_list\",\"admin_optimize\",\"admin_optimize_settings\",\"admin_setting_ip_blacklist\",\"admin_setting_ip_blacklist_manage\",\"admin_setting_post_num_rules\",\"admin_setting_post_num_rules_settings\",\"admin_report_status\",\"admin_report_status_list\",\"admin_logs\",\"admin_logs_query\",\"admin_logs_prod\",\"admin_org_manage\",\"admin_org\",\"admin_jobs_manage\",\"admin_jobs\",\"admin_job_logs\",\"admin_crontab\",\"admin_xapi_manage\",\"admin_xapi_setting\",\"admin_xapi_statement_list\",\"admin_queue_menege\",\"admin_queue_failed_logs\",\"web\",\"course_manage\",\"course_manage_info\",\"course_manage_base\",\"course_manage_detail\",\"course_manage_picture\",\"course_manage_lesson\",\"live_course_manage_replay\",\"course_manage_files\",\"course_manage_setting\",\"course_manage_price\",\"course_manage_teachers\",\"course_manage_students\",\"course_manage_student_create\",\"course_manage_questions\",\"course_manage_question\",\"course_manage_testpaper\",\"course_manange_operate\",\"course_manage_data\",\"course_manage_order\",\"classroom_manage\",\"classroom_manage_settings\",\"classroom_manage_set_info\",\"classroom_manage_set_price\",\"classroom_manage_set_picture\",\"classroom_manage_service\",\"classroom_manage_headteacher\",\"classroom_manage_teachers\",\"classroom_manage_assistants\",\"classroom_manage_content\",\"classroom_manage_courses\",\"classroom_manage_students\",\"classroom_manage_testpaper\"],\"createdTime\":1557541028,\"createdUserId\":\"2\"}', '127.0.0.1', '未知浏览器', '未知操作系统', 'computer', '', 1557541028, 'info'),
(23, 2, 'system', 'update_settings.default', '更新默认设置', '{\"chapter_name\":{\"old\":\"\",\"new\":\"\\u7ae0\"},\"user_name\":{\"old\":\"\",\"new\":\"\\u5b66\\u5458\"},\"part_name\":{\"old\":\"\",\"new\":\"\\u8282\"},\"id\":\"\",\"showTitle\":\"\"}', '127.0.0.1', '未知浏览器', '未知操作系统', 'computer', '', 1557541028, 'info'),
(24, 2, 'system', 'update_settings.post_num_rules', '更新发贴设置', '{\"rules\":{\"old\":\"\",\"new\":{\"thread\":{\"fiveMuniteRule\":{\"interval\":300,\"postNum\":100}},\"threadLoginedUser\":{\"fiveMuniteRule\":{\"interval\":300,\"postNum\":50}}}},\"id\":\"\",\"showTitle\":\"\"}', '127.0.0.1', '未知浏览器', '未知操作系统', 'computer', '', 1557541028, 'info'),
(25, 2, 'system', 'update_settings.developer', 'log.action.system.update_settings.developer', '{\"cloud_api_failover\":{\"old\":\"\",\"new\":1},\"id\":\"\",\"showTitle\":\"\"}', '127.0.0.1', '未知浏览器', '未知操作系统', 'computer', '', 1557541028, 'info'),
(26, 2, 'system', 'update_settings.magic', 'log.action.system.update_settings.magic', '{\"export_allow_count\":{\"old\":\"\",\"new\":100000},\"export_limit\":{\"old\":\"\",\"new\":10000},\"id\":\"\",\"showTitle\":\"\"}', '127.0.0.1', '未知浏览器', '未知操作系统', 'computer', '', 1557541028, 'info'),
(27, 2, 'system', 'update_settings.mailer', '更新邮件设置', '{\"host\":{\"old\":\"\",\"new\":\"smtp.exmail.qq.com\"},\"port\":{\"old\":\"\",\"new\":\"25\"},\"username\":{\"old\":\"\",\"new\":\"user@example.com\"},\"from\":{\"old\":\"\",\"new\":\"user@example.com\"},\"id\":\"\",\"showTitle\":\"\"}', '127.0.0.1', '未知浏览器', '未知操作系统', 'computer', '', 1557541028, 'info'),
(28, 2, 'system', 'update_settings.contact', 'log.action.system.update_settings.contact', '{\"worktime\":{\"old\":\"\",\"new\":\"9:00 - 17:00\"},\"qq\":{\"old\":\"\",\"new\":[{\"name\":\"\",\"number\":\"\"}]},\"qqgroup\":{\"old\":\"\",\"new\":[{\"name\":\"\",\"number\":\"\"}]},\"phone\":{\"old\":\"\",\"new\":[{\"name\":\"\",\"number\":\"\"}]},\"color\":{\"old\":\"\",\"new\":\"default\"},\"id\":\"\",\"showTitle\":\"\"}', '127.0.0.1', '未知浏览器', '未知操作系统', 'computer', '', 1557541028, 'info'),
(29, 2, 'system', 'update_settings.payment', '更新账务设置', '{\"bank_gateway\":{\"old\":\"\",\"new\":\"none\"},\"id\":\"\",\"showTitle\":\"\"}', '127.0.0.1', '未知浏览器', '未知操作系统', 'computer', '', 1557541028, 'info'),
(30, 2, 'system', 'update_settings.refund', '更新退款设置', '{\"maxRefundDays\":{\"old\":\"\",\"new\":10},\"applyNotification\":{\"old\":\"\",\"new\":\"\\u60a8\\u597d\\uff0c\\u60a8\\u9000\\u6b3e\\u7684{{item}}\\uff0c\\u7ba1\\u7406\\u5458\\u5df2\\u6536\\u5230\\u60a8\\u7684\\u9000\\u6b3e\\u7533\\u8bf7\\uff0c\\u8bf7\\u8010\\u5fc3\\u7b49\\u5f85\\u9000\\u6b3e\\u5ba1\\u6838\\u7ed3\\u679c\\u3002\"},\"successNotification\":{\"old\":\"\",\"new\":\"\\u60a8\\u597d\\uff0c\\u60a8\\u7533\\u8bf7\\u9000\\u6b3e\\u7684{{item}} \\u5ba1\\u6838\\u901a\\u8fc7\\uff0c\\u5c06\\u4e3a\\u60a8\\u9000\\u6b3e{{amount}}\\u5143\\u3002\"},\"failedNotification\":{\"old\":\"\",\"new\":\"\\u60a8\\u597d\\uff0c\\u60a8\\u7533\\u8bf7\\u9000\\u6b3e\\u7684{{item}} \\u5ba1\\u6838\\u672a\\u901a\\u8fc7\\uff0c\\u8bf7\\u4e0e\\u7ba1\\u7406\\u5458\\u518d\\u534f\\u5546\\u89e3\\u51b3\\u7ea0\\u7eb7\\u3002\"},\"id\":\"\",\"showTitle\":\"\"}', '127.0.0.1', '未知浏览器', '未知操作系统', 'computer', '', 1557541028, 'info'),
(31, 2, 'system', 'update_settings.site', '更新站点设置', '{\"name\":{\"old\":\"\",\"new\":\"EDUSOHO\\u6d4b\\u8bd5\\u7ad9\"},\"slogan\":{\"old\":\"\",\"new\":\"\\u5f3a\\u5927\\u7684\\u5728\\u7ebf\\u6559\\u80b2\\u89e3\\u51b3\\u65b9\\u6848\"},\"url\":{\"old\":\"\",\"new\":\"http:\\/\\/demo.edusoho.com\"},\"seo_keywords\":{\"old\":\"\",\"new\":\"edusoho, \\u5728\\u7ebf\\u6559\\u80b2\\u8f6f\\u4ef6, \\u5728\\u7ebf\\u5728\\u7ebf\\u6559\\u80b2\\u89e3\\u51b3\\u65b9\\u6848\"},\"seo_description\":{\"old\":\"\",\"new\":\"edusoho\\u662f\\u5f3a\\u5927\\u7684\\u5728\\u7ebf\\u6559\\u80b2\\u5f00\\u6e90\\u8f6f\\u4ef6\"},\"master_email\":{\"old\":\"\",\"new\":\"test@edusoho.com\"},\"icp\":{\"old\":\"\",\"new\":\" \\u6d59ICP\\u590713006852\\u53f7-1\"},\"status\":{\"old\":\"\",\"new\":\"open\"},\"id\":\"\",\"showTitle\":\"\"}', '127.0.0.1', '未知浏览器', '未知操作系统', 'computer', '', 1557541028, 'info'),
(32, 2, 'system', 'update_settings.storage', '更新云视频设置', '{\"upload_mode\":{\"old\":\"\",\"new\":\"local\"},\"cloud_api_server\":{\"old\":\"\",\"new\":\"http:\\/\\/api.edusoho.net\"},\"video_h5_enable\":{\"old\":\"\",\"new\":1},\"id\":\"\",\"showTitle\":\"\"}', '127.0.0.1', '未知浏览器', '未知操作系统', 'computer', '', 1557541028, 'info'),
(33, 2, 'system', 'update_settings.auth', '更新用户设置', '{\"register_mode\":{\"old\":\"\",\"new\":\"email\"},\"email_activation_title\":{\"old\":\"\",\"new\":\"\\u8bf7\\u6fc0\\u6d3b\\u60a8\\u7684{{sitename}}\\u5e10\\u53f7\"},\"email_activation_body\":{\"old\":\"\",\"new\":\"Hi, {{nickname}}\\n\\n\\u6b22\\u8fce\\u52a0\\u5165{{sitename}}!\\n\\n\\u8bf7\\u70b9\\u51fb\\u4e0b\\u9762\\u7684\\u94fe\\u63a5\\u5b8c\\u6210\\u6ce8\\u518c\\uff1a\\n\\n{{verifyurl}}\\n\\n\\u5982\\u679c\\u4ee5\\u4e0a\\u94fe\\u63a5\\u65e0\\u6cd5\\u70b9\\u51fb\\uff0c\\u8bf7\\u5c06\\u4e0a\\u9762\\u7684\\u5730\\u5740\\u590d\\u5236\\u5230\\u4f60\\u7684\\u6d4f\\u89c8\\u5668(\\u5982IE)\\u7684\\u5730\\u5740\\u680f\\u4e2d\\u6253\\u5f00\\uff0c\\u8be5\\u94fe\\u63a5\\u5730\\u574024\\u5c0f\\u65f6\\u5185\\u6253\\u5f00\\u6709\\u6548\\u3002\\n\\n\\u611f\\u8c22\\u5bf9{{sitename}}\\u7684\\u652f\\u6301\\uff01\\n\\n{{sitename}} {{siteurl}}\\n\\n(\\u8fd9\\u662f\\u4e00\\u5c01\\u81ea\\u52a8\\u4ea7\\u751f\\u7684email\\uff0c\\u8bf7\\u52ff\\u56de\\u590d\\u3002)\"},\"welcome_enabled\":{\"old\":\"\",\"new\":\"opened\"},\"welcome_sender\":{\"old\":\"\",\"new\":\"\\u6d4b\\u8bd5\\u7ba1\\u7406\\u5458\"},\"welcome_methods\":{\"old\":\"\",\"new\":[]},\"welcome_title\":{\"old\":\"\",\"new\":\"\\u6b22\\u8fce\\u52a0\\u5165{{sitename}}\"},\"welcome_body\":{\"old\":\"\",\"new\":\"\\u60a8\\u597d{{nickname}}\\uff0c\\u6211\\u662f{{sitename}}\\u7684\\u7ba1\\u7406\\u5458\\uff0c\\u6b22\\u8fce\\u52a0\\u5165{{sitename}}\\uff0c\\u795d\\u60a8\\u5b66\\u4e60\\u6109\\u5feb\\u3002\\u5982\\u6709\\u95ee\\u9898\\uff0c\\u968f\\u65f6\\u4e0e\\u6211\\u8054\\u7cfb\\u3002\"},\"id\":\"\",\"showTitle\":\"\"}', '127.0.0.1', '未知浏览器', '未知操作系统', 'computer', '', 1557541028, 'info'),
(34, 0, 'system', 'update_settings.magic', 'log.action.system.update_settings.magic', '{\"disable_web_crontab\":{\"old\":\"\",\"new\":1},\"id\":\"\",\"showTitle\":\"\"}', '127.0.0.1', '未知浏览器', '未知操作系统', 'computer', '', 1557541081, 'info'),
(35, 1, 'system', 'update_settings.learn_statistics', 'log.action.system.update_settings.learn_statistics', '{\"currentTime\":{\"old\":\"\",\"new\":1557504000},\"timespan\":{\"old\":\"\",\"new\":31536000},\"id\":\"\",\"showTitle\":\"\"}', '127.0.0.1', '未知浏览器', '未知操作系统', 'computer', '', 1557541081, 'info'),
(36, 1, 'system', 'update_settings.learn_statistics', 'log.action.system.update_settings.learn_statistics', '{\"syncTotalDataStatus\":{\"old\":\"\",\"new\":1},\"id\":\"\",\"showTitle\":\"\"}', '127.0.0.1', '未知浏览器', '未知操作系统', 'computer', '', 1557541201, 'info'),
(37, 2, 'user', 'login_success', '登录成功', '', '127.0.0.1', 'Chrome(72.0.3626.119)', 'Linux', 'computer', 'Mozilla/5.0 (X11; Linux x86_64) AppleWebKit/537.36 (KHTML, like Gecko) Chrome/72.0.3626.119 Safari/537.36', 1557544032, 'info'),
(38, 2, 'system', 'update_settings.sms_account', 'log.action.system.update_settings.sms_account', '{\"status\":{\"old\":\"\",\"new\":\"uncheck\"},\"checkTime\":{\"old\":\"\",\"new\":1557544663},\"isOldSmsUser\":{\"old\":\"\",\"new\":\"unknown\"},\"id\":\"\",\"showTitle\":\"\"}', '127.0.0.1', 'Chrome(72.0.3626.119)', 'Linux', 'computer', 'Mozilla/5.0 (X11; Linux x86_64) AppleWebKit/537.36 (KHTML, like Gecko) Chrome/72.0.3626.119 Safari/537.36', 1557544063, 'info'),
(39, 2, 'system', 'update_settings._app_last_check', '更新应用检测设置', '{\"0\":{\"old\":\"\",\"new\":1557544065},\"id\":\"\",\"showTitle\":\"\"}', '127.0.0.1', 'Chrome(72.0.3626.119)', 'Linux', 'computer', 'Mozilla/5.0 (X11; Linux x86_64) AppleWebKit/537.36 (KHTML, like Gecko) Chrome/72.0.3626.119 Safari/537.36', 1557544065, 'info'),
(40, 2, 'user', 'avatar-changed', '修改头像', '{\"smallAvatar\":{\"old\":\"\",\"new\":\"public:\\/\\/default\\/2019\\/05-11\\/111319f545e5164743.jpg\"},\"mediumAvatar\":{\"old\":\"\",\"new\":\"public:\\/\\/default\\/2019\\/05-11\\/111319f537cc743032.jpg\"},\"largeAvatar\":{\"old\":\"\",\"new\":\"public:\\/\\/default\\/2019\\/05-11\\/111319f5227f147919.jpg\"},\"id\":\"2\",\"showTitle\":\"\\u6d4b\\u8bd5\\u7ba1\\u7406\\u5458\"}', '127.0.0.1', 'Chrome(72.0.3626.119)', 'Linux', 'computer', 'Mozilla/5.0 (X11; Linux x86_64) AppleWebKit/537.36 (KHTML, like Gecko) Chrome/72.0.3626.119 Safari/537.36', 1557544399, 'info'),
(41, 2, 'user', 'update', '修改', '{\"title\":{\"old\":\"\",\"new\":\"\\u516c\\u53f8\\u56db\\u65b9\\u65af\\u8482\\u82ac\\u65af\"},\"about\":{\"old\":\"\",\"new\":\"<p>\\u5206\\u516c\\u53f8\\u526f\\u5e9c\\u53f8\\u6cd5<\\/p>\\n\"},\"id\":\"2\",\"showTitle\":\"\\u6d4b\\u8bd5\\u7ba1\\u7406\\u5458\"}', '127.0.0.1', 'Chrome(72.0.3626.119)', 'Linux', 'computer', 'Mozilla/5.0 (X11; Linux x86_64) AppleWebKit/537.36 (KHTML, like Gecko) Chrome/72.0.3626.119 Safari/537.36', 1557544422, 'info'),
(42, 2, 'course', 'create_course', '创建教学计划', '{\"id\":\"1\",\"courseSetId\":\"1\",\"title\":\"\",\"subtitle\":\"\",\"courseSetTitle\":\"\\u8bfe\\u7a0b47847\",\"learnMode\":\"freeMode\",\"expiryMode\":\"forever\",\"expiryDays\":\"0\",\"expiryStartDate\":\"0\",\"expiryEndDate\":\"0\",\"summary\":null,\"goals\":[],\"audiences\":[],\"isDefault\":\"1\",\"maxStudentNum\":\"0\",\"status\":\"draft\",\"seq\":\"0\",\"isFree\":\"1\",\"price\":\"0.00\",\"vipLevelId\":\"0\",\"buyable\":\"1\",\"tryLookable\":\"0\",\"tryLookLength\":\"0\",\"watchLimit\":\"0\",\"services\":[],\"taskNum\":\"0\",\"studentNum\":\"0\",\"teacherIds\":[],\"parentId\":\"0\",\"ratingNum\":\"0\",\"rating\":\"0\",\"noteNum\":\"0\",\"threadNum\":\"0\",\"type\":\"normal\",\"approval\":\"0\",\"income\":\"0.00\",\"originPrice\":\"0.00\",\"coinPrice\":\"0.00\",\"originCoinPrice\":\"0.00\",\"showStudentNumType\":\"opened\",\"serializeMode\":\"none\",\"giveCredit\":\"0\",\"about\":null,\"locationId\":\"0\",\"address\":\"\",\"deadlineNotify\":\"none\",\"daysOfNotifyBeforeDeadline\":\"0\",\"useInClassroom\":\"single\",\"singleBuy\":\"1\",\"freeStartTime\":\"0\",\"freeEndTime\":\"0\",\"locked\":\"0\",\"cover\":null,\"buyExpiryTime\":\"0\",\"enableFinish\":\"1\",\"maxRate\":\"100\",\"materialNum\":\"0\",\"compulsoryTaskNum\":\"0\",\"lessonNum\":\"0\",\"publishLessonNum\":\"0\",\"createdTime\":\"1557544451\",\"updatedTime\":\"1557544451\",\"creator\":\"2\",\"recommended\":\"0\",\"recommendedSeq\":\"0\",\"recommendedTime\":\"0\",\"categoryId\":\"0\",\"showServices\":\"0\",\"hitNum\":\"0\",\"courseType\":\"default\",\"enableAudio\":\"0\",\"isShowUnpublish\":\"1\",\"rewardPoint\":\"0\",\"taskRewardPoint\":\"0\"}', '127.0.0.1', 'Chrome(72.0.3626.119)', 'Linux', 'computer', 'Mozilla/5.0 (X11; Linux x86_64) AppleWebKit/537.36 (KHTML, like Gecko) Chrome/72.0.3626.119 Safari/537.36', 1557544451, 'info'),
(43, 2, 'course', 'create', '创建课程', '{\"id\":\"1\",\"type\":\"normal\",\"title\":\"\\u8bfe\\u7a0b47847\",\"subtitle\":\"\",\"tags\":[],\"categoryId\":\"0\",\"serializeMode\":\"none\",\"status\":\"draft\",\"summary\":null,\"goals\":[],\"audiences\":[],\"cover\":[],\"ratingNum\":\"0\",\"rating\":\"0\",\"noteNum\":\"0\",\"studentNum\":\"0\",\"hotSeq\":\"0\",\"recommended\":\"0\",\"recommendedSeq\":\"0\",\"recommendedTime\":\"0\",\"orgId\":\"1\",\"orgCode\":\"1.\",\"discountId\":\"0\",\"discount\":\"10.00\",\"hitNum\":\"0\",\"maxRate\":\"100\",\"materialNum\":\"0\",\"parentId\":\"0\",\"locked\":\"0\",\"maxCoursePrice\":\"0.00\",\"minCoursePrice\":\"0.00\",\"teacherIds\":[\"2\"],\"creator\":\"2\",\"createdTime\":\"1557544451\",\"updatedTime\":\"1557544451\",\"defaultCourseId\":\"1\"}', '127.0.0.1', 'Chrome(72.0.3626.119)', 'Linux', 'computer', 'Mozilla/5.0 (X11; Linux x86_64) AppleWebKit/537.36 (KHTML, like Gecko) Chrome/72.0.3626.119 Safari/537.36', 1557544451, 'info'),
(44, 2, 'course', 'update_picture', '更新课程图片', '{\"cover\":{\"old\":[],\"new\":{\"large\":\"public:\\/\\/course\\/2019\\/05-11\\/1115335a947d583339.jpg\",\"middle\":\"public:\\/\\/course\\/2019\\/05-11\\/1115335aa910228280.jpg\",\"small\":\"public:\\/\\/course\\/2019\\/05-11\\/1115335abe19237121.jpg\"}},\"id\":\"1\",\"showTitle\":\"\\u8bfe\\u7a0b47847\"}', '127.0.0.1', 'Chrome(72.0.3626.119)', 'Linux', 'computer', 'Mozilla/5.0 (X11; Linux x86_64) AppleWebKit/537.36 (KHTML, like Gecko) Chrome/72.0.3626.119 Safari/537.36', 1557544533, 'info'),
(45, 2, 'course', 'add_question', '新增题目', '{\"id\":\"1\",\"type\":\"single_choice\",\"stem\":\"<p>\\u89c4\\u5212\\u5c40\\u526f\\u89d2\\u8272\\u5f00\\u653e\\u548c<\\/p>\\r\\n\",\"score\":\"2.0\",\"answer\":[\"0\"],\"analysis\":\"\",\"metas\":{\"choices\":[\"<p>\\u89e3\\u653e\\u6d43\\u9ad3\\u6ca6\\u808c\\u526f\\u53f8\\u4ee4\\u517c\\u8ddd\\u79bb\\u7f29\\u77ed<\\/p>\\r\\n\",\"<p>\\u7684\\u73af\\u5883\\u98ce\\u53e3\\u6d6a\\u5c16\\u4e09\\u5efa\\u7acb\\u4e09\\u7ea7\\u72ec\\u7acb\\u964d\\u843d\\u4f1e<\\/p>\\r\\n\",\"<p>\\u7684\\u98ce\\u4fd7\\u98ce\\u4fd7\\u98ce\\u4fd7<\\/p>\\r\\n\",\"<p>\\u4f5b\\u5bfa\\u9053\\u89c2\\u4e09\\u6cd5\\u53f8\\u516c\\u53f8\\u526f<\\/p>\\r\\n\"]},\"categoryId\":\"0\",\"difficulty\":\"normal\",\"target\":\"course-1\",\"courseId\":\"1\",\"lessonId\":\"0\",\"parentId\":\"0\",\"subCount\":\"0\",\"finishedTimes\":\"0\",\"passedTimes\":\"0\",\"createdUserId\":\"2\",\"updatedUserId\":\"2\",\"updatedTime\":\"1557544696\",\"createdTime\":\"1557544696\",\"copyId\":\"0\",\"courseSetId\":\"1\"}', '127.0.0.1', 'Chrome(72.0.3626.119)', 'Linux', 'computer', 'Mozilla/5.0 (X11; Linux x86_64) AppleWebKit/537.36 (KHTML, like Gecko) Chrome/72.0.3626.119 Safari/537.36', 1557544696, 'info'),
(46, 2, 'course', 'add_question', '新增题目', '{\"id\":\"2\",\"type\":\"single_choice\",\"stem\":\"<p>\\u901a\\u8fc7\\u8fc7\\u7684\\u65b9\\u6cd5<\\/p>\\r\\n\",\"score\":\"2.0\",\"answer\":[\"0\"],\"analysis\":\"\",\"metas\":{\"choices\":[\"<p>&nbsp;\\u53cd\\u5bf9\\u85e9\\u65b9\\u6cd5\\u65af\\u8482\\u82ac<\\/p>\\r\\n\",\"<p>\\u53cd\\u5bf9\\u98ce\\u4fd7\\u53cd\\u5bf9\\u85e9\\u56db\\u65b9<\\/p>\\r\\n\",\"<p>\\u98ce\\u4fd7\\u5730\\u65b9\\u98ce\\u4fd7\\u5730\\u65b9<\\/p>\\r\\n\",\"<p>\\u4f5b\\u5851\\u80a1\\u4efd\\u526f\\u4e09\\u7ffb\\u56db\\u8986<\\/p>\\r\\n\"]},\"categoryId\":\"0\",\"difficulty\":\"normal\",\"target\":\"course-1\",\"courseId\":\"1\",\"lessonId\":\"0\",\"parentId\":\"0\",\"subCount\":\"0\",\"finishedTimes\":\"0\",\"passedTimes\":\"0\",\"createdUserId\":\"2\",\"updatedUserId\":\"2\",\"updatedTime\":\"1557544721\",\"createdTime\":\"1557544721\",\"copyId\":\"0\",\"courseSetId\":\"1\"}', '127.0.0.1', 'Chrome(72.0.3626.119)', 'Linux', 'computer', 'Mozilla/5.0 (X11; Linux x86_64) AppleWebKit/537.36 (KHTML, like Gecko) Chrome/72.0.3626.119 Safari/537.36', 1557544721, 'info'),
(47, 2, 'course', 'add_testpaper', '新增试卷', '{\"id\":\"1\",\"name\":\"\\u8bd5\\u537742342\",\"description\":\"<p>\\u53cd\\u5bf9\\u65b9\\u6cd5\\u4e09\\u6cd5\\u53f8\\u65af\\u8482\\u82ac\\u65af<\\/p>\\r\\n\",\"courseId\":\"0\",\"lessonId\":\"0\",\"limitedTime\":\"0\",\"pattern\":\"questionType\",\"target\":\"\",\"status\":\"draft\",\"score\":\"0.0\",\"passedCondition\":[0],\"itemCount\":\"0\",\"createdUserId\":\"2\",\"createdTime\":\"1557544790\",\"updatedUserId\":\"2\",\"updatedTime\":\"1557544790\",\"metas\":{\"mode\":\"rand\",\"ranges\":{\"courseId\":\"1\"},\"counts\":{\"single_choice\":\"2\"},\"scores\":{\"single_choice\":\"2\",\"choice\":\"2\",\"essay\":\"2\",\"uncertain_choice\":\"2\",\"determine\":\"2\",\"fill\":\"2\",\"material\":\"2\"},\"missScores\":{\"choice\":\"0\",\"uncertain_choice\":\"0\"},\"percentages\":{\"simple\":\"30\",\"normal\":\"40\",\"difficulty\":\"30\"}},\"copyId\":\"0\",\"type\":\"testpaper\",\"courseSetId\":\"1\",\"migrateTestId\":\"0\"}', '127.0.0.1', 'Chrome(72.0.3626.119)', 'Linux', 'computer', 'Mozilla/5.0 (X11; Linux x86_64) AppleWebKit/537.36 (KHTML, like Gecko) Chrome/72.0.3626.119 Safari/537.36', 1557544790, 'info'),
(48, 2, 'course', 'update', '修改课程', '{\"subtitle\":{\"old\":\"\",\"new\":\"\\u975e\\u5b98\\u65b9\\u7684\\u98ce\\u4fd7\\u7684\\u6cd5\\u5927\\u8d5b\"},\"categoryId\":{\"old\":\"0\",\"new\":\"1\"},\"summary\":{\"old\":\"\",\"new\":\"<p>\\u98ce\\u4fd7\\u5730\\u65b9\\u5c81\\u7684\\u5206\\u516c\\u53f8\\u526f<\\/p>\\n\"},\"id\":\"1\",\"showTitle\":\"\\u8bfe\\u7a0b47847\"}', '127.0.0.1', 'Chrome(72.0.3626.119)', 'Linux', 'computer', 'Mozilla/5.0 (X11; Linux x86_64) AppleWebKit/537.36 (KHTML, like Gecko) Chrome/72.0.3626.119 Safari/537.36', 1557545072, 'info'),
(49, 2, 'course', 'add_task', '添加学习任务', '{\"id\":\"1\",\"courseId\":\"1\",\"seq\":\"1\",\"categoryId\":\"1\",\"activityId\":\"1\",\"title\":\"\\u53cd\\u5bf9\\u98ce\\u4fd7\\u53cd\\u5bf9\\u8fc7\\u5206\\u56db\\u65b9\",\"isFree\":\"0\",\"isOptional\":\"0\",\"startTime\":\"0\",\"endTime\":\"0\",\"mode\":\"lesson\",\"status\":\"create\",\"number\":\"\",\"type\":\"testpaper\",\"mediaSource\":\"\",\"maxOnlineNum\":\"0\",\"fromCourseSetId\":\"1\",\"length\":\"0\",\"copyId\":\"0\",\"createdUserId\":\"2\",\"createdTime\":\"1557545115\",\"updatedTime\":\"1557545115\"}', '127.0.0.1', 'Chrome(72.0.3626.119)', 'Linux', 'computer', 'Mozilla/5.0 (X11; Linux x86_64) AppleWebKit/537.36 (KHTML, like Gecko) Chrome/72.0.3626.119 Safari/537.36', 1557545115, 'info'),
(50, 2, 'course', 'create_lesson', '创建课时', '[{\"id\":\"1\",\"courseId\":\"1\",\"type\":\"lesson\",\"number\":\"1\",\"seq\":\"1\",\"title\":\"\\u53cd\\u5bf9\\u98ce\\u4fd7\\u53cd\\u5bf9\\u8fc7\\u5206\\u56db\\u65b9\",\"createdTime\":\"1557545115\",\"updatedTime\":\"1557545115\",\"copyId\":\"0\",\"status\":\"created\",\"isOptional\":\"0\"},{\"id\":\"1\",\"courseId\":\"1\",\"seq\":\"1\",\"categoryId\":\"1\",\"activityId\":\"1\",\"title\":\"\\u53cd\\u5bf9\\u98ce\\u4fd7\\u53cd\\u5bf9\\u8fc7\\u5206\\u56db\\u65b9\",\"isFree\":\"0\",\"isOptional\":\"0\",\"startTime\":\"0\",\"endTime\":\"0\",\"mode\":\"lesson\",\"status\":\"create\",\"number\":\"\",\"type\":\"testpaper\",\"mediaSource\":\"\",\"maxOnlineNum\":\"0\",\"fromCourseSetId\":\"1\",\"length\":\"0\",\"copyId\":\"0\",\"createdUserId\":\"2\",\"createdTime\":\"1557545115\",\"updatedTime\":\"1557545115\"}]', '127.0.0.1', 'Chrome(72.0.3626.119)', 'Linux', 'computer', 'Mozilla/5.0 (X11; Linux x86_64) AppleWebKit/537.36 (KHTML, like Gecko) Chrome/72.0.3626.119 Safari/537.36', 1557545115, 'info'),
(51, 2, 'course', 'publish_course', '发布教学计划', '{\"status\":{\"old\":\"draft\",\"new\":\"published\"},\"publishLessonNum\":{\"old\":\"0\",\"new\":\"1\"},\"id\":\"1\",\"showTitle\":\"\\u8bfe\\u7a0b47847\"}', '127.0.0.1', 'Chrome(72.0.3626.119)', 'Linux', 'computer', 'Mozilla/5.0 (X11; Linux x86_64) AppleWebKit/537.36 (KHTML, like Gecko) Chrome/72.0.3626.119 Safari/537.36', 1557545177, 'info'),
(52, 2, 'course', 'publish', '发布课程', '{\"status\":{\"old\":\"draft\",\"new\":\"published\"},\"id\":\"1\",\"showTitle\":\"\\u8bfe\\u7a0b47847\"}', '127.0.0.1', 'Chrome(72.0.3626.119)', 'Linux', 'computer', 'Mozilla/5.0 (X11; Linux x86_64) AppleWebKit/537.36 (KHTML, like Gecko) Chrome/72.0.3626.119 Safari/537.36', 1557545177, 'info'),
(53, 2, 'system', 'update_settings.sms_account', 'log.action.system.update_settings.sms_account', '{\"status\":{\"old\":\"uncheck\",\"new\":\"normal\"},\"id\":\"\",\"showTitle\":\"\"}', '127.0.0.1', 'Chrome(72.0.3626.119)', 'Linux', 'computer', 'Mozilla/5.0 (X11; Linux x86_64) AppleWebKit/537.36 (KHTML, like Gecko) Chrome/72.0.3626.119 Safari/537.36', 1557545975, 'info'),
(54, 1, 'course', 'refresh_learning_progress', '开始执行刷新学习进度的定时任务', '', '127.0.0.1', '未知浏览器', '未知操作系统', 'computer', '', 1557626281, 'info'),
(55, 1, 'course', 'refresh_learning_progress', '刷新学习进度的定时任务执行成功', '', '127.0.0.1', '未知浏览器', '未知操作系统', 'computer', '', 1557626281, 'info'),
(56, 2, 'user', 'login_success', '登录成功', '', '127.0.0.1', 'Chrome(72.0.3626.119)', 'Linux', 'computer', 'Mozilla/5.0 (X11; Linux x86_64) AppleWebKit/537.36 (KHTML, like Gecko) Chrome/72.0.3626.119 Safari/537.36', 1557627140, 'info'),
(57, 3, 'user', 'login_success', '登录成功', '', '127.0.0.1', 'Chrome(72.0.3626.119)', 'Linux', 'computer', 'Mozilla/5.0 (X11; Linux x86_64) AppleWebKit/537.36 (KHTML, like Gecko) Chrome/72.0.3626.119 Safari/537.36', 1557628747, 'info'),
(58, 2, 'user', 'login_success', '登录成功', '', '127.0.0.1', 'Chrome(72.0.3626.119)', 'Linux', 'computer', 'Mozilla/5.0 (X11; Linux x86_64) AppleWebKit/537.36 (KHTML, like Gecko) Chrome/72.0.3626.119 Safari/537.36', 1557630153, 'info'),
(59, 2, 'system', 'update_settings._app_last_check', '更新应用检测设置', '{\"0\":{\"old\":1557544065,\"new\":1557630808},\"id\":\"\",\"showTitle\":\"\"}', '127.0.0.1', 'Chrome(72.0.3626.119)', 'Linux', 'computer', 'Mozilla/5.0 (X11; Linux x86_64) AppleWebKit/537.36 (KHTML, like Gecko) Chrome/72.0.3626.119 Safari/537.36', 1557630808, 'info'),
(60, 2, 'classroom', 'create', '新增班级', '{\"id\":\"1\",\"title\":\"\\u8ba1\\u7b97\\u673a\\u73ed\\u7ea71\",\"status\":\"draft\",\"about\":null,\"categoryId\":\"0\",\"description\":null,\"price\":\"0.00\",\"vipLevelId\":\"0\",\"smallPicture\":\"\",\"middlePicture\":\"\",\"largePicture\":\"\",\"headTeacherId\":\"0\",\"teacherIds\":[\"2\"],\"assistantIds\":[],\"hitNum\":\"0\",\"auditorNum\":\"0\",\"studentNum\":\"0\",\"courseNum\":\"0\",\"lessonNum\":\"0\",\"threadNum\":\"0\",\"noteNum\":\"0\",\"postNum\":\"0\",\"income\":\"0.00\",\"createdTime\":\"1557632351\",\"updatedTime\":\"1557632351\",\"service\":[],\"private\":\"0\",\"recommended\":\"0\",\"recommendedSeq\":\"100\",\"recommendedTime\":\"0\",\"rating\":\"0\",\"ratingNum\":\"0\",\"hotSeq\":\"0\",\"maxRate\":\"100\",\"showable\":\"1\",\"buyable\":\"1\",\"conversationId\":\"0\",\"orgId\":\"1\",\"orgCode\":\"1.\",\"expiryMode\":\"forever\",\"expiryValue\":\"0\",\"creator\":\"2\"}', '127.0.0.1', 'Chrome(72.0.3626.119)', 'Linux', 'computer', 'Mozilla/5.0 (X11; Linux x86_64) AppleWebKit/537.36 (KHTML, like Gecko) Chrome/72.0.3626.119 Safari/537.36', 1557632351, 'info'),
(61, 2, 'classroom', 'add_course', '班级《计算机班级1》(#1)添加了课程《》(#2)', '{\"classroomId\":\"1\",\"title\":\"\\u8ba1\\u7b97\\u673a\\u73ed\\u7ea71\",\"courseSetId\":\"2\",\"courseSetTitle\":\"\"}', '127.0.0.1', 'Chrome(72.0.3626.119)', 'Linux', 'computer', 'Mozilla/5.0 (X11; Linux x86_64) AppleWebKit/537.36 (KHTML, like Gecko) Chrome/72.0.3626.119 Safari/537.36', 1557632506, 'info'),
(62, 2, 'classroom', 'update', '修改班级', '{\"courseNum\":{\"old\":\"0\",\"new\":\"1\"},\"lessonNum\":{\"old\":\"0\",\"new\":\"1\"},\"id\":\"1\",\"showTitle\":\"\\u8ba1\\u7b97\\u673a\\u73ed\\u7ea71\"}', '127.0.0.1', 'Chrome(72.0.3626.119)', 'Linux', 'computer', 'Mozilla/5.0 (X11; Linux x86_64) AppleWebKit/537.36 (KHTML, like Gecko) Chrome/72.0.3626.119 Safari/537.36', 1557632506, 'info'),
(63, 2, 'classroom', 'publish', '发布班级', '{\"status\":{\"old\":\"draft\",\"new\":\"published\"},\"id\":\"1\",\"showTitle\":\"\\u8ba1\\u7b97\\u673a\\u73ed\\u7ea71\"}', '127.0.0.1', 'Chrome(72.0.3626.119)', 'Linux', 'computer', 'Mozilla/5.0 (X11; Linux x86_64) AppleWebKit/537.36 (KHTML, like Gecko) Chrome/72.0.3626.119 Safari/537.36', 1557632597, 'info'),
(64, 2, 'classroom', 'add_student', '班级《计算机班级1》(#1)，添加学员11111(#3)，备注：管理员添加', '{\"classroomId\":\"1\",\"title\":\"\\u8ba1\\u7b97\\u673a\\u73ed\\u7ea71\",\"userId\":\"3\",\"nickname\":\"11111\",\"remark\":\"\\u7ba1\\u7406\\u5458\\u6dfb\\u52a0\"}', '127.0.0.1', 'Chrome(72.0.3626.119)', 'Linux', 'computer', 'Mozilla/5.0 (X11; Linux x86_64) AppleWebKit/537.36 (KHTML, like Gecko) Chrome/72.0.3626.119 Safari/537.36', 1557632641, 'info'),
(65, 1, 'course', 'refresh_learning_progress', '开始执行刷新学习进度的定时任务', '', '127.0.0.1', '未知浏览器', '未知操作系统', 'computer', '', 1557738663, 'info'),
(66, 1, 'course', 'refresh_learning_progress', '刷新学习进度的定时任务执行成功', '', '127.0.0.1', '未知浏览器', '未知操作系统', 'computer', '', 1557738663, 'info'),
(67, 3, 'user', 'login_success', '登录成功', '', '127.0.0.1', 'Chrome(72.0.3626.119)', 'Linux', 'computer', 'Mozilla/5.0 (X11; Linux x86_64) AppleWebKit/537.36 (KHTML, like Gecko) Chrome/72.0.3626.119 Safari/537.36', 1557738846, 'info'),
(68, 2, 'user', 'login_success', '登录成功', '', '127.0.0.1', 'Firefox(65.0)', 'Linux', 'computer', 'Mozilla/5.0 (X11; Ubuntu; Linux x86_64; rv:65.0) Gecko/20100101 Firefox/65.0', 1557748942, 'info'),
(69, 2, 'system', 'update_settings._app_last_check', '更新应用检测设置', '{\"0\":{\"old\":1557630808,\"new\":1557749101},\"id\":\"\",\"showTitle\":\"\"}', '127.0.0.1', 'Firefox(65.0)', 'Linux', 'computer', 'Mozilla/5.0 (X11; Ubuntu; Linux x86_64; rv:65.0) Gecko/20100101 Firefox/65.0', 1557749101, 'info'),
(70, 2, 'user', 'login_success', '登录成功', '', '127.0.0.1', 'Chrome(72.0.3626.119)', 'Linux', 'computer', 'Mozilla/5.0 (X11; Linux x86_64) AppleWebKit/537.36 (KHTML, like Gecko) Chrome/72.0.3626.119 Safari/537.36', 1557749168, 'info'),
(71, 1, 'course', 'refresh_learning_progress', '开始执行刷新学习进度的定时任务', '', '127.0.0.1', '未知浏览器', '未知操作系统', 'computer', '', 1557770402, 'info'),
(72, 1, 'course', 'refresh_learning_progress', '刷新学习进度的定时任务执行成功', '', '127.0.0.1', '未知浏览器', '未知操作系统', 'computer', '', 1557770402, 'info'),
(73, 2, 'user', 'login_success', '登录成功', '', '127.0.0.1', 'Chrome(72.0.3626.119)', 'Linux', 'computer', 'Mozilla/5.0 (X11; Linux x86_64) AppleWebKit/537.36 (KHTML, like Gecko) Chrome/72.0.3626.119 Safari/537.36', 1557826684, 'info'),
(74, 2, 'course', 'create_course', '创建教学计划', '{\"id\":\"3\",\"courseSetId\":\"3\",\"title\":\"\",\"subtitle\":\"\",\"courseSetTitle\":\"\\u8ba1\\u7b97\\u673a\\u7f51\\u7edc\",\"learnMode\":\"freeMode\",\"expiryMode\":\"forever\",\"expiryDays\":\"0\",\"expiryStartDate\":\"0\",\"expiryEndDate\":\"0\",\"summary\":null,\"goals\":[],\"audiences\":[],\"isDefault\":\"1\",\"maxStudentNum\":\"0\",\"status\":\"draft\",\"seq\":\"0\",\"isFree\":\"1\",\"price\":\"0.00\",\"vipLevelId\":\"0\",\"buyable\":\"1\",\"tryLookable\":\"0\",\"tryLookLength\":\"0\",\"watchLimit\":\"0\",\"services\":[],\"taskNum\":\"0\",\"studentNum\":\"0\",\"teacherIds\":[],\"parentId\":\"0\",\"ratingNum\":\"0\",\"rating\":\"0\",\"noteNum\":\"0\",\"threadNum\":\"0\",\"type\":\"normal\",\"approval\":\"0\",\"income\":\"0.00\",\"originPrice\":\"0.00\",\"coinPrice\":\"0.00\",\"originCoinPrice\":\"0.00\",\"showStudentNumType\":\"opened\",\"serializeMode\":\"none\",\"giveCredit\":\"0\",\"about\":null,\"locationId\":\"0\",\"address\":\"\",\"deadlineNotify\":\"none\",\"daysOfNotifyBeforeDeadline\":\"0\",\"useInClassroom\":\"single\",\"singleBuy\":\"1\",\"freeStartTime\":\"0\",\"freeEndTime\":\"0\",\"locked\":\"0\",\"cover\":null,\"buyExpiryTime\":\"0\",\"enableFinish\":\"1\",\"maxRate\":\"100\",\"materialNum\":\"0\",\"compulsoryTaskNum\":\"0\",\"lessonNum\":\"0\",\"publishLessonNum\":\"0\",\"createdTime\":\"1557827185\",\"updatedTime\":\"1557827185\",\"creator\":\"2\",\"recommended\":\"0\",\"recommendedSeq\":\"0\",\"recommendedTime\":\"0\",\"categoryId\":\"0\",\"showServices\":\"0\",\"hitNum\":\"0\",\"courseType\":\"default\",\"enableAudio\":\"0\",\"isShowUnpublish\":\"1\",\"rewardPoint\":\"0\",\"taskRewardPoint\":\"0\"}', '127.0.0.1', 'Chrome(72.0.3626.119)', 'Linux', 'computer', 'Mozilla/5.0 (X11; Linux x86_64) AppleWebKit/537.36 (KHTML, like Gecko) Chrome/72.0.3626.119 Safari/537.36', 1557827185, 'info'),
(75, 2, 'course', 'create', '创建课程', '{\"id\":\"3\",\"type\":\"normal\",\"title\":\"\\u8ba1\\u7b97\\u673a\\u7f51\\u7edc\",\"subtitle\":\"\",\"tags\":[],\"categoryId\":\"0\",\"serializeMode\":\"none\",\"status\":\"draft\",\"summary\":null,\"goals\":[],\"audiences\":[],\"cover\":[],\"ratingNum\":\"0\",\"rating\":\"0\",\"noteNum\":\"0\",\"studentNum\":\"0\",\"hotSeq\":\"0\",\"recommended\":\"0\",\"recommendedSeq\":\"0\",\"recommendedTime\":\"0\",\"orgId\":\"1\",\"orgCode\":\"1.\",\"discountId\":\"0\",\"discount\":\"10.00\",\"hitNum\":\"0\",\"maxRate\":\"100\",\"materialNum\":\"0\",\"parentId\":\"0\",\"locked\":\"0\",\"maxCoursePrice\":\"0.00\",\"minCoursePrice\":\"0.00\",\"teacherIds\":[\"2\"],\"creator\":\"2\",\"createdTime\":\"1557827185\",\"updatedTime\":\"1557827185\",\"defaultCourseId\":\"3\"}', '127.0.0.1', 'Chrome(72.0.3626.119)', 'Linux', 'computer', 'Mozilla/5.0 (X11; Linux x86_64) AppleWebKit/537.36 (KHTML, like Gecko) Chrome/72.0.3626.119 Safari/537.36', 1557827185, 'info'),
(76, 2, 'course', 'update', '修改课程', '{\"subtitle\":{\"old\":\"\",\"new\":\"ggrfs\"},\"tags\":{\"old\":[],\"new\":[\"1\"]},\"categoryId\":{\"old\":\"0\",\"new\":\"1\"},\"summary\":{\"old\":\"\",\"new\":\"<p>fdgdfdgdf<\\/p>\\n\"},\"id\":\"3\",\"showTitle\":\"\\u8ba1\\u7b97\\u673a\\u7f51\\u7edc\"}', '127.0.0.1', 'Chrome(72.0.3626.119)', 'Linux', 'computer', 'Mozilla/5.0 (X11; Linux x86_64) AppleWebKit/537.36 (KHTML, like Gecko) Chrome/72.0.3626.119 Safari/537.36', 1557834433, 'info'),
(77, 1, 'course', 'refresh_learning_progress', '开始执行刷新学习进度的定时任务', '', '127.0.0.1', '未知浏览器', '未知操作系统', 'computer', '', 1557856802, 'info'),
(78, 1, 'course', 'refresh_learning_progress', '刷新学习进度的定时任务执行成功', '', '127.0.0.1', '未知浏览器', '未知操作系统', 'computer', '', 1557856802, 'info'),
(79, 3, 'user', 'login_success', '登录成功', '', '127.0.0.1', 'Chrome(72.0.3626.119)', 'Linux', 'computer', 'Mozilla/5.0 (X11; Linux x86_64) AppleWebKit/537.36 (KHTML, like Gecko) Chrome/72.0.3626.119 Safari/537.36', 1557942335, 'info'),
(80, 2, 'user', 'login_success', '登录成功', '', '127.0.0.1', 'Chrome(72.0.3626.119)', 'Linux', 'computer', 'Mozilla/5.0 (X11; Linux x86_64) AppleWebKit/537.36 (KHTML, like Gecko) Chrome/72.0.3626.119 Safari/537.36', 1557942379, 'info');
INSERT INTO `log_v8` (`id`, `userId`, `module`, `action`, `message`, `data`, `ip`, `browser`, `operatingSystem`, `device`, `userAgent`, `createdTime`, `level`) VALUES
(81, 2, 'system', 'update_settings._app_last_check', '更新应用检测设置', '{\"0\":{\"old\":1557749101,\"new\":1557942397},\"id\":\"\",\"showTitle\":\"\"}', '127.0.0.1', 'Chrome(72.0.3626.119)', 'Linux', 'computer', 'Mozilla/5.0 (X11; Linux x86_64) AppleWebKit/537.36 (KHTML, like Gecko) Chrome/72.0.3626.119 Safari/537.36', 1557942397, 'info'),
(82, 1, 'course', 'refresh_learning_progress', '开始执行刷新学习进度的定时任务', '', '127.0.0.1', '未知浏览器', '未知操作系统', 'computer', '', 1557943202, 'info'),
(83, 1, 'course', 'refresh_learning_progress', '刷新学习进度的定时任务执行成功', '', '127.0.0.1', '未知浏览器', '未知操作系统', 'computer', '', 1557943202, 'info'),
(84, 2, 'user', 'login_success', '登录成功', '', '127.0.0.1', 'Chrome(72.0.3626.119)', 'Linux', 'computer', 'Mozilla/5.0 (X11; Linux x86_64) AppleWebKit/537.36 (KHTML, like Gecko) Chrome/72.0.3626.119 Safari/537.36', 1557983246, 'info'),
(85, 3, 'user', 'login_success', '登录成功', '', '127.0.0.1', 'Chrome(72.0.3626.119)', 'Linux', 'computer', 'Mozilla/5.0 (X11; Linux x86_64) AppleWebKit/537.36 (KHTML, like Gecko) Chrome/72.0.3626.119 Safari/537.36', 1557985985, 'info'),
(86, 2, 'course', 'add_question', '新增题目', '{\"id\":\"5\",\"type\":\"single_choice\",\"stem\":\"<p>\\u7684\\u65b9\\u6cd5\\u4e3d\\u6c5f\\u51c9\\u7c89<\\/p>\\r\\n\",\"score\":\"2.0\",\"answer\":[\"0\"],\"analysis\":\"\",\"metas\":{\"choices\":[\"<p>\\u98ce\\u4fd7\\u4e09\\u56db\\u4e09<\\/p>\\r\\n\",\"<p>\\u975e\\u8bc9\\u8bbc\\u7684\\u7684<\\/p>\\r\\n\",\"<p>\\u98ce\\u4fd7\\u800c\\u6cd5\\u56fd<\\/p>\\r\\n\",\"<p>\\u53cd\\u53cd\\u590d\\u590d\\u51e4\\u98de\\u98de<\\/p>\\r\\n\"]},\"categoryId\":\"0\",\"difficulty\":\"normal\",\"target\":\"course-3\",\"courseId\":\"3\",\"lessonId\":\"0\",\"parentId\":\"0\",\"subCount\":\"0\",\"finishedTimes\":\"0\",\"passedTimes\":\"0\",\"createdUserId\":\"2\",\"updatedUserId\":\"2\",\"updatedTime\":\"1557993121\",\"createdTime\":\"1557993121\",\"copyId\":\"0\",\"courseSetId\":\"3\"}', '127.0.0.1', 'Chrome(72.0.3626.119)', 'Linux', 'computer', 'Mozilla/5.0 (X11; Linux x86_64) AppleWebKit/537.36 (KHTML, like Gecko) Chrome/72.0.3626.119 Safari/537.36', 1557993121, 'info'),
(87, 2, 'course', 'add_question', '新增题目', '{\"id\":\"6\",\"type\":\"choice\",\"stem\":\"<p>\\u5efa\\u7acb\\u4f5b\\u6559\\u68ee\\u6797\\u91cc\\uff1f<\\/p>\\r\\n\",\"score\":\"10.0\",\"answer\":[\"0\",\"1\"],\"analysis\":\"\",\"metas\":{\"choices\":[\"<p>\\u4efd\\u989d\\u65b9\\u6cd5<\\/p>\\n\",\"<p>\\u53cd\\u53cd\\u590d\\u590d<\\/p>\\n\",\"<p>\\u53cd\\u53cd\\u590d\\u590d<\\/p>\\n\",\"<p>\\u5168\\u7403\\u8bf7\\u6c42\\u6743<\\/p>\\n\"]},\"categoryId\":\"0\",\"difficulty\":\"normal\",\"target\":\"course-3\",\"courseId\":\"0\",\"lessonId\":\"0\",\"parentId\":\"0\",\"subCount\":\"0\",\"finishedTimes\":\"0\",\"passedTimes\":\"0\",\"createdUserId\":\"2\",\"updatedUserId\":\"2\",\"updatedTime\":\"1557993269\",\"createdTime\":\"1557993269\",\"copyId\":\"0\",\"courseSetId\":\"3\"}', '127.0.0.1', 'Chrome(72.0.3626.119)', 'Linux', 'computer', 'Mozilla/5.0 (X11; Linux x86_64) AppleWebKit/537.36 (KHTML, like Gecko) Chrome/72.0.3626.119 Safari/537.36', 1557993269, 'info'),
(88, 2, 'course', 'add_question', '新增题目', '{\"id\":\"7\",\"type\":\"essay\",\"stem\":\"<p>\\u52a0\\u901f\\u4e86\\u91d1\\u65f6\\u671f\\u4f5b\\u6559\\uff1f<\\/p>\\r\\n\",\"score\":\"2.0\",\"answer\":[\"<p>\\u4e00\\u66f2\\u548c\\u7e41\\u82b1\\u4f3c\\u9526\\u53efushhuqufjs\\u3002\\u9632\\u62a4\\u4fc4\\u3002<\\/p>\\n\"],\"analysis\":\"\",\"metas\":[],\"categoryId\":\"0\",\"difficulty\":\"normal\",\"target\":\"course-3\",\"courseId\":\"3\",\"lessonId\":\"0\",\"parentId\":\"0\",\"subCount\":\"0\",\"finishedTimes\":\"0\",\"passedTimes\":\"0\",\"createdUserId\":\"2\",\"updatedUserId\":\"2\",\"updatedTime\":\"1557993636\",\"createdTime\":\"1557993636\",\"copyId\":\"0\",\"courseSetId\":\"3\"}', '127.0.0.1', 'Chrome(72.0.3626.119)', 'Linux', 'computer', 'Mozilla/5.0 (X11; Linux x86_64) AppleWebKit/537.36 (KHTML, like Gecko) Chrome/72.0.3626.119 Safari/537.36', 1557993636, 'info'),
(89, 2, 'course', 'add_question', '新增题目', '{\"id\":\"8\",\"type\":\"determine\",\"stem\":\"<p>\\u53ca\\u9632\\u62a4\\u6c14\\u4f53\\u4eca\\u963f\\u5408\\u5947\\u98ce\\u666f\\u533a\\u63d0\\u963f\\u89e3\\u653e\\u540e\\u3002<\\/p>\\r\\n\",\"score\":\"2.0\",\"answer\":[\"1\"],\"analysis\":\"<p>\\u53bbitiaj\\u89e3\\u653e\\u540e\\u6587\\u5e93\\u520a\\u523b\\u3002<\\/p>\\n\",\"metas\":[],\"categoryId\":\"0\",\"difficulty\":\"normal\",\"target\":\"course-3\",\"courseId\":\"0\",\"lessonId\":\"0\",\"parentId\":\"0\",\"subCount\":\"0\",\"finishedTimes\":\"0\",\"passedTimes\":\"0\",\"createdUserId\":\"2\",\"updatedUserId\":\"2\",\"updatedTime\":\"1557993707\",\"createdTime\":\"1557993707\",\"copyId\":\"0\",\"courseSetId\":\"3\"}', '127.0.0.1', 'Chrome(72.0.3626.119)', 'Linux', 'computer', 'Mozilla/5.0 (X11; Linux x86_64) AppleWebKit/537.36 (KHTML, like Gecko) Chrome/72.0.3626.119 Safari/537.36', 1557993707, 'info'),
(90, 2, 'course', 'add_question', '新增题目', '{\"id\":\"9\",\"type\":\"fill\",\"stem\":\"<p>\\u53d1\\u6325\\u547c\\u6c14\\u638f[[\\u5168\\u7403\\u8bf7\\u6c42\\u6743]]\\u7a7a\\uff0c\\u7236\\u4eb2\\u53c8\\u5982\\u4f55\\u5927\\u5bb6\\u3002<\\/p>\\r\\n\",\"score\":\"10.0\",\"answer\":[[\"\\u5168\\u7403\\u8bf7\\u6c42\\u6743\"]],\"analysis\":\"\",\"metas\":[],\"categoryId\":\"0\",\"difficulty\":\"normal\",\"target\":\"course-3\",\"courseId\":\"0\",\"lessonId\":\"0\",\"parentId\":\"0\",\"subCount\":\"0\",\"finishedTimes\":\"0\",\"passedTimes\":\"0\",\"createdUserId\":\"2\",\"updatedUserId\":\"2\",\"updatedTime\":\"1557993818\",\"createdTime\":\"1557993818\",\"copyId\":\"0\",\"courseSetId\":\"3\"}', '127.0.0.1', 'Chrome(72.0.3626.119)', 'Linux', 'computer', 'Mozilla/5.0 (X11; Linux x86_64) AppleWebKit/537.36 (KHTML, like Gecko) Chrome/72.0.3626.119 Safari/537.36', 1557993818, 'info'),
(91, 2, 'course', 'add_testpaper', '新增试卷', '{\"id\":\"3\",\"name\":\"\\u8ba1\\u7b97\\u673a\\u7f51\\u7edc2019\\u671f\\u672b\\u8003\\u8bd5\",\"description\":\"<p>\\u8eaf\\u4f53\\u963f\\u89e3\\u653e\\u540e\\u5176\\u80e1\\u6912\\u7c89\\u6797\\u65af\\u57fa\\u3002<\\/p>\\r\\n\",\"courseId\":\"0\",\"lessonId\":\"0\",\"limitedTime\":\"0\",\"pattern\":\"questionType\",\"target\":\"\",\"status\":\"draft\",\"score\":\"0.0\",\"passedCondition\":[0],\"itemCount\":\"0\",\"createdUserId\":\"2\",\"createdTime\":\"1557993991\",\"updatedUserId\":\"2\",\"updatedTime\":\"1557993991\",\"metas\":{\"mode\":\"rand\",\"ranges\":{\"courseId\":\"0\"},\"counts\":{\"single_choice\":\"1\",\"choice\":\"1\",\"essay\":\"1\",\"fill\":\"1\",\"determine\":\"1\"},\"scores\":{\"single_choice\":\"2\",\"choice\":\"2\",\"essay\":\"2\",\"uncertain_choice\":\"2\",\"fill\":\"2\",\"determine\":\"2\",\"material\":\"2\"},\"missScores\":{\"choice\":\"0\",\"uncertain_choice\":\"0\"},\"percentages\":{\"simple\":\"30\",\"normal\":\"40\",\"difficulty\":\"30\"}},\"copyId\":\"0\",\"type\":\"testpaper\",\"courseSetId\":\"3\",\"migrateTestId\":\"0\"}', '127.0.0.1', 'Chrome(72.0.3626.119)', 'Linux', 'computer', 'Mozilla/5.0 (X11; Linux x86_64) AppleWebKit/537.36 (KHTML, like Gecko) Chrome/72.0.3626.119 Safari/537.36', 1557993991, 'info'),
(92, 2, 'course', 'add_task', '添加学习任务', '{\"id\":\"3\",\"courseId\":\"3\",\"seq\":\"1\",\"categoryId\":\"3\",\"activityId\":\"3\",\"title\":\"\\u8ba1\\u7b97\\u673a\\u7f51\\u7edc2019\\u671f\\u672b\\u8003\\u8bd5\",\"isFree\":\"0\",\"isOptional\":\"0\",\"startTime\":\"0\",\"endTime\":\"0\",\"mode\":\"lesson\",\"status\":\"create\",\"number\":\"\",\"type\":\"testpaper\",\"mediaSource\":\"\",\"maxOnlineNum\":\"0\",\"fromCourseSetId\":\"3\",\"length\":\"30\",\"copyId\":\"0\",\"createdUserId\":\"2\",\"createdTime\":\"1557994375\",\"updatedTime\":\"1557994375\"}', '127.0.0.1', 'Chrome(72.0.3626.119)', 'Linux', 'computer', 'Mozilla/5.0 (X11; Linux x86_64) AppleWebKit/537.36 (KHTML, like Gecko) Chrome/72.0.3626.119 Safari/537.36', 1557994375, 'info'),
(93, 2, 'course', 'create_lesson', '创建课时', '[{\"id\":\"3\",\"courseId\":\"3\",\"type\":\"lesson\",\"number\":\"1\",\"seq\":\"1\",\"title\":\"\\u8ba1\\u7b97\\u673a\\u7f51\\u7edc2019\\u671f\\u672b\\u8003\\u8bd5\",\"createdTime\":\"1557994375\",\"updatedTime\":\"1557994375\",\"copyId\":\"0\",\"status\":\"created\",\"isOptional\":\"0\"},{\"id\":\"3\",\"courseId\":\"3\",\"seq\":\"1\",\"categoryId\":\"3\",\"activityId\":\"3\",\"title\":\"\\u8ba1\\u7b97\\u673a\\u7f51\\u7edc2019\\u671f\\u672b\\u8003\\u8bd5\",\"isFree\":\"0\",\"isOptional\":\"0\",\"startTime\":\"0\",\"endTime\":\"0\",\"mode\":\"lesson\",\"status\":\"create\",\"number\":\"\",\"type\":\"testpaper\",\"mediaSource\":\"\",\"maxOnlineNum\":\"0\",\"fromCourseSetId\":\"3\",\"length\":\"30\",\"copyId\":\"0\",\"createdUserId\":\"2\",\"createdTime\":\"1557994375\",\"updatedTime\":\"1557994375\"}]', '127.0.0.1', 'Chrome(72.0.3626.119)', 'Linux', 'computer', 'Mozilla/5.0 (X11; Linux x86_64) AppleWebKit/537.36 (KHTML, like Gecko) Chrome/72.0.3626.119 Safari/537.36', 1557994375, 'info'),
(94, 2, 'course', 'publish_course', '发布教学计划', '{\"status\":{\"old\":\"draft\",\"new\":\"published\"},\"id\":\"3\",\"showTitle\":\"\\u8ba1\\u7b97\\u673a\\u7f51\\u7edc\"}', '127.0.0.1', 'Chrome(72.0.3626.119)', 'Linux', 'computer', 'Mozilla/5.0 (X11; Linux x86_64) AppleWebKit/537.36 (KHTML, like Gecko) Chrome/72.0.3626.119 Safari/537.36', 1557994518, 'info'),
(95, 2, 'course', 'publish', '发布课程', '{\"status\":{\"old\":\"draft\",\"new\":\"published\"},\"id\":\"3\",\"showTitle\":\"\\u8ba1\\u7b97\\u673a\\u7f51\\u7edc\"}', '127.0.0.1', 'Chrome(72.0.3626.119)', 'Linux', 'computer', 'Mozilla/5.0 (X11; Linux x86_64) AppleWebKit/537.36 (KHTML, like Gecko) Chrome/72.0.3626.119 Safari/537.36', 1557994518, 'info'),
(96, 2, 'course', 'add_student', '《计算机网络》-(#3)，添加学员11111(#3)，备注：测试管理员添加', '{\"courseSetId\":\"3\",\"courseId\":\"3\",\"title\":\"\\u8ba1\\u7b97\\u673a\\u7f51\\u7edc\",\"userId\":\"3\",\"nickname\":\"11111\",\"remark\":\"\\u6d4b\\u8bd5\\u7ba1\\u7406\\u5458\\u6dfb\\u52a0\"}', '127.0.0.1', 'Chrome(72.0.3626.119)', 'Linux', 'computer', 'Mozilla/5.0 (X11; Linux x86_64) AppleWebKit/537.36 (KHTML, like Gecko) Chrome/72.0.3626.119 Safari/537.36', 1557994560, 'info'),
(97, 1, 'course', 'refresh_learning_progress', '开始执行刷新学习进度的定时任务', '', '127.0.0.1', '未知浏览器', '未知操作系统', 'computer', '', 1558076881, 'info'),
(98, 1, 'course', 'refresh_learning_progress', '刷新学习进度的定时任务执行成功', '', '127.0.0.1', '未知浏览器', '未知操作系统', 'computer', '', 1558076881, 'info'),
(99, 2, 'user', 'login_success', '登录成功', '', '127.0.0.1', 'Chrome(72.0.3626.119)', 'Linux', 'computer', 'Mozilla/5.0 (X11; Linux x86_64) AppleWebKit/537.36 (KHTML, like Gecko) Chrome/72.0.3626.119 Safari/537.36', 1558077012, 'info'),
(100, 2, 'user', 'login_success', '登录成功', '', '127.0.0.1', 'Chrome(72.0.3626.119)', 'Linux', 'computer', 'Mozilla/5.0 (X11; Linux x86_64) AppleWebKit/537.36 (KHTML, like Gecko) Chrome/72.0.3626.119 Safari/537.36', 1558077012, 'info'),
(101, 2, 'user', 'login_success', '登录成功', '', '127.0.0.1', 'Chrome(72.0.3626.119)', 'Linux', 'computer', 'Mozilla/5.0 (X11; Linux x86_64) AppleWebKit/537.36 (KHTML, like Gecko) Chrome/72.0.3626.119 Safari/537.36', 1558077013, 'info'),
(102, 3, 'user', 'login_success', '登录成功', '', '127.0.0.1', 'Chrome(72.0.3626.119)', 'Linux', 'computer', 'Mozilla/5.0 (X11; Linux x86_64) AppleWebKit/537.36 (KHTML, like Gecko) Chrome/72.0.3626.119 Safari/537.36', 1558079776, 'info'),
(103, 1, 'course', 'refresh_learning_progress', '开始执行刷新学习进度的定时任务', '', '127.0.0.1', '未知浏览器', '未知操作系统', 'computer', '', 1558187282, 'info'),
(104, 1, 'course', 'refresh_learning_progress', '刷新学习进度的定时任务执行成功', '', '127.0.0.1', '未知浏览器', '未知操作系统', 'computer', '', 1558187282, 'info'),
(105, 2, 'user', 'login_success', '登录成功', '', '127.0.0.1', 'Chrome(72.0.3626.119)', 'Linux', 'computer', 'Mozilla/5.0 (X11; Linux x86_64) AppleWebKit/537.36 (KHTML, like Gecko) Chrome/72.0.3626.119 Safari/537.36', 1558187496, 'info'),
(106, 2, 'user', 'login_success', '登录成功', '', '127.0.0.1', 'Chrome(72.0.3626.119)', 'Linux', 'computer', 'Mozilla/5.0 (X11; Linux x86_64) AppleWebKit/537.36 (KHTML, like Gecko) Chrome/72.0.3626.119 Safari/537.36', 1558187496, 'info'),
(107, 2, 'user', 'login_success', '登录成功', '', '127.0.0.1', 'Chrome(72.0.3626.119)', 'Linux', 'computer', 'Mozilla/5.0 (X11; Linux x86_64) AppleWebKit/537.36 (KHTML, like Gecko) Chrome/72.0.3626.119 Safari/537.36', 1558187496, 'info'),
(108, 2, 'user', 'login_success', '登录成功', '', '127.0.0.1', 'Chrome(72.0.3626.119)', 'Linux', 'computer', 'Mozilla/5.0 (X11; Linux x86_64) AppleWebKit/537.36 (KHTML, like Gecko) Chrome/72.0.3626.119 Safari/537.36', 1558187497, 'info'),
(109, 2, 'course', 'add_task', '添加学习任务', '{\"id\":\"4\",\"courseId\":\"3\",\"seq\":\"1\",\"categoryId\":\"6\",\"activityId\":\"4\",\"title\":\"sffsfsf\",\"isFree\":\"0\",\"isOptional\":\"0\",\"startTime\":\"0\",\"endTime\":\"0\",\"mode\":\"lesson\",\"status\":\"create\",\"number\":\"\",\"type\":\"testpaper\",\"mediaSource\":\"\",\"maxOnlineNum\":\"0\",\"fromCourseSetId\":\"3\",\"length\":\"0\",\"copyId\":\"0\",\"createdUserId\":\"2\",\"createdTime\":\"1558168161\",\"updatedTime\":\"1558168161\"}', '127.0.0.1', 'Chrome(72.0.3626.119)', 'Linux', 'computer', 'Mozilla/5.0 (X11; Linux x86_64) AppleWebKit/537.36 (KHTML, like Gecko) Chrome/72.0.3626.119 Safari/537.36', 1558168161, 'info'),
(110, 2, 'course', 'create_lesson', '创建考试', '[{\"id\":\"6\",\"courseId\":\"3\",\"type\":\"lesson\",\"number\":\"1\",\"seq\":\"1\",\"title\":\"sffsfsf\",\"createdTime\":\"1558168161\",\"updatedTime\":\"1558168161\",\"copyId\":\"0\",\"status\":\"created\",\"isOptional\":\"0\"},{\"id\":\"4\",\"courseId\":\"3\",\"seq\":\"1\",\"categoryId\":\"6\",\"activityId\":\"4\",\"title\":\"sffsfsf\",\"isFree\":\"0\",\"isOptional\":\"0\",\"startTime\":\"0\",\"endTime\":\"0\",\"mode\":\"lesson\",\"status\":\"create\",\"number\":\"\",\"type\":\"testpaper\",\"mediaSource\":\"\",\"maxOnlineNum\":\"0\",\"fromCourseSetId\":\"3\",\"length\":\"0\",\"copyId\":\"0\",\"createdUserId\":\"2\",\"createdTime\":\"1558168161\",\"updatedTime\":\"1558168161\"}]', '127.0.0.1', 'Chrome(72.0.3626.119)', 'Linux', 'computer', 'Mozilla/5.0 (X11; Linux x86_64) AppleWebKit/537.36 (KHTML, like Gecko) Chrome/72.0.3626.119 Safari/537.36', 1558168161, 'info'),
(111, 2, 'course', 'add_task', '添加学习任务', '{\"id\":\"5\",\"courseId\":\"3\",\"seq\":\"1\",\"categoryId\":\"7\",\"activityId\":\"5\",\"title\":\"\\u798f\\u5efa\\u9ec4\\u91d1\\u8054\\u8d5b\",\"isFree\":\"0\",\"isOptional\":\"0\",\"startTime\":\"0\",\"endTime\":\"0\",\"mode\":\"lesson\",\"status\":\"create\",\"number\":\"\",\"type\":\"testpaper\",\"mediaSource\":\"\",\"maxOnlineNum\":\"0\",\"fromCourseSetId\":\"3\",\"length\":\"0\",\"copyId\":\"0\",\"createdUserId\":\"2\",\"createdTime\":\"1558168337\",\"updatedTime\":\"1558168337\"}', '127.0.0.1', 'Chrome(72.0.3626.119)', 'Linux', 'computer', 'Mozilla/5.0 (X11; Linux x86_64) AppleWebKit/537.36 (KHTML, like Gecko) Chrome/72.0.3626.119 Safari/537.36', 1558168337, 'info'),
(112, 2, 'course', 'create_lesson', '创建考试', '[{\"id\":\"7\",\"courseId\":\"3\",\"type\":\"lesson\",\"number\":\"1\",\"seq\":\"1\",\"title\":\"\\u798f\\u5efa\\u9ec4\\u91d1\\u8054\\u8d5b\",\"createdTime\":\"1558168337\",\"updatedTime\":\"1558168337\",\"copyId\":\"0\",\"status\":\"created\",\"isOptional\":\"0\"},{\"id\":\"5\",\"courseId\":\"3\",\"seq\":\"1\",\"categoryId\":\"7\",\"activityId\":\"5\",\"title\":\"\\u798f\\u5efa\\u9ec4\\u91d1\\u8054\\u8d5b\",\"isFree\":\"0\",\"isOptional\":\"0\",\"startTime\":\"0\",\"endTime\":\"0\",\"mode\":\"lesson\",\"status\":\"create\",\"number\":\"\",\"type\":\"testpaper\",\"mediaSource\":\"\",\"maxOnlineNum\":\"0\",\"fromCourseSetId\":\"3\",\"length\":\"0\",\"copyId\":\"0\",\"createdUserId\":\"2\",\"createdTime\":\"1558168337\",\"updatedTime\":\"1558168337\"}]', '127.0.0.1', 'Chrome(72.0.3626.119)', 'Linux', 'computer', 'Mozilla/5.0 (X11; Linux x86_64) AppleWebKit/537.36 (KHTML, like Gecko) Chrome/72.0.3626.119 Safari/537.36', 1558168337, 'info'),
(113, 3, 'user', 'login_success', '登录成功', '', '127.0.0.1', 'Chrome(72.0.3626.119)', 'Linux', 'computer', 'Mozilla/5.0 (X11; Linux x86_64) AppleWebKit/537.36 (KHTML, like Gecko) Chrome/72.0.3626.119 Safari/537.36', 1558168491, 'info'),
(114, 2, 'user', 'login_success', '登录成功', '', '127.0.0.1', 'Chrome(72.0.3626.119)', 'Linux', 'computer', 'Mozilla/5.0 (X11; Linux x86_64) AppleWebKit/537.36 (KHTML, like Gecko) Chrome/72.0.3626.119 Safari/537.36', 1558179012, 'info'),
(115, 2, 'course', 'add_task', '添加学习任务', '{\"id\":\"6\",\"courseId\":\"3\",\"seq\":\"1\",\"categoryId\":\"8\",\"activityId\":\"6\",\"title\":\"\\u57fa\\u91d1\\u4f1a\\u6240\\u5206\\u7c7b\\u53ca\\u5218\\u4e09\\u59d0\",\"isFree\":\"0\",\"isOptional\":\"0\",\"startTime\":\"0\",\"endTime\":\"0\",\"mode\":\"lesson\",\"status\":\"create\",\"number\":\"\",\"type\":\"testpaper\",\"mediaSource\":\"\",\"maxOnlineNum\":\"0\",\"fromCourseSetId\":\"3\",\"length\":\"20\",\"copyId\":\"0\",\"createdUserId\":\"2\",\"createdTime\":\"1558179367\",\"updatedTime\":\"1558179367\"}', '127.0.0.1', 'Chrome(72.0.3626.119)', 'Linux', 'computer', 'Mozilla/5.0 (X11; Linux x86_64) AppleWebKit/537.36 (KHTML, like Gecko) Chrome/72.0.3626.119 Safari/537.36', 1558179367, 'info'),
(116, 2, 'course', 'create_lesson', '创建考试', '[{\"id\":\"8\",\"courseId\":\"3\",\"type\":\"lesson\",\"number\":\"1\",\"seq\":\"1\",\"title\":\"\\u57fa\\u91d1\\u4f1a\\u6240\\u5206\\u7c7b\\u53ca\\u5218\\u4e09\\u59d0\",\"createdTime\":\"1558179367\",\"updatedTime\":\"1558179367\",\"copyId\":\"0\",\"status\":\"created\",\"isOptional\":\"0\"},{\"id\":\"6\",\"courseId\":\"3\",\"seq\":\"1\",\"categoryId\":\"8\",\"activityId\":\"6\",\"title\":\"\\u57fa\\u91d1\\u4f1a\\u6240\\u5206\\u7c7b\\u53ca\\u5218\\u4e09\\u59d0\",\"isFree\":\"0\",\"isOptional\":\"0\",\"startTime\":\"0\",\"endTime\":\"0\",\"mode\":\"lesson\",\"status\":\"create\",\"number\":\"\",\"type\":\"testpaper\",\"mediaSource\":\"\",\"maxOnlineNum\":\"0\",\"fromCourseSetId\":\"3\",\"length\":\"20\",\"copyId\":\"0\",\"createdUserId\":\"2\",\"createdTime\":\"1558179367\",\"updatedTime\":\"1558179367\"}]', '127.0.0.1', 'Chrome(72.0.3626.119)', 'Linux', 'computer', 'Mozilla/5.0 (X11; Linux x86_64) AppleWebKit/537.36 (KHTML, like Gecko) Chrome/72.0.3626.119 Safari/537.36', 1558179367, 'info'),
(117, 2, 'course', 'delete_lesson', '删除考试', '{\"id\":\"7\",\"courseId\":\"3\",\"type\":\"lesson\",\"number\":\"3\",\"seq\":\"5\",\"title\":\"\\u798f\\u5efa\\u9ec4\\u91d1\\u8054\\u8d5b\",\"createdTime\":\"1558168337\",\"updatedTime\":\"1558168611\",\"copyId\":\"0\",\"status\":\"created\",\"isOptional\":\"0\"}', '127.0.0.1', 'Chrome(72.0.3626.119)', 'Linux', 'computer', 'Mozilla/5.0 (X11; Linux x86_64) AppleWebKit/537.36 (KHTML, like Gecko) Chrome/72.0.3626.119 Safari/537.36', 1558180156, 'info'),
(118, 2, 'course', 'delete_lesson', '删除考试', '{\"id\":\"8\",\"courseId\":\"3\",\"type\":\"lesson\",\"number\":\"2\",\"seq\":\"3\",\"title\":\"\\u57fa\\u91d1\\u4f1a\\u6240\\u5206\\u7c7b\\u53ca\\u5218\\u4e09\\u59d0\",\"createdTime\":\"1558179367\",\"updatedTime\":\"1558180163\",\"copyId\":\"0\",\"status\":\"unpublished\",\"isOptional\":\"0\"}', '127.0.0.1', 'Chrome(72.0.3626.119)', 'Linux', 'computer', 'Mozilla/5.0 (X11; Linux x86_64) AppleWebKit/537.36 (KHTML, like Gecko) Chrome/72.0.3626.119 Safari/537.36', 1558180166, 'info'),
(119, 2, 'course', 'add_task', '添加学习任务', '{\"id\":\"7\",\"courseId\":\"3\",\"seq\":\"1\",\"categoryId\":\"9\",\"activityId\":\"7\",\"title\":\"hjfhkeilsf\",\"isFree\":\"0\",\"isOptional\":\"0\",\"startTime\":\"0\",\"endTime\":\"0\",\"mode\":\"lesson\",\"status\":\"create\",\"number\":\"\",\"type\":\"testpaper\",\"mediaSource\":\"\",\"maxOnlineNum\":\"0\",\"fromCourseSetId\":\"3\",\"length\":\"1\",\"copyId\":\"0\",\"createdUserId\":\"2\",\"createdTime\":\"1558180188\",\"updatedTime\":\"1558180188\"}', '127.0.0.1', 'Chrome(72.0.3626.119)', 'Linux', 'computer', 'Mozilla/5.0 (X11; Linux x86_64) AppleWebKit/537.36 (KHTML, like Gecko) Chrome/72.0.3626.119 Safari/537.36', 1558180188, 'info'),
(120, 2, 'course', 'create_lesson', '创建考试', '[{\"id\":\"9\",\"courseId\":\"3\",\"type\":\"lesson\",\"number\":\"1\",\"seq\":\"1\",\"title\":\"hjfhkeilsf\",\"createdTime\":\"1558180188\",\"updatedTime\":\"1558180188\",\"copyId\":\"0\",\"status\":\"created\",\"isOptional\":\"0\"},{\"id\":\"7\",\"courseId\":\"3\",\"seq\":\"1\",\"categoryId\":\"9\",\"activityId\":\"7\",\"title\":\"hjfhkeilsf\",\"isFree\":\"0\",\"isOptional\":\"0\",\"startTime\":\"0\",\"endTime\":\"0\",\"mode\":\"lesson\",\"status\":\"create\",\"number\":\"\",\"type\":\"testpaper\",\"mediaSource\":\"\",\"maxOnlineNum\":\"0\",\"fromCourseSetId\":\"3\",\"length\":\"1\",\"copyId\":\"0\",\"createdUserId\":\"2\",\"createdTime\":\"1558180188\",\"updatedTime\":\"1558180188\"}]', '127.0.0.1', 'Chrome(72.0.3626.119)', 'Linux', 'computer', 'Mozilla/5.0 (X11; Linux x86_64) AppleWebKit/537.36 (KHTML, like Gecko) Chrome/72.0.3626.119 Safari/537.36', 1558180188, 'info'),
(121, 1, 'course', 'refresh_learning_progress', '开始执行刷新学习进度的定时任务', '[\"3\"]', '127.0.0.1', '未知浏览器', '未知操作系统', 'computer', '', 1558245962, 'info'),
(122, 1, 'course', 'refresh_learning_progress', '刷新计划#3学习进度成功', '', '127.0.0.1', '未知浏览器', '未知操作系统', 'computer', '', 1558245962, 'info'),
(123, 1, 'course', 'refresh_learning_progress', '刷新学习进度的定时任务执行成功', '[\"3\"]', '127.0.0.1', '未知浏览器', '未知操作系统', 'computer', '', 1558245962, 'info'),
(124, 2, 'user', 'login_success', '登录成功', '', '127.0.0.1', 'Chrome(72.0.3626.119)', 'Linux', 'computer', 'Mozilla/5.0 (X11; Linux x86_64) AppleWebKit/537.36 (KHTML, like Gecko) Chrome/72.0.3626.119 Safari/537.36', 1558246131, 'info'),
(125, 2, 'user', 'login_success', '登录成功', '', '127.0.0.1', 'Chrome(72.0.3626.119)', 'Linux', 'computer', 'Mozilla/5.0 (X11; Linux x86_64) AppleWebKit/537.36 (KHTML, like Gecko) Chrome/72.0.3626.119 Safari/537.36', 1558246131, 'info'),
(126, 2, 'user', 'login_success', '登录成功', '', '127.0.0.1', 'Chrome(72.0.3626.119)', 'Linux', 'computer', 'Mozilla/5.0 (X11; Linux x86_64) AppleWebKit/537.36 (KHTML, like Gecko) Chrome/72.0.3626.119 Safari/537.36', 1558246131, 'info'),
(127, 2, 'user', 'login_success', '登录成功', '', '127.0.0.1', 'Chrome(72.0.3626.119)', 'Linux', 'computer', 'Mozilla/5.0 (X11; Linux x86_64) AppleWebKit/537.36 (KHTML, like Gecko) Chrome/72.0.3626.119 Safari/537.36', 1558246131, 'info'),
(128, 2, 'course', 'add_task', '添加学习任务', '{\"id\":\"8\",\"courseId\":\"3\",\"seq\":\"1\",\"categoryId\":\"10\",\"activityId\":\"8\",\"title\":\"\\u98de\\u9e45\\u6e56\\u5168\\u5bb6\\u798f\",\"isFree\":\"0\",\"isOptional\":\"0\",\"startTime\":\"0\",\"endTime\":\"0\",\"mode\":\"lesson\",\"status\":\"create\",\"number\":\"\",\"type\":\"testpaper\",\"mediaSource\":\"\",\"maxOnlineNum\":\"0\",\"fromCourseSetId\":\"3\",\"length\":\"0\",\"copyId\":\"0\",\"createdUserId\":\"2\",\"createdTime\":\"1558247901\",\"updatedTime\":\"1558247901\"}', '127.0.0.1', 'Chrome(72.0.3626.119)', 'Linux', 'computer', 'Mozilla/5.0 (X11; Linux x86_64) AppleWebKit/537.36 (KHTML, like Gecko) Chrome/72.0.3626.119 Safari/537.36', 1558247901, 'info'),
(129, 2, 'course', 'create_lesson', '创建考试', '[{\"id\":\"10\",\"courseId\":\"3\",\"type\":\"lesson\",\"number\":\"1\",\"seq\":\"1\",\"title\":\"\\u98de\\u9e45\\u6e56\\u5168\\u5bb6\\u798f\",\"createdTime\":\"1558247901\",\"updatedTime\":\"1558247901\",\"copyId\":\"0\",\"status\":\"created\",\"isOptional\":\"0\"},{\"id\":\"8\",\"courseId\":\"3\",\"seq\":\"1\",\"categoryId\":\"10\",\"activityId\":\"8\",\"title\":\"\\u98de\\u9e45\\u6e56\\u5168\\u5bb6\\u798f\",\"isFree\":\"0\",\"isOptional\":\"0\",\"startTime\":\"0\",\"endTime\":\"0\",\"mode\":\"lesson\",\"status\":\"create\",\"number\":\"\",\"type\":\"testpaper\",\"mediaSource\":\"\",\"maxOnlineNum\":\"0\",\"fromCourseSetId\":\"3\",\"length\":\"0\",\"copyId\":\"0\",\"createdUserId\":\"2\",\"createdTime\":\"1558247901\",\"updatedTime\":\"1558247901\"}]', '127.0.0.1', 'Chrome(72.0.3626.119)', 'Linux', 'computer', 'Mozilla/5.0 (X11; Linux x86_64) AppleWebKit/537.36 (KHTML, like Gecko) Chrome/72.0.3626.119 Safari/537.36', 1558247901, 'info'),
(130, 2, 'course', 'delete_lesson', '删除考试', '{\"id\":\"6\",\"courseId\":\"3\",\"type\":\"lesson\",\"number\":\"2\",\"seq\":\"3\",\"title\":\"sffsfsf\",\"createdTime\":\"1558168161\",\"updatedTime\":\"1558247927\",\"copyId\":\"0\",\"status\":\"unpublished\",\"isOptional\":\"0\"}', '127.0.0.1', 'Chrome(72.0.3626.119)', 'Linux', 'computer', 'Mozilla/5.0 (X11; Linux x86_64) AppleWebKit/537.36 (KHTML, like Gecko) Chrome/72.0.3626.119 Safari/537.36', 1558247929, 'info'),
(131, 2, 'course', 'add_task', '添加学习任务', '{\"id\":\"9\",\"courseId\":\"3\",\"seq\":\"1\",\"categoryId\":\"11\",\"activityId\":\"9\",\"title\":\"\\u7236\\u4eb2\\u6c14\\u6c1b\",\"isFree\":\"0\",\"isOptional\":\"0\",\"startTime\":\"0\",\"endTime\":\"0\",\"mode\":\"lesson\",\"status\":\"create\",\"number\":\"\",\"type\":\"testpaper\",\"mediaSource\":\"\",\"maxOnlineNum\":\"0\",\"fromCourseSetId\":\"3\",\"length\":\"1\",\"copyId\":\"0\",\"createdUserId\":\"2\",\"createdTime\":\"1558247942\",\"updatedTime\":\"1558247942\"}', '127.0.0.1', 'Chrome(72.0.3626.119)', 'Linux', 'computer', 'Mozilla/5.0 (X11; Linux x86_64) AppleWebKit/537.36 (KHTML, like Gecko) Chrome/72.0.3626.119 Safari/537.36', 1558247942, 'info'),
(132, 2, 'course', 'create_lesson', '创建考试', '[{\"id\":\"11\",\"courseId\":\"3\",\"type\":\"lesson\",\"number\":\"1\",\"seq\":\"1\",\"title\":\"\\u7236\\u4eb2\\u6c14\\u6c1b\",\"createdTime\":\"1558247942\",\"updatedTime\":\"1558247942\",\"copyId\":\"0\",\"status\":\"created\",\"isOptional\":\"0\"},{\"id\":\"9\",\"courseId\":\"3\",\"seq\":\"1\",\"categoryId\":\"11\",\"activityId\":\"9\",\"title\":\"\\u7236\\u4eb2\\u6c14\\u6c1b\",\"isFree\":\"0\",\"isOptional\":\"0\",\"startTime\":\"0\",\"endTime\":\"0\",\"mode\":\"lesson\",\"status\":\"create\",\"number\":\"\",\"type\":\"testpaper\",\"mediaSource\":\"\",\"maxOnlineNum\":\"0\",\"fromCourseSetId\":\"3\",\"length\":\"1\",\"copyId\":\"0\",\"createdUserId\":\"2\",\"createdTime\":\"1558247942\",\"updatedTime\":\"1558247942\"}]', '127.0.0.1', 'Chrome(72.0.3626.119)', 'Linux', 'computer', 'Mozilla/5.0 (X11; Linux x86_64) AppleWebKit/537.36 (KHTML, like Gecko) Chrome/72.0.3626.119 Safari/537.36', 1558247942, 'info'),
(133, 3, 'user', 'login_success', '登录成功', '', '127.0.0.1', 'Chrome(72.0.3626.119)', 'Linux', 'computer', 'Mozilla/5.0 (X11; Linux x86_64) AppleWebKit/537.36 (KHTML, like Gecko) Chrome/72.0.3626.119 Safari/537.36', 1558252785, 'info'),
(134, 1, 'course', 'refresh_learning_progress', '开始执行刷新学习进度的定时任务', '[\"3\"]', '127.0.0.1', '未知浏览器', '未知操作系统', 'computer', '', 1558331702, 'info'),
(135, 1, 'course', 'refresh_learning_progress', '刷新计划#3学习进度成功', '', '127.0.0.1', '未知浏览器', '未知操作系统', 'computer', '', 1558331702, 'info'),
(136, 1, 'course', 'refresh_learning_progress', '刷新学习进度的定时任务执行成功', '[\"3\"]', '127.0.0.1', '未知浏览器', '未知操作系统', 'computer', '', 1558331702, 'info'),
(137, 2, 'user', 'login_success', '登录成功', '', '127.0.0.1', 'Chrome(72.0.3626.119)', 'Linux', 'computer', 'Mozilla/5.0 (X11; Linux x86_64) AppleWebKit/537.36 (KHTML, like Gecko) Chrome/72.0.3626.119 Safari/537.36', 1558332140, 'info'),
(138, 3, 'user', 'login_success', '登录成功', '', '127.0.0.1', 'Chrome(72.0.3626.119)', 'Linux', 'computer', 'Mozilla/5.0 (X11; Linux x86_64) AppleWebKit/537.36 (KHTML, like Gecko) Chrome/72.0.3626.119 Safari/537.36', 1558332163, 'info'),
(139, 2, 'system', 'update_settings._app_last_check', '更新应用检测设置', '{\"0\":{\"old\":1557942397,\"new\":1558351999},\"id\":\"\",\"showTitle\":\"\"}', '127.0.0.1', 'Chrome(72.0.3626.119)', 'Linux', 'computer', 'Mozilla/5.0 (X11; Linux x86_64) AppleWebKit/537.36 (KHTML, like Gecko) Chrome/72.0.3626.119 Safari/537.36', 1558351999, 'info'),
(140, 1, 'course', 'refresh_learning_progress', '开始执行刷新学习进度的定时任务', '', '127.0.0.1', '未知浏览器', '未知操作系统', 'computer', '', 1558421621, 'info'),
(141, 1, 'course', 'refresh_learning_progress', '刷新学习进度的定时任务执行成功', '', '127.0.0.1', '未知浏览器', '未知操作系统', 'computer', '', 1558421621, 'info'),
(142, 2, 'user', 'login_success', '登录成功', '', '127.0.0.1', 'Chrome(72.0.3626.119)', 'Linux', 'computer', 'Mozilla/5.0 (X11; Linux x86_64) AppleWebKit/537.36 (KHTML, like Gecko) Chrome/72.0.3626.119 Safari/537.36', 1558421739, 'info'),
(143, 2, 'user', 'login_success', '登录成功', '', '127.0.0.1', 'Chrome(72.0.3626.119)', 'Linux', 'computer', 'Mozilla/5.0 (X11; Linux x86_64) AppleWebKit/537.36 (KHTML, like Gecko) Chrome/72.0.3626.119 Safari/537.36', 1558421739, 'info'),
(144, 2, 'user', 'login_success', '登录成功', '', '127.0.0.1', 'Chrome(72.0.3626.119)', 'Linux', 'computer', 'Mozilla/5.0 (X11; Linux x86_64) AppleWebKit/537.36 (KHTML, like Gecko) Chrome/72.0.3626.119 Safari/537.36', 1558421739, 'info'),
(145, 2, 'user', 'login_success', '登录成功', '', '127.0.0.1', 'Chrome(72.0.3626.119)', 'Linux', 'computer', 'Mozilla/5.0 (X11; Linux x86_64) AppleWebKit/537.36 (KHTML, like Gecko) Chrome/72.0.3626.119 Safari/537.36', 1558421739, 'info'),
(146, 2, 'user', 'login_success', '登录成功', '', '127.0.0.1', 'Chrome(72.0.3626.119)', 'Linux', 'computer', 'Mozilla/5.0 (X11; Linux x86_64) AppleWebKit/537.36 (KHTML, like Gecko) Chrome/72.0.3626.119 Safari/537.36', 1558421739, 'info'),
(147, 2, 'user', 'login_success', '登录成功', '', '127.0.0.1', 'Chrome(72.0.3626.119)', 'Linux', 'computer', 'Mozilla/5.0 (X11; Linux x86_64) AppleWebKit/537.36 (KHTML, like Gecko) Chrome/72.0.3626.119 Safari/537.36', 1558421739, 'info'),
(148, 2, 'user', 'login_success', '登录成功', '', '127.0.0.1', 'Chrome(72.0.3626.119)', 'Linux', 'computer', 'Mozilla/5.0 (X11; Linux x86_64) AppleWebKit/537.36 (KHTML, like Gecko) Chrome/72.0.3626.119 Safari/537.36', 1558421740, 'info'),
(149, 2, 'user', 'login_success', '登录成功', '', '127.0.0.1', 'Chrome(72.0.3626.119)', 'Linux', 'computer', 'Mozilla/5.0 (X11; Linux x86_64) AppleWebKit/537.36 (KHTML, like Gecko) Chrome/72.0.3626.119 Safari/537.36', 1558421740, 'info'),
(150, 2, 'classroom', 'add_course', '班级《计算机班级1》(#1)添加了课程《》(#4)', '{\"classroomId\":\"1\",\"title\":\"\\u8ba1\\u7b97\\u673a\\u73ed\\u7ea71\",\"courseSetId\":\"4\",\"courseSetTitle\":\"\"}', '127.0.0.1', 'Chrome(72.0.3626.119)', 'Linux', 'computer', 'Mozilla/5.0 (X11; Linux x86_64) AppleWebKit/537.36 (KHTML, like Gecko) Chrome/72.0.3626.119 Safari/537.36', 1558422207, 'info'),
(151, 2, 'classroom', 'update', '修改班级', '{\"courseNum\":{\"old\":\"1\",\"new\":\"2\"},\"lessonNum\":{\"old\":\"1\",\"new\":\"5\"},\"id\":\"1\",\"showTitle\":\"\\u8ba1\\u7b97\\u673a\\u73ed\\u7ea71\"}', '127.0.0.1', 'Chrome(72.0.3626.119)', 'Linux', 'computer', 'Mozilla/5.0 (X11; Linux x86_64) AppleWebKit/537.36 (KHTML, like Gecko) Chrome/72.0.3626.119 Safari/537.36', 1558422207, 'info'),
(152, 2, 'system', 'update_settings.esBar', '更新侧边栏设置', '{\"enabled\":{\"old\":\"\",\"new\":\"0\"},\"id\":\"\",\"showTitle\":\"\"}', '127.0.0.1', 'Chrome(72.0.3626.119)', 'Linux', 'computer', 'Mozilla/5.0 (X11; Linux x86_64) AppleWebKit/537.36 (KHTML, like Gecko) Chrome/72.0.3626.119 Safari/537.36', 1558422494, 'info'),
(153, 2, 'system', 'update_settings.site', '更新站点设置', '{\"name\":{\"old\":\"EDUSOHO\\u6d4b\\u8bd5\\u7ad9\",\"new\":\"\\u5728\\u7ebf\\u8003\\u8bd5\\u7cfb\\u7edf\"},\"id\":\"\",\"showTitle\":\"EDUSOHO\\u6d4b\\u8bd5\\u7ad9\"}', '127.0.0.1', 'Chrome(72.0.3626.119)', 'Linux', 'computer', 'Mozilla/5.0 (X11; Linux x86_64) AppleWebKit/537.36 (KHTML, like Gecko) Chrome/72.0.3626.119 Safari/537.36', 1558422626, 'info'),
(154, 2, 'course', 'close', '关闭课程', '{\"status\":{\"old\":\"published\",\"new\":\"closed\"},\"id\":\"1\",\"showTitle\":\"\\u8bfe\\u7a0b47847\"}', '127.0.0.1', 'Chrome(72.0.3626.119)', 'Linux', 'computer', 'Mozilla/5.0 (X11; Linux x86_64) AppleWebKit/537.36 (KHTML, like Gecko) Chrome/72.0.3626.119 Safari/537.36', 1558437290, 'info'),
(155, 2, 'course', 'publish', '发布课程', '{\"status\":{\"old\":\"closed\",\"new\":\"published\"},\"id\":\"1\",\"showTitle\":\"\\u8bfe\\u7a0b47847\"}', '127.0.0.1', 'Chrome(72.0.3626.119)', 'Linux', 'computer', 'Mozilla/5.0 (X11; Linux x86_64) AppleWebKit/537.36 (KHTML, like Gecko) Chrome/72.0.3626.119 Safari/537.36', 1558437323, 'info'),
(156, 2, 'classroom', 'create', '新增班级', '{\"id\":\"2\",\"title\":\"\\u6d4b\\u8bd5\\u73ed\\u7ea71\",\"status\":\"draft\",\"about\":null,\"categoryId\":\"0\",\"description\":null,\"price\":\"0.00\",\"vipLevelId\":\"0\",\"smallPicture\":\"\",\"middlePicture\":\"\",\"largePicture\":\"\",\"headTeacherId\":\"0\",\"teacherIds\":[\"2\"],\"assistantIds\":[],\"hitNum\":\"0\",\"auditorNum\":\"0\",\"studentNum\":\"0\",\"courseNum\":\"0\",\"lessonNum\":\"0\",\"threadNum\":\"0\",\"noteNum\":\"0\",\"postNum\":\"0\",\"income\":\"0.00\",\"createdTime\":\"1558438182\",\"updatedTime\":\"1558438182\",\"service\":[],\"private\":\"0\",\"recommended\":\"0\",\"recommendedSeq\":\"100\",\"recommendedTime\":\"0\",\"rating\":\"0\",\"ratingNum\":\"0\",\"hotSeq\":\"0\",\"maxRate\":\"100\",\"showable\":\"1\",\"buyable\":\"1\",\"conversationId\":\"0\",\"orgId\":\"1\",\"orgCode\":\"1.\",\"expiryMode\":\"forever\",\"expiryValue\":\"0\",\"creator\":\"2\"}', '127.0.0.1', 'Chrome(72.0.3626.119)', 'Linux', 'computer', 'Mozilla/5.0 (X11; Linux x86_64) AppleWebKit/537.36 (KHTML, like Gecko) Chrome/72.0.3626.119 Safari/537.36', 1558438182, 'info'),
(157, 2, 'classroom', 'add_course', '班级《测试班级1》(#2)添加了课程《》(#5)', '{\"classroomId\":\"2\",\"title\":\"\\u6d4b\\u8bd5\\u73ed\\u7ea71\",\"courseSetId\":\"5\",\"courseSetTitle\":\"\"}', '127.0.0.1', 'Chrome(72.0.3626.119)', 'Linux', 'computer', 'Mozilla/5.0 (X11; Linux x86_64) AppleWebKit/537.36 (KHTML, like Gecko) Chrome/72.0.3626.119 Safari/537.36', 1558438214, 'info'),
(158, 2, 'classroom', 'update', '修改班级', '{\"courseNum\":{\"old\":\"0\",\"new\":\"1\"},\"lessonNum\":{\"old\":\"0\",\"new\":\"4\"},\"id\":\"2\",\"showTitle\":\"\\u6d4b\\u8bd5\\u73ed\\u7ea71\"}', '127.0.0.1', 'Chrome(72.0.3626.119)', 'Linux', 'computer', 'Mozilla/5.0 (X11; Linux x86_64) AppleWebKit/537.36 (KHTML, like Gecko) Chrome/72.0.3626.119 Safari/537.36', 1558438214, 'info'),
(159, 2, 'classroom', 'add_course', '班级《测试班级1》(#2)添加了课程《》(#6)', '{\"classroomId\":\"2\",\"title\":\"\\u6d4b\\u8bd5\\u73ed\\u7ea71\",\"courseSetId\":\"6\",\"courseSetTitle\":\"\"}', '127.0.0.1', 'Chrome(72.0.3626.119)', 'Linux', 'computer', 'Mozilla/5.0 (X11; Linux x86_64) AppleWebKit/537.36 (KHTML, like Gecko) Chrome/72.0.3626.119 Safari/537.36', 1558438245, 'info'),
(160, 2, 'classroom', 'update', '修改班级', '{\"courseNum\":{\"old\":\"1\",\"new\":\"2\"},\"lessonNum\":{\"old\":\"4\",\"new\":\"5\"},\"id\":\"2\",\"showTitle\":\"\\u6d4b\\u8bd5\\u73ed\\u7ea71\"}', '127.0.0.1', 'Chrome(72.0.3626.119)', 'Linux', 'computer', 'Mozilla/5.0 (X11; Linux x86_64) AppleWebKit/537.36 (KHTML, like Gecko) Chrome/72.0.3626.119 Safari/537.36', 1558438245, 'info'),
(161, 2, 'user', 'change_role', '修改用户组', '{\"roles\":{\"old\":[\"ROLE_USER\"],\"new\":[\"ROLE_USER\",\"ROLE_TEACHER\"]},\"id\":\"4\",\"showTitle\":\"22222\"}', '127.0.0.1', 'Chrome(72.0.3626.119)', 'Linux', 'computer', 'Mozilla/5.0 (X11; Linux x86_64) AppleWebKit/537.36 (KHTML, like Gecko) Chrome/72.0.3626.119 Safari/537.36', 1558439832, 'info'),
(162, 2, 'user', 'add', '管理员添加新用户 22222 (4)', '', '127.0.0.1', 'Chrome(72.0.3626.119)', 'Linux', 'computer', 'Mozilla/5.0 (X11; Linux x86_64) AppleWebKit/537.36 (KHTML, like Gecko) Chrome/72.0.3626.119 Safari/537.36', 1558439832, 'info'),
(163, 4, 'user', 'login_success', '登录成功', '', '127.0.0.1', 'Chrome(72.0.3626.119)', 'Linux', 'computer', 'Mozilla/5.0 (X11; Linux x86_64) AppleWebKit/537.36 (KHTML, like Gecko) Chrome/72.0.3626.119 Safari/537.36', 1558439886, 'info'),
(164, 4, 'user', 'password-changed', '重置密码', '{\"id\":\"4\",\"email\":\"22222@qq.com\",\"verifiedMobile\":\"\",\"password\":\"KlphVyL0bi6pVlBiZOLVPZJUYzRa1d0ABwxPB50Er60=\",\"salt\":\"n19zrze45z44w4kw8o0k8844oks4cgg\",\"payPassword\":\"\",\"payPasswordSalt\":\"\",\"locale\":null,\"uri\":\"\",\"nickname\":\"22222\",\"title\":\"\",\"tags\":\"\",\"type\":\"import\",\"point\":\"0\",\"coin\":\"0\",\"smallAvatar\":\"\",\"mediumAvatar\":\"\",\"largeAvatar\":\"\",\"emailVerified\":\"0\",\"setup\":\"1\",\"roles\":[\"ROLE_USER\",\"ROLE_TEACHER\"],\"promoted\":\"0\",\"promotedSeq\":\"0\",\"promotedTime\":\"0\",\"locked\":\"0\",\"lockDeadline\":\"0\",\"consecutivePasswordErrorTimes\":\"0\",\"lastPasswordFailTime\":\"0\",\"loginTime\":\"1558439886\",\"loginIp\":\"127.0.0.1\",\"loginSessionId\":\"4a51bv0ssvm874d9lf8frhf204\",\"approvalTime\":\"0\",\"approvalStatus\":\"unapprove\",\"newMessageNum\":\"1\",\"newNotificationNum\":\"0\",\"createdIp\":\"127.0.0.1\",\"createdTime\":\"1558439832\",\"updatedTime\":\"1558439886\",\"inviteCode\":null,\"orgId\":\"1\",\"orgCode\":\"1.\",\"registeredWay\":\"\",\"distributorToken\":\"\",\"uuid\":\"44ac433b0b2bbd263cfcca2dbe70928b97f7f2e4\",\"passwordInit\":\"0\"}', '127.0.0.1', 'Chrome(72.0.3626.119)', 'Linux', 'computer', 'Mozilla/5.0 (X11; Linux x86_64) AppleWebKit/537.36 (KHTML, like Gecko) Chrome/72.0.3626.119 Safari/537.36', 1558439901, 'info'),
(165, 4, 'course', 'create_course', '创建教学计划', '{\"id\":\"7\",\"courseSetId\":\"7\",\"title\":\"\",\"subtitle\":\"\",\"courseSetTitle\":\"\\u6d4b\\u8bd5\\u8bfe\\u7a0b3\",\"learnMode\":\"freeMode\",\"expiryMode\":\"forever\",\"expiryDays\":\"0\",\"expiryStartDate\":\"0\",\"expiryEndDate\":\"0\",\"summary\":null,\"goals\":[],\"audiences\":[],\"isDefault\":\"1\",\"maxStudentNum\":\"0\",\"status\":\"draft\",\"seq\":\"0\",\"isFree\":\"1\",\"price\":\"0.00\",\"vipLevelId\":\"0\",\"buyable\":\"1\",\"tryLookable\":\"0\",\"tryLookLength\":\"0\",\"watchLimit\":\"0\",\"services\":[],\"taskNum\":\"0\",\"studentNum\":\"0\",\"teacherIds\":[],\"parentId\":\"0\",\"ratingNum\":\"0\",\"rating\":\"0\",\"noteNum\":\"0\",\"threadNum\":\"0\",\"type\":\"normal\",\"approval\":\"0\",\"income\":\"0.00\",\"originPrice\":\"0.00\",\"coinPrice\":\"0.00\",\"originCoinPrice\":\"0.00\",\"showStudentNumType\":\"opened\",\"serializeMode\":\"none\",\"giveCredit\":\"0\",\"about\":null,\"locationId\":\"0\",\"address\":\"\",\"deadlineNotify\":\"none\",\"daysOfNotifyBeforeDeadline\":\"0\",\"useInClassroom\":\"single\",\"singleBuy\":\"1\",\"freeStartTime\":\"0\",\"freeEndTime\":\"0\",\"locked\":\"0\",\"cover\":null,\"buyExpiryTime\":\"0\",\"enableFinish\":\"1\",\"maxRate\":\"100\",\"materialNum\":\"0\",\"compulsoryTaskNum\":\"0\",\"lessonNum\":\"0\",\"publishLessonNum\":\"0\",\"createdTime\":\"1558440108\",\"updatedTime\":\"1558440108\",\"creator\":\"4\",\"recommended\":\"0\",\"recommendedSeq\":\"0\",\"recommendedTime\":\"0\",\"categoryId\":\"0\",\"showServices\":\"0\",\"hitNum\":\"0\",\"courseType\":\"default\",\"enableAudio\":\"0\",\"isShowUnpublish\":\"1\",\"rewardPoint\":\"0\",\"taskRewardPoint\":\"0\"}', '127.0.0.1', 'Chrome(72.0.3626.119)', 'Linux', 'computer', 'Mozilla/5.0 (X11; Linux x86_64) AppleWebKit/537.36 (KHTML, like Gecko) Chrome/72.0.3626.119 Safari/537.36', 1558440108, 'info'),
(166, 4, 'course', 'create', '创建课程', '{\"id\":\"7\",\"type\":\"normal\",\"title\":\"\\u6d4b\\u8bd5\\u8bfe\\u7a0b3\",\"subtitle\":\"\",\"tags\":[],\"categoryId\":\"0\",\"serializeMode\":\"none\",\"status\":\"draft\",\"summary\":null,\"goals\":[],\"audiences\":[],\"cover\":[],\"ratingNum\":\"0\",\"rating\":\"0\",\"noteNum\":\"0\",\"studentNum\":\"0\",\"hotSeq\":\"0\",\"recommended\":\"0\",\"recommendedSeq\":\"0\",\"recommendedTime\":\"0\",\"orgId\":\"1\",\"orgCode\":\"1.\",\"discountId\":\"0\",\"discount\":\"10.00\",\"hitNum\":\"0\",\"maxRate\":\"100\",\"materialNum\":\"0\",\"parentId\":\"0\",\"locked\":\"0\",\"maxCoursePrice\":\"0.00\",\"minCoursePrice\":\"0.00\",\"teacherIds\":[\"4\"],\"creator\":\"4\",\"createdTime\":\"1558440108\",\"updatedTime\":\"1558440108\",\"defaultCourseId\":\"7\"}', '127.0.0.1', 'Chrome(72.0.3626.119)', 'Linux', 'computer', 'Mozilla/5.0 (X11; Linux x86_64) AppleWebKit/537.36 (KHTML, like Gecko) Chrome/72.0.3626.119 Safari/537.36', 1558440108, 'info'),
(167, 4, 'course', 'update_teacher', '更新课程教师', '{\"teacherIds\":{\"old\":[\"4\"],\"new\":[\"4\",\"2\"]},\"id\":\"7\",\"showTitle\":\"\\u6d4b\\u8bd5\\u8bfe\\u7a0b3\"}', '127.0.0.1', 'Chrome(72.0.3626.119)', 'Linux', 'computer', 'Mozilla/5.0 (X11; Linux x86_64) AppleWebKit/537.36 (KHTML, like Gecko) Chrome/72.0.3626.119 Safari/537.36', 1558440133, 'info'),
(168, 4, 'course', 'publish_course', '发布教学计划', '{\"status\":{\"old\":\"draft\",\"new\":\"published\"},\"id\":\"7\",\"showTitle\":\"\\u6d4b\\u8bd5\\u8bfe\\u7a0b3\"}', '127.0.0.1', 'Chrome(72.0.3626.119)', 'Linux', 'computer', 'Mozilla/5.0 (X11; Linux x86_64) AppleWebKit/537.36 (KHTML, like Gecko) Chrome/72.0.3626.119 Safari/537.36', 1558440165, 'info'),
(169, 4, 'course', 'publish', '发布课程', '{\"status\":{\"old\":\"draft\",\"new\":\"published\"},\"id\":\"7\",\"showTitle\":\"\\u6d4b\\u8bd5\\u8bfe\\u7a0b3\"}', '127.0.0.1', 'Chrome(72.0.3626.119)', 'Linux', 'computer', 'Mozilla/5.0 (X11; Linux x86_64) AppleWebKit/537.36 (KHTML, like Gecko) Chrome/72.0.3626.119 Safari/537.36', 1558440165, 'info'),
(170, 4, 'course', 'update_teacher', '更新课程教师', '{\"teacherIds\":{\"old\":[\"4\",\"2\"],\"new\":[\"2\"]},\"id\":\"7\",\"showTitle\":\"\\u6d4b\\u8bd5\\u8bfe\\u7a0b3\"}', '127.0.0.1', 'Chrome(72.0.3626.119)', 'Linux', 'computer', 'Mozilla/5.0 (X11; Linux x86_64) AppleWebKit/537.36 (KHTML, like Gecko) Chrome/72.0.3626.119 Safari/537.36', 1558440518, 'info'),
(171, 2, 'course', 'update_teacher', '更新课程教师', '{\"teacherIds\":{\"old\":[\"2\"],\"new\":[\"2\",\"4\"]},\"id\":\"7\",\"showTitle\":\"\\u6d4b\\u8bd5\\u8bfe\\u7a0b3\"}', '127.0.0.1', 'Chrome(72.0.3626.119)', 'Linux', 'computer', 'Mozilla/5.0 (X11; Linux x86_64) AppleWebKit/537.36 (KHTML, like Gecko) Chrome/72.0.3626.119 Safari/537.36', 1558440624, 'info'),
(172, 2, 'user', 'lock', '禁封用户', '{\"locked\":{\"old\":\"0\",\"new\":\"1\"},\"id\":\"4\",\"showTitle\":\"22222\"}', '127.0.0.1', 'Chrome(72.0.3626.119)', 'Linux', 'computer', 'Mozilla/5.0 (X11; Linux x86_64) AppleWebKit/537.36 (KHTML, like Gecko) Chrome/72.0.3626.119 Safari/537.36', 1558441350, 'info'),
(173, 2, 'user', 'unlock', '解禁用户', '{\"locked\":{\"old\":\"1\",\"new\":\"0\"},\"id\":\"4\",\"showTitle\":\"22222\"}', '127.0.0.1', 'Chrome(72.0.3626.119)', 'Linux', 'computer', 'Mozilla/5.0 (X11; Linux x86_64) AppleWebKit/537.36 (KHTML, like Gecko) Chrome/72.0.3626.119 Safari/537.36', 1558441439, 'info'),
(174, 2, 'course', 'close', '关闭课程', '{\"status\":{\"old\":\"published\",\"new\":\"closed\"},\"id\":\"7\",\"showTitle\":\"\\u6d4b\\u8bd5\\u8bfe\\u7a0b3\"}', '127.0.0.1', 'Chrome(72.0.3626.119)', 'Linux', 'computer', 'Mozilla/5.0 (X11; Linux x86_64) AppleWebKit/537.36 (KHTML, like Gecko) Chrome/72.0.3626.119 Safari/537.36', 1558444250, 'info'),
(175, 2, 'course', 'publish', '发布课程', '{\"status\":{\"old\":\"closed\",\"new\":\"published\"},\"id\":\"7\",\"showTitle\":\"\\u6d4b\\u8bd5\\u8bfe\\u7a0b3\"}', '127.0.0.1', 'Chrome(72.0.3626.119)', 'Linux', 'computer', 'Mozilla/5.0 (X11; Linux x86_64) AppleWebKit/537.36 (KHTML, like Gecko) Chrome/72.0.3626.119 Safari/537.36', 1558444263, 'info'),
(176, 1, 'course', 'refresh_learning_progress', '开始执行刷新学习进度的定时任务', '', '127.0.0.1', '未知浏览器', '未知操作系统', 'computer', '', 1558509116, 'info'),
(177, 1, 'course', 'refresh_learning_progress', '刷新学习进度的定时任务执行成功', '', '127.0.0.1', '未知浏览器', '未知操作系统', 'computer', '', 1558509116, 'info'),
(178, 3, 'user', 'login_success', '登录成功', '', '127.0.0.1', 'Chrome(72.0.3626.119)', 'Linux', 'computer', 'Mozilla/5.0 (X11; Linux x86_64) AppleWebKit/537.36 (KHTML, like Gecko) Chrome/72.0.3626.119 Safari/537.36', 1558514905, 'info'),
(179, 2, 'course', 'add_student', '《计算机网络》-(#3)，添加学员22222(#4)，备注：测试管理员添加', '{\"courseSetId\":\"3\",\"courseId\":\"3\",\"title\":\"\\u8ba1\\u7b97\\u673a\\u7f51\\u7edc\",\"userId\":\"4\",\"nickname\":\"22222\",\"remark\":\"\\u6d4b\\u8bd5\\u7ba1\\u7406\\u5458\\u6dfb\\u52a0\"}', '127.0.0.1', 'Chrome(72.0.3626.119)', 'Linux', 'computer', 'Mozilla/5.0 (X11; Linux x86_64) AppleWebKit/537.36 (KHTML, like Gecko) Chrome/72.0.3626.119 Safari/537.36', 1558515254, 'info'),
(180, 4, 'user', 'login_success', '登录成功', '', '127.0.0.1', 'Chrome(72.0.3626.119)', 'Linux', 'computer', 'Mozilla/5.0 (X11; Linux x86_64) AppleWebKit/537.36 (KHTML, like Gecko) Chrome/72.0.3626.119 Safari/537.36', 1558515303, 'info'),
(181, 2, 'user', 'login_success', '登录成功', '', '127.0.0.1', 'Chrome(72.0.3626.119)', 'Linux', 'computer', 'Mozilla/5.0 (X11; Linux x86_64) AppleWebKit/537.36 (KHTML, like Gecko) Chrome/72.0.3626.119 Safari/537.36', 1558523681, 'info'),
(182, 4, 'user', 'login_success', '登录成功', '', '127.0.0.1', 'Chrome(72.0.3626.119)', 'Linux', 'computer', 'Mozilla/5.0 (X11; Linux x86_64) AppleWebKit/537.36 (KHTML, like Gecko) Chrome/72.0.3626.119 Safari/537.36', 1558527601, 'info'),
(183, 3, 'user', 'login_success', '登录成功', '', '127.0.0.1', 'Chrome(72.0.3626.119)', 'Linux', 'computer', 'Mozilla/5.0 (X11; Linux x86_64) AppleWebKit/537.36 (KHTML, like Gecko) Chrome/72.0.3626.119 Safari/537.36', 1558527622, 'info'),
(184, 1, 'course', 'refresh_learning_progress', '开始执行刷新学习进度的定时任务', '', '127.0.0.1', '未知浏览器', '未知操作系统', 'computer', '', 1558601565, 'info'),
(185, 1, 'course', 'refresh_learning_progress', '刷新学习进度的定时任务执行成功', '', '127.0.0.1', '未知浏览器', '未知操作系统', 'computer', '', 1558601565, 'info'),
(186, 2, 'user', 'login_success', '登录成功', '', '127.0.0.1', 'Chrome(72.0.3626.119)', 'Linux', 'computer', 'Mozilla/5.0 (X11; Linux x86_64) AppleWebKit/537.36 (KHTML, like Gecko) Chrome/72.0.3626.119 Safari/537.36', 1558601653, 'info'),
(187, 2, 'user', 'login_success', '登录成功', '', '127.0.0.1', 'Chrome(72.0.3626.119)', 'Linux', 'computer', 'Mozilla/5.0 (X11; Linux x86_64) AppleWebKit/537.36 (KHTML, like Gecko) Chrome/72.0.3626.119 Safari/537.36', 1558601653, 'info'),
(188, 2, 'user', 'login_success', '登录成功', '', '127.0.0.1', 'Chrome(72.0.3626.119)', 'Linux', 'computer', 'Mozilla/5.0 (X11; Linux x86_64) AppleWebKit/537.36 (KHTML, like Gecko) Chrome/72.0.3626.119 Safari/537.36', 1558601653, 'info'),
(189, 2, 'user', 'login_success', '登录成功', '', '127.0.0.1', 'Chrome(72.0.3626.119)', 'Linux', 'computer', 'Mozilla/5.0 (X11; Linux x86_64) AppleWebKit/537.36 (KHTML, like Gecko) Chrome/72.0.3626.119 Safari/537.36', 1558601653, 'info'),
(190, 2, 'user', 'login_success', '登录成功', '', '127.0.0.1', 'Chrome(72.0.3626.119)', 'Linux', 'computer', 'Mozilla/5.0 (X11; Linux x86_64) AppleWebKit/537.36 (KHTML, like Gecko) Chrome/72.0.3626.119 Safari/537.36', 1558601653, 'info'),
(191, 4, 'user', 'login_success', '登录成功', '', '127.0.0.1', 'Chrome(72.0.3626.119)', 'Linux', 'computer', 'Mozilla/5.0 (X11; Linux x86_64) AppleWebKit/537.36 (KHTML, like Gecko) Chrome/72.0.3626.119 Safari/537.36', 1558611043, 'info'),
(192, 1, 'course', 'refresh_learning_progress', '开始执行刷新学习进度的定时任务', '', '127.0.0.1', '未知浏览器', '未知操作系统', 'computer', '', 1558674936, 'info'),
(193, 1, 'course', 'refresh_learning_progress', '刷新学习进度的定时任务执行成功', '', '127.0.0.1', '未知浏览器', '未知操作系统', 'computer', '', 1558674936, 'info'),
(194, 1, 'course', 'refresh_learning_progress', '开始执行刷新学习进度的定时任务', '', '127.0.0.1', '未知浏览器', '未知操作系统', 'computer', '', 1558763403, 'info'),
(195, 1, 'course', 'refresh_learning_progress', '刷新学习进度的定时任务执行成功', '', '127.0.0.1', '未知浏览器', '未知操作系统', 'computer', '', 1558763403, 'info'),
(196, 2, 'user', 'login_success', '登录成功', '', '127.0.0.1', 'Chrome(72.0.3626.119)', 'Linux', 'computer', 'Mozilla/5.0 (X11; Linux x86_64) AppleWebKit/537.36 (KHTML, like Gecko) Chrome/72.0.3626.119 Safari/537.36', 1558770319, 'info'),
(197, 2, 'user', 'login_success', '登录成功', '', '127.0.0.1', 'Chrome(72.0.3626.119)', 'Linux', 'computer', 'Mozilla/5.0 (X11; Linux x86_64) AppleWebKit/537.36 (KHTML, like Gecko) Chrome/72.0.3626.119 Safari/537.36', 1558770319, 'info'),
(198, 2, 'user', 'login_success', '登录成功', '', '127.0.0.1', 'Chrome(72.0.3626.119)', 'Linux', 'computer', 'Mozilla/5.0 (X11; Linux x86_64) AppleWebKit/537.36 (KHTML, like Gecko) Chrome/72.0.3626.119 Safari/537.36', 1558770319, 'info'),
(199, 2, 'user', 'login_success', '登录成功', '', '127.0.0.1', 'Chrome(72.0.3626.119)', 'Linux', 'computer', 'Mozilla/5.0 (X11; Linux x86_64) AppleWebKit/537.36 (KHTML, like Gecko) Chrome/72.0.3626.119 Safari/537.36', 1558770320, 'info'),
(200, 2, 'course', 'delete_question', '删除题目', '{\"id\":\"14\",\"type\":\"fill\",\"stem\":\"<p>\\u53d1\\u6325\\u547c\\u6c14\\u638f[[\\u5168\\u7403\\u8bf7\\u6c42\\u6743]]\\u7a7a\\uff0c\\u7236\\u4eb2\\u53c8\\u5982\\u4f55\\u5927\\u5bb6\\u3002<\\/p>\\r\\n\",\"score\":\"10.0\",\"answer\":[[\"\\u5168\\u7403\\u8bf7\\u6c42\\u6743\"]],\"analysis\":\"\",\"metas\":[],\"categoryId\":\"0\",\"difficulty\":\"normal\",\"target\":\"\",\"courseId\":\"0\",\"lessonId\":\"0\",\"parentId\":\"0\",\"subCount\":\"0\",\"finishedTimes\":\"0\",\"passedTimes\":\"0\",\"createdUserId\":\"2\",\"updatedUserId\":\"2\",\"updatedTime\":\"1558422207\",\"createdTime\":\"1558422207\",\"copyId\":\"9\",\"courseSetId\":\"4\"}', '127.0.0.1', 'Chrome(72.0.3626.119)', 'Linux', 'computer', 'Mozilla/5.0 (X11; Linux x86_64) AppleWebKit/537.36 (KHTML, like Gecko) Chrome/72.0.3626.119 Safari/537.36', 1558773423, 'info'),
(201, 2, 'course', 'delete_question', '删除题目', '{\"id\":\"19\",\"type\":\"fill\",\"stem\":\"<p>\\u53d1\\u6325\\u547c\\u6c14\\u638f[[\\u5168\\u7403\\u8bf7\\u6c42\\u6743]]\\u7a7a\\uff0c\\u7236\\u4eb2\\u53c8\\u5982\\u4f55\\u5927\\u5bb6\\u3002<\\/p>\\r\\n\",\"score\":\"10.0\",\"answer\":[[\"\\u5168\\u7403\\u8bf7\\u6c42\\u6743\"]],\"analysis\":\"\",\"metas\":[],\"categoryId\":\"0\",\"difficulty\":\"normal\",\"target\":\"\",\"courseId\":\"0\",\"lessonId\":\"0\",\"parentId\":\"0\",\"subCount\":\"0\",\"finishedTimes\":\"0\",\"passedTimes\":\"0\",\"createdUserId\":\"2\",\"updatedUserId\":\"2\",\"updatedTime\":\"1558438214\",\"createdTime\":\"1558438214\",\"copyId\":\"9\",\"courseSetId\":\"5\"}', '127.0.0.1', 'Chrome(72.0.3626.119)', 'Linux', 'computer', 'Mozilla/5.0 (X11; Linux x86_64) AppleWebKit/537.36 (KHTML, like Gecko) Chrome/72.0.3626.119 Safari/537.36', 1558773423, 'info');
INSERT INTO `log_v8` (`id`, `userId`, `module`, `action`, `message`, `data`, `ip`, `browser`, `operatingSystem`, `device`, `userAgent`, `createdTime`, `level`) VALUES
(202, 2, 'course', 'delete_question', '删除题目', '{\"id\":\"9\",\"type\":\"fill\",\"stem\":\"<p>\\u53d1\\u6325\\u547c\\u6c14\\u638f[[\\u5168\\u7403\\u8bf7\\u6c42\\u6743]]\\u7a7a\\uff0c\\u7236\\u4eb2\\u53c8\\u5982\\u4f55\\u5927\\u5bb6\\u3002<\\/p>\\r\\n\",\"score\":\"10.0\",\"answer\":[[\"\\u5168\\u7403\\u8bf7\\u6c42\\u6743\"]],\"analysis\":\"\",\"metas\":[],\"categoryId\":\"0\",\"difficulty\":\"normal\",\"target\":\"course-3\",\"courseId\":\"0\",\"lessonId\":\"0\",\"parentId\":\"0\",\"subCount\":\"0\",\"finishedTimes\":\"0\",\"passedTimes\":\"0\",\"createdUserId\":\"2\",\"updatedUserId\":\"2\",\"updatedTime\":\"1557993818\",\"createdTime\":\"1557993818\",\"copyId\":\"0\",\"courseSetId\":\"3\"}', '127.0.0.1', 'Chrome(72.0.3626.119)', 'Linux', 'computer', 'Mozilla/5.0 (X11; Linux x86_64) AppleWebKit/537.36 (KHTML, like Gecko) Chrome/72.0.3626.119 Safari/537.36', 1558773423, 'info'),
(203, 2, 'course', 'add_testpaper', '新增试卷', '{\"id\":\"7\",\"name\":\"\\u548c\\u4efd\\u989d\\u5efa\\u7acb\\u4e86\\u8d5b\\u5b63\\u8054\\u8d5b\",\"description\":\"<p>\\u4efd\\u989d\\u98ce\\u4fd7\\u98ce\\u4fd7<\\/p>\\r\\n\",\"courseId\":\"0\",\"lessonId\":\"0\",\"limitedTime\":\"0\",\"pattern\":\"questionType\",\"target\":\"\",\"status\":\"draft\",\"score\":\"0.0\",\"passedCondition\":[0],\"itemCount\":\"0\",\"createdUserId\":\"2\",\"createdTime\":\"1558774454\",\"updatedUserId\":\"2\",\"updatedTime\":\"1558774454\",\"metas\":{\"mode\":\"rand\",\"ranges\":{\"courseId\":\"3\"},\"counts\":{\"single_choice\":\"1\",\"choice\":\"0\",\"essay\":\"1\",\"determine\":\"0\"},\"scores\":{\"single_choice\":\"2\",\"choice\":\"2\",\"essay\":\"2\",\"uncertain_choice\":\"2\",\"determine\":\"2\",\"fill\":\"2\",\"material\":\"2\"},\"missScores\":{\"choice\":\"0\",\"uncertain_choice\":\"0\"},\"percentages\":{\"simple\":\"30\",\"normal\":\"40\",\"difficulty\":\"30\"}},\"copyId\":\"0\",\"type\":\"testpaper\",\"courseSetId\":\"3\",\"migrateTestId\":\"0\"}', '127.0.0.1', 'Chrome(72.0.3626.119)', 'Linux', 'computer', 'Mozilla/5.0 (X11; Linux x86_64) AppleWebKit/537.36 (KHTML, like Gecko) Chrome/72.0.3626.119 Safari/537.36', 1558774454, 'info'),
(204, 3, 'user', 'login_success', '登录成功', '', '127.0.0.1', 'Chrome(72.0.3626.119)', 'Linux', 'computer', 'Mozilla/5.0 (X11; Linux x86_64) AppleWebKit/537.36 (KHTML, like Gecko) Chrome/72.0.3626.119 Safari/537.36', 1558784011, 'info'),
(205, 1, 'course', 'refresh_learning_progress', '开始执行刷新学习进度的定时任务', '', '127.0.0.1', '未知浏览器', '未知操作系统', 'computer', '', 1558856027, 'info'),
(206, 1, 'course', 'refresh_learning_progress', '刷新学习进度的定时任务执行成功', '', '127.0.0.1', '未知浏览器', '未知操作系统', 'computer', '', 1558856027, 'info'),
(207, 2, 'user', 'lock', '禁封用户', '{\"locked\":{\"old\":\"0\",\"new\":\"1\"},\"id\":\"4\",\"showTitle\":\"22222\"}', '127.0.0.1', 'Chrome(72.0.3626.119)', 'Linux', 'computer', 'Mozilla/5.0 (X11; Linux x86_64) AppleWebKit/537.36 (KHTML, like Gecko) Chrome/72.0.3626.119 Safari/537.36', 1558859132, 'info'),
(208, 2, 'user', 'unlock', '解禁用户', '{\"locked\":{\"old\":\"1\",\"new\":\"0\"},\"id\":\"4\",\"showTitle\":\"22222\"}', '127.0.0.1', 'Chrome(72.0.3626.119)', 'Linux', 'computer', 'Mozilla/5.0 (X11; Linux x86_64) AppleWebKit/537.36 (KHTML, like Gecko) Chrome/72.0.3626.119 Safari/537.36', 1558859137, 'info'),
(209, 2, 'user', 'change_role', '修改用户组', '{\"roles\":{\"old\":[\"ROLE_USER\"],\"new\":[\"ROLE_USER\",\"ROLE_SUPER_ADMIN\"]},\"id\":\"3\",\"showTitle\":\"11111\"}', '127.0.0.1', 'Chrome(72.0.3626.119)', 'Linux', 'computer', 'Mozilla/5.0 (X11; Linux x86_64) AppleWebKit/537.36 (KHTML, like Gecko) Chrome/72.0.3626.119 Safari/537.36', 1558859571, 'info'),
(210, 3, 'user', 'login_success', '登录成功', '', '127.0.0.1', 'Chrome(72.0.3626.119)', 'Linux', 'computer', 'Mozilla/5.0 (X11; Linux x86_64) AppleWebKit/537.36 (KHTML, like Gecko) Chrome/72.0.3626.119 Safari/537.36', 1558868707, 'info'),
(211, 3, 'user', 'login_success', '登录成功', '', '127.0.0.1', 'Chrome(72.0.3626.119)', 'Linux', 'computer', 'Mozilla/5.0 (X11; Linux x86_64) AppleWebKit/537.36 (KHTML, like Gecko) Chrome/72.0.3626.119 Safari/537.36', 1558871317, 'info'),
(212, 3, 'user', 'login_success', '登录成功', '', '127.0.0.1', 'Chrome(72.0.3626.119)', 'Linux', 'computer', 'Mozilla/5.0 (X11; Linux x86_64) AppleWebKit/537.36 (KHTML, like Gecko) Chrome/72.0.3626.119 Safari/537.36', 1558871447, 'info'),
(213, 3, 'user', 'login_success', '登录成功', '', '127.0.0.1', 'Chrome(72.0.3626.119)', 'Linux', 'computer', 'Mozilla/5.0 (X11; Linux x86_64) AppleWebKit/537.36 (KHTML, like Gecko) Chrome/72.0.3626.119 Safari/537.36', 1558872470, 'info'),
(214, 2, 'user', 'change_role', '修改用户组', '{\"roles\":{\"old\":[\"ROLE_USER\",\"ROLE_SUPER_ADMIN\"],\"new\":[\"ROLE_USER\"]},\"id\":\"3\",\"showTitle\":\"11111\"}', '127.0.0.1', 'Chrome(72.0.3626.119)', 'Linux', 'computer', 'Mozilla/5.0 (X11; Linux x86_64) AppleWebKit/537.36 (KHTML, like Gecko) Chrome/72.0.3626.119 Safari/537.36', 1558872547, 'info'),
(215, 3, 'user', 'login_success', '登录成功', '', '127.0.0.1', 'Chrome(72.0.3626.119)', 'Linux', 'computer', 'Mozilla/5.0 (X11; Linux x86_64) AppleWebKit/537.36 (KHTML, like Gecko) Chrome/72.0.3626.119 Safari/537.36', 1558872556, 'info'),
(216, 1, 'course', 'refresh_learning_progress', '开始执行刷新学习进度的定时任务', '', '127.0.0.1', '未知浏览器', '未知操作系统', 'computer', '', 1558942976, 'info'),
(217, 1, 'course', 'refresh_learning_progress', '刷新学习进度的定时任务执行成功', '', '127.0.0.1', '未知浏览器', '未知操作系统', 'computer', '', 1558942976, 'info'),
(218, 2, 'user', 'add', '管理员添加新用户 33333 (5)', '', '127.0.0.1', 'Chrome(72.0.3626.119)', 'Linux', 'computer', 'Mozilla/5.0 (X11; Linux x86_64) AppleWebKit/537.36 (KHTML, like Gecko) Chrome/72.0.3626.119 Safari/537.36', 1558945117, 'info'),
(219, 5, 'user', 'login_success', '登录成功', '', '127.0.0.1', 'Chrome(72.0.3626.119)', 'Linux', 'computer', 'Mozilla/5.0 (X11; Linux x86_64) AppleWebKit/537.36 (KHTML, like Gecko) Chrome/72.0.3626.119 Safari/537.36', 1558945176, 'info'),
(220, 3, 'user', 'login_success', '登录成功', '', '127.0.0.1', 'Chrome(72.0.3626.119)', 'Linux', 'computer', 'Mozilla/5.0 (X11; Linux x86_64) AppleWebKit/537.36 (KHTML, like Gecko) Chrome/72.0.3626.119 Safari/537.36', 1558952769, 'info'),
(221, 1, 'course', 'refresh_learning_progress', '开始执行刷新学习进度的定时任务', '', '127.0.0.1', '未知浏览器', '未知操作系统', 'computer', '', 1559023079, 'info'),
(222, 1, 'course', 'refresh_learning_progress', '刷新学习进度的定时任务执行成功', '', '127.0.0.1', '未知浏览器', '未知操作系统', 'computer', '', 1559023079, 'info'),
(223, 2, 'course', 'create_course', '创建教学计划', '{\"id\":\"8\",\"courseSetId\":\"8\",\"title\":\"\",\"subtitle\":\"\",\"courseSetTitle\":\"\\u6d4b\\u8bd5\\u8bfe\\u7a0b4\",\"learnMode\":\"freeMode\",\"expiryMode\":\"forever\",\"expiryDays\":\"0\",\"expiryStartDate\":\"0\",\"expiryEndDate\":\"0\",\"summary\":null,\"goals\":[],\"audiences\":[],\"isDefault\":\"1\",\"maxStudentNum\":\"0\",\"status\":\"draft\",\"seq\":\"0\",\"isFree\":\"1\",\"price\":\"0.00\",\"vipLevelId\":\"0\",\"buyable\":\"1\",\"tryLookable\":\"0\",\"tryLookLength\":\"0\",\"watchLimit\":\"0\",\"services\":[],\"taskNum\":\"0\",\"studentNum\":\"0\",\"teacherIds\":[],\"parentId\":\"0\",\"ratingNum\":\"0\",\"rating\":\"0\",\"noteNum\":\"0\",\"threadNum\":\"0\",\"type\":\"normal\",\"approval\":\"0\",\"income\":\"0.00\",\"originPrice\":\"0.00\",\"coinPrice\":\"0.00\",\"originCoinPrice\":\"0.00\",\"showStudentNumType\":\"opened\",\"serializeMode\":\"none\",\"giveCredit\":\"0\",\"about\":null,\"locationId\":\"0\",\"address\":\"\",\"deadlineNotify\":\"none\",\"daysOfNotifyBeforeDeadline\":\"0\",\"useInClassroom\":\"single\",\"singleBuy\":\"1\",\"freeStartTime\":\"0\",\"freeEndTime\":\"0\",\"locked\":\"0\",\"cover\":null,\"buyExpiryTime\":\"0\",\"enableFinish\":\"1\",\"maxRate\":\"100\",\"materialNum\":\"0\",\"compulsoryTaskNum\":\"0\",\"lessonNum\":\"0\",\"publishLessonNum\":\"0\",\"createdTime\":\"1559031924\",\"updatedTime\":\"1559031924\",\"creator\":\"2\",\"recommended\":\"0\",\"recommendedSeq\":\"0\",\"recommendedTime\":\"0\",\"categoryId\":\"0\",\"showServices\":\"0\",\"hitNum\":\"0\",\"courseType\":\"default\",\"enableAudio\":\"0\",\"isShowUnpublish\":\"1\",\"rewardPoint\":\"0\",\"taskRewardPoint\":\"0\"}', '127.0.0.1', 'Chrome(72.0.3626.119)', 'Linux', 'computer', 'Mozilla/5.0 (X11; Linux x86_64) AppleWebKit/537.36 (KHTML, like Gecko) Chrome/72.0.3626.119 Safari/537.36', 1559031924, 'info'),
(224, 2, 'course', 'create', '创建课程', '{\"id\":\"8\",\"type\":\"normal\",\"title\":\"\\u6d4b\\u8bd5\\u8bfe\\u7a0b4\",\"subtitle\":\"\",\"tags\":[],\"categoryId\":\"0\",\"serializeMode\":\"none\",\"status\":\"draft\",\"summary\":null,\"goals\":[],\"audiences\":[],\"cover\":[],\"ratingNum\":\"0\",\"rating\":\"0\",\"noteNum\":\"0\",\"studentNum\":\"0\",\"hotSeq\":\"0\",\"recommended\":\"0\",\"recommendedSeq\":\"0\",\"recommendedTime\":\"0\",\"orgId\":\"1\",\"orgCode\":\"1.\",\"discountId\":\"0\",\"discount\":\"10.00\",\"hitNum\":\"0\",\"maxRate\":\"100\",\"materialNum\":\"0\",\"parentId\":\"0\",\"locked\":\"0\",\"maxCoursePrice\":\"0.00\",\"minCoursePrice\":\"0.00\",\"teacherIds\":[\"2\"],\"creator\":\"2\",\"createdTime\":\"1559031924\",\"updatedTime\":\"1559031924\",\"defaultCourseId\":\"8\"}', '127.0.0.1', 'Chrome(72.0.3626.119)', 'Linux', 'computer', 'Mozilla/5.0 (X11; Linux x86_64) AppleWebKit/537.36 (KHTML, like Gecko) Chrome/72.0.3626.119 Safari/537.36', 1559031924, 'info'),
(225, 1, 'course', 'refresh_learning_progress', '开始执行刷新学习进度的定时任务', '', '127.0.0.1', '未知浏览器', '未知操作系统', 'computer', '', 1559250301, 'info'),
(226, 1, 'course', 'refresh_learning_progress', '刷新学习进度的定时任务执行成功', '', '127.0.0.1', '未知浏览器', '未知操作系统', 'computer', '', 1559250301, 'info'),
(227, 2, 'user', 'login_success', '登录成功', '', '127.0.0.1', 'Chrome(72.0.3626.119)', 'Linux', 'computer', 'Mozilla/5.0 (X11; Linux x86_64) AppleWebKit/537.36 (KHTML, like Gecko) Chrome/72.0.3626.119 Safari/537.36', 1559321026, 'info'),
(228, 2, 'user', 'login_success', '登录成功', '', '127.0.0.1', 'Chrome(72.0.3626.119)', 'Linux', 'computer', 'Mozilla/5.0 (X11; Linux x86_64) AppleWebKit/537.36 (KHTML, like Gecko) Chrome/72.0.3626.119 Safari/537.36', 1559321026, 'info'),
(229, 2, 'user', 'login_success', '登录成功', '', '127.0.0.1', 'Chrome(72.0.3626.119)', 'Linux', 'computer', 'Mozilla/5.0 (X11; Linux x86_64) AppleWebKit/537.36 (KHTML, like Gecko) Chrome/72.0.3626.119 Safari/537.36', 1559295211, 'info'),
(230, 2, 'user', 'login_success', '登录成功', '', '127.0.0.1', 'Chrome(72.0.3626.119)', 'Linux', 'computer', 'Mozilla/5.0 (X11; Linux x86_64) AppleWebKit/537.36 (KHTML, like Gecko) Chrome/72.0.3626.119 Safari/537.36', 1559297970, 'info'),
(231, 2, 'user', 'login_success', '登录成功', '', '127.0.0.1', 'Chrome(72.0.3626.119)', 'Linux', 'computer', 'Mozilla/5.0 (X11; Linux x86_64) AppleWebKit/537.36 (KHTML, like Gecko) Chrome/72.0.3626.119 Safari/537.36', 1559298649, 'info'),
(232, 2, 'user', 'login_success', '登录成功', '', '127.0.0.1', 'Firefox(67.0)', 'Linux', 'computer', 'Mozilla/5.0 (X11; Ubuntu; Linux x86_64; rv:67.0) Gecko/20100101 Firefox/67.0', 1559299462, 'info'),
(233, 3, 'user', 'login_success', '登录成功', '', '127.0.0.1', 'Chrome(72.0.3626.119)', 'Linux', 'computer', 'Mozilla/5.0 (X11; Linux x86_64) AppleWebKit/537.36 (KHTML, like Gecko) Chrome/72.0.3626.119 Safari/537.36', 1559300787, 'info'),
(234, 2, 'user', 'login_success', '登录成功', '', '127.0.0.1', 'Chrome(72.0.3626.119)', 'Linux', 'computer', 'Mozilla/5.0 (X11; Linux x86_64) AppleWebKit/537.36 (KHTML, like Gecko) Chrome/72.0.3626.119 Safari/537.36', 1559300837, 'info'),
(235, 2, 'course', 'add_question', '新增题目', '{\"id\":\"22\",\"type\":\"single_choice\",\"stem\":\"<p>\\u5f00\\u5c01\\u5e9c\\u5c31\\u7761\\u89c9\\u4e86\\uff1f<\\/p>\\r\\n\",\"score\":\"2.0\",\"answer\":[\"0\"],\"analysis\":\"\",\"metas\":{\"choices\":[\"<p>\\u53d1\\u54e5\\u53d1\\u6492<\\/p>\\r\\n\",\"<p>\\u6211\\u5676\\u662f\\u7684\\u53d1\\u751f<\\/p>\\r\\n\",\"<p>\\u5676\\u4f5b\\u5c71\\u5e02<\\/p>\\r\\n\",\"<p>\\u54e5\\u54e5\\u7279\\u533a\\u524d\\u65b9\\u53d1\\u751f<\\/p>\\r\\n\"]},\"categoryId\":\"0\",\"difficulty\":\"normal\",\"target\":\"course-3\",\"courseId\":\"3\",\"lessonId\":\"0\",\"parentId\":\"0\",\"subCount\":\"0\",\"finishedTimes\":\"0\",\"passedTimes\":\"0\",\"createdUserId\":\"2\",\"updatedUserId\":\"2\",\"updatedTime\":\"1559301744\",\"createdTime\":\"1559301744\",\"copyId\":\"0\",\"courseSetId\":\"3\"}', '127.0.0.1', 'Chrome(72.0.3626.119)', 'Linux', 'computer', 'Mozilla/5.0 (X11; Linux x86_64) AppleWebKit/537.36 (KHTML, like Gecko) Chrome/72.0.3626.119 Safari/537.36', 1559301744, 'info'),
(236, 2, 'user', 'login_success', '登录成功', '', '127.0.0.1', 'Chrome(72.0.3626.119)', 'Linux', 'computer', 'Mozilla/5.0 (X11; Linux x86_64) AppleWebKit/537.36 (KHTML, like Gecko) Chrome/72.0.3626.119 Safari/537.36', 1559304129, 'info'),
(237, 1, 'course', 'refresh_learning_progress', '开始执行刷新学习进度的定时任务', '', '127.0.0.1', '未知浏览器', '未知操作系统', 'computer', '', 1559381821, 'info'),
(238, 1, 'course', 'refresh_learning_progress', '刷新学习进度的定时任务执行成功', '', '127.0.0.1', '未知浏览器', '未知操作系统', 'computer', '', 1559381821, 'info'),
(239, 2, 'user', 'login_success', '登录成功', '', '127.0.0.1', 'Chrome(72.0.3626.119)', 'Linux', 'computer', 'Mozilla/5.0 (X11; Linux x86_64) AppleWebKit/537.36 (KHTML, like Gecko) Chrome/72.0.3626.119 Safari/537.36', 1559358353, 'info'),
(240, 2, 'course', 'create_course', '创建教学计划', '{\"id\":\"9\",\"courseSetId\":\"9\",\"title\":\"\",\"subtitle\":\"\",\"courseSetTitle\":\"\\u7cfb\\u7edf\\u5b9e\\u73b0\\u8bfe\\u7a0b1\",\"learnMode\":\"freeMode\",\"expiryMode\":\"forever\",\"expiryDays\":\"0\",\"expiryStartDate\":\"0\",\"expiryEndDate\":\"0\",\"summary\":null,\"goals\":[],\"audiences\":[],\"isDefault\":\"1\",\"maxStudentNum\":\"0\",\"status\":\"draft\",\"seq\":\"0\",\"isFree\":\"1\",\"price\":\"0.00\",\"vipLevelId\":\"0\",\"buyable\":\"1\",\"tryLookable\":\"0\",\"tryLookLength\":\"0\",\"watchLimit\":\"0\",\"services\":[],\"taskNum\":\"0\",\"studentNum\":\"0\",\"teacherIds\":[],\"parentId\":\"0\",\"ratingNum\":\"0\",\"rating\":\"0\",\"noteNum\":\"0\",\"threadNum\":\"0\",\"type\":\"normal\",\"approval\":\"0\",\"income\":\"0.00\",\"originPrice\":\"0.00\",\"coinPrice\":\"0.00\",\"originCoinPrice\":\"0.00\",\"showStudentNumType\":\"opened\",\"serializeMode\":\"none\",\"giveCredit\":\"0\",\"about\":null,\"locationId\":\"0\",\"address\":\"\",\"deadlineNotify\":\"none\",\"daysOfNotifyBeforeDeadline\":\"0\",\"useInClassroom\":\"single\",\"singleBuy\":\"1\",\"freeStartTime\":\"0\",\"freeEndTime\":\"0\",\"locked\":\"0\",\"cover\":null,\"buyExpiryTime\":\"0\",\"enableFinish\":\"1\",\"maxRate\":\"100\",\"materialNum\":\"0\",\"compulsoryTaskNum\":\"0\",\"lessonNum\":\"0\",\"publishLessonNum\":\"0\",\"createdTime\":\"1559373342\",\"updatedTime\":\"1559373342\",\"creator\":\"2\",\"recommended\":\"0\",\"recommendedSeq\":\"0\",\"recommendedTime\":\"0\",\"categoryId\":\"0\",\"showServices\":\"0\",\"hitNum\":\"0\",\"courseType\":\"default\",\"enableAudio\":\"0\",\"isShowUnpublish\":\"1\",\"rewardPoint\":\"0\",\"taskRewardPoint\":\"0\"}', '127.0.0.1', 'Chrome(72.0.3626.119)', 'Linux', 'computer', 'Mozilla/5.0 (X11; Linux x86_64) AppleWebKit/537.36 (KHTML, like Gecko) Chrome/72.0.3626.119 Safari/537.36', 1559373342, 'info'),
(241, 2, 'course', 'create', '创建课程', '{\"id\":\"9\",\"type\":\"normal\",\"title\":\"\\u7cfb\\u7edf\\u5b9e\\u73b0\\u8bfe\\u7a0b1\",\"subtitle\":\"\",\"tags\":[],\"categoryId\":\"0\",\"serializeMode\":\"none\",\"status\":\"draft\",\"summary\":null,\"goals\":[],\"audiences\":[],\"cover\":[],\"ratingNum\":\"0\",\"rating\":\"0\",\"noteNum\":\"0\",\"studentNum\":\"0\",\"hotSeq\":\"0\",\"recommended\":\"0\",\"recommendedSeq\":\"0\",\"recommendedTime\":\"0\",\"orgId\":\"1\",\"orgCode\":\"1.\",\"discountId\":\"0\",\"discount\":\"10.00\",\"hitNum\":\"0\",\"maxRate\":\"100\",\"materialNum\":\"0\",\"parentId\":\"0\",\"locked\":\"0\",\"maxCoursePrice\":\"0.00\",\"minCoursePrice\":\"0.00\",\"teacherIds\":[\"2\"],\"creator\":\"2\",\"createdTime\":\"1559373342\",\"updatedTime\":\"1559373342\",\"defaultCourseId\":\"9\"}', '127.0.0.1', 'Chrome(72.0.3626.119)', 'Linux', 'computer', 'Mozilla/5.0 (X11; Linux x86_64) AppleWebKit/537.36 (KHTML, like Gecko) Chrome/72.0.3626.119 Safari/537.36', 1559373342, 'info'),
(242, 2, 'course', 'create_course', '创建教学计划', '{\"id\":\"10\",\"courseSetId\":\"10\",\"title\":\"\",\"subtitle\":\"\",\"courseSetTitle\":\"\\u4eac\\u4e1c\\u624b\\u673a\\u8d39\\u65f6\\u95f4\",\"learnMode\":\"freeMode\",\"expiryMode\":\"forever\",\"expiryDays\":\"0\",\"expiryStartDate\":\"0\",\"expiryEndDate\":\"0\",\"summary\":null,\"goals\":[],\"audiences\":[],\"isDefault\":\"1\",\"maxStudentNum\":\"0\",\"status\":\"draft\",\"seq\":\"0\",\"isFree\":\"1\",\"price\":\"0.00\",\"vipLevelId\":\"0\",\"buyable\":\"1\",\"tryLookable\":\"0\",\"tryLookLength\":\"0\",\"watchLimit\":\"0\",\"services\":[],\"taskNum\":\"0\",\"studentNum\":\"0\",\"teacherIds\":[],\"parentId\":\"0\",\"ratingNum\":\"0\",\"rating\":\"0\",\"noteNum\":\"0\",\"threadNum\":\"0\",\"type\":\"normal\",\"approval\":\"0\",\"income\":\"0.00\",\"originPrice\":\"0.00\",\"coinPrice\":\"0.00\",\"originCoinPrice\":\"0.00\",\"showStudentNumType\":\"opened\",\"serializeMode\":\"none\",\"giveCredit\":\"0\",\"about\":null,\"locationId\":\"0\",\"address\":\"\",\"deadlineNotify\":\"none\",\"daysOfNotifyBeforeDeadline\":\"0\",\"useInClassroom\":\"single\",\"singleBuy\":\"1\",\"freeStartTime\":\"0\",\"freeEndTime\":\"0\",\"locked\":\"0\",\"cover\":null,\"buyExpiryTime\":\"0\",\"enableFinish\":\"1\",\"maxRate\":\"100\",\"materialNum\":\"0\",\"compulsoryTaskNum\":\"0\",\"lessonNum\":\"0\",\"publishLessonNum\":\"0\",\"createdTime\":\"1559373944\",\"updatedTime\":\"1559373944\",\"creator\":\"2\",\"recommended\":\"0\",\"recommendedSeq\":\"0\",\"recommendedTime\":\"0\",\"categoryId\":\"0\",\"showServices\":\"0\",\"hitNum\":\"0\",\"courseType\":\"default\",\"enableAudio\":\"0\",\"isShowUnpublish\":\"1\",\"rewardPoint\":\"0\",\"taskRewardPoint\":\"0\"}', '127.0.0.1', 'Chrome(72.0.3626.119)', 'Linux', 'computer', 'Mozilla/5.0 (X11; Linux x86_64) AppleWebKit/537.36 (KHTML, like Gecko) Chrome/72.0.3626.119 Safari/537.36', 1559373944, 'info'),
(243, 2, 'course', 'create', '创建课程', '{\"id\":\"10\",\"type\":\"normal\",\"title\":\"\\u4eac\\u4e1c\\u624b\\u673a\\u8d39\\u65f6\\u95f4\",\"subtitle\":\"\",\"tags\":[],\"categoryId\":\"0\",\"serializeMode\":\"none\",\"status\":\"draft\",\"summary\":null,\"goals\":[],\"audiences\":[],\"cover\":[],\"ratingNum\":\"0\",\"rating\":\"0\",\"noteNum\":\"0\",\"studentNum\":\"0\",\"hotSeq\":\"0\",\"recommended\":\"0\",\"recommendedSeq\":\"0\",\"recommendedTime\":\"0\",\"orgId\":\"1\",\"orgCode\":\"1.\",\"discountId\":\"0\",\"discount\":\"10.00\",\"hitNum\":\"0\",\"maxRate\":\"100\",\"materialNum\":\"0\",\"parentId\":\"0\",\"locked\":\"0\",\"maxCoursePrice\":\"0.00\",\"minCoursePrice\":\"0.00\",\"teacherIds\":[\"2\"],\"creator\":\"2\",\"createdTime\":\"1559373944\",\"updatedTime\":\"1559373944\",\"defaultCourseId\":\"10\"}', '127.0.0.1', 'Chrome(72.0.3626.119)', 'Linux', 'computer', 'Mozilla/5.0 (X11; Linux x86_64) AppleWebKit/537.36 (KHTML, like Gecko) Chrome/72.0.3626.119 Safari/537.36', 1559373944, 'info'),
(244, 2, 'course', 'delete', '删除课程', '{\"id\":\"10\",\"type\":\"normal\",\"title\":\"\\u4eac\\u4e1c\\u624b\\u673a\\u8d39\\u65f6\\u95f4\",\"subtitle\":\"\",\"tags\":[],\"categoryId\":\"0\",\"serializeMode\":\"none\",\"status\":\"draft\",\"summary\":null,\"goals\":[],\"audiences\":[],\"cover\":[],\"ratingNum\":\"0\",\"rating\":\"0\",\"noteNum\":\"0\",\"studentNum\":\"0\",\"hotSeq\":\"0\",\"recommended\":\"0\",\"recommendedSeq\":\"0\",\"recommendedTime\":\"0\",\"orgId\":\"1\",\"orgCode\":\"1.\",\"discountId\":\"0\",\"discount\":\"10.00\",\"hitNum\":\"0\",\"maxRate\":\"100\",\"materialNum\":\"0\",\"parentId\":\"0\",\"locked\":\"0\",\"maxCoursePrice\":\"0.00\",\"minCoursePrice\":\"0.00\",\"teacherIds\":[\"2\"],\"creator\":\"2\",\"createdTime\":\"1559373944\",\"updatedTime\":\"1559373944\",\"defaultCourseId\":\"10\"}', '127.0.0.1', 'Chrome(72.0.3626.119)', 'Linux', 'computer', 'Mozilla/5.0 (X11; Linux x86_64) AppleWebKit/537.36 (KHTML, like Gecko) Chrome/72.0.3626.119 Safari/537.36', 1559374084, 'info'),
(245, 2, 'course', 'create_course', '创建教学计划', '{\"id\":\"11\",\"courseSetId\":\"11\",\"title\":\"\",\"subtitle\":\"\",\"courseSetTitle\":\"\\u65b9\\u5f0f\\u5c06\\u8bf6\\u662f\\u8001\\u5e08\",\"learnMode\":\"freeMode\",\"expiryMode\":\"forever\",\"expiryDays\":\"0\",\"expiryStartDate\":\"0\",\"expiryEndDate\":\"0\",\"summary\":null,\"goals\":[],\"audiences\":[],\"isDefault\":\"1\",\"maxStudentNum\":\"0\",\"status\":\"draft\",\"seq\":\"0\",\"isFree\":\"1\",\"price\":\"0.00\",\"vipLevelId\":\"0\",\"buyable\":\"1\",\"tryLookable\":\"0\",\"tryLookLength\":\"0\",\"watchLimit\":\"0\",\"services\":[],\"taskNum\":\"0\",\"studentNum\":\"0\",\"teacherIds\":[],\"parentId\":\"0\",\"ratingNum\":\"0\",\"rating\":\"0\",\"noteNum\":\"0\",\"threadNum\":\"0\",\"type\":\"normal\",\"approval\":\"0\",\"income\":\"0.00\",\"originPrice\":\"0.00\",\"coinPrice\":\"0.00\",\"originCoinPrice\":\"0.00\",\"showStudentNumType\":\"opened\",\"serializeMode\":\"none\",\"giveCredit\":\"0\",\"about\":null,\"locationId\":\"0\",\"address\":\"\",\"deadlineNotify\":\"none\",\"daysOfNotifyBeforeDeadline\":\"0\",\"useInClassroom\":\"single\",\"singleBuy\":\"1\",\"freeStartTime\":\"0\",\"freeEndTime\":\"0\",\"locked\":\"0\",\"cover\":null,\"buyExpiryTime\":\"0\",\"enableFinish\":\"1\",\"maxRate\":\"100\",\"materialNum\":\"0\",\"compulsoryTaskNum\":\"0\",\"lessonNum\":\"0\",\"publishLessonNum\":\"0\",\"createdTime\":\"1559374403\",\"updatedTime\":\"1559374403\",\"creator\":\"2\",\"recommended\":\"0\",\"recommendedSeq\":\"0\",\"recommendedTime\":\"0\",\"categoryId\":\"0\",\"showServices\":\"0\",\"hitNum\":\"0\",\"courseType\":\"default\",\"enableAudio\":\"0\",\"isShowUnpublish\":\"1\",\"rewardPoint\":\"0\",\"taskRewardPoint\":\"0\"}', '127.0.0.1', 'Chrome(72.0.3626.119)', 'Linux', 'computer', 'Mozilla/5.0 (X11; Linux x86_64) AppleWebKit/537.36 (KHTML, like Gecko) Chrome/72.0.3626.119 Safari/537.36', 1559374403, 'info'),
(246, 2, 'course', 'create', '创建课程', '{\"id\":\"11\",\"type\":\"normal\",\"title\":\"\\u65b9\\u5f0f\\u5c06\\u8bf6\\u662f\\u8001\\u5e08\",\"subtitle\":\"\",\"tags\":[],\"categoryId\":\"0\",\"serializeMode\":\"none\",\"status\":\"draft\",\"summary\":null,\"goals\":[],\"audiences\":[],\"cover\":[],\"ratingNum\":\"0\",\"rating\":\"0\",\"noteNum\":\"0\",\"studentNum\":\"0\",\"hotSeq\":\"0\",\"recommended\":\"0\",\"recommendedSeq\":\"0\",\"recommendedTime\":\"0\",\"orgId\":\"1\",\"orgCode\":\"1.\",\"discountId\":\"0\",\"discount\":\"10.00\",\"hitNum\":\"0\",\"maxRate\":\"100\",\"materialNum\":\"0\",\"parentId\":\"0\",\"locked\":\"0\",\"maxCoursePrice\":\"0.00\",\"minCoursePrice\":\"0.00\",\"teacherIds\":[\"2\"],\"creator\":\"2\",\"createdTime\":\"1559374403\",\"updatedTime\":\"1559374403\",\"defaultCourseId\":\"11\"}', '127.0.0.1', 'Chrome(72.0.3626.119)', 'Linux', 'computer', 'Mozilla/5.0 (X11; Linux x86_64) AppleWebKit/537.36 (KHTML, like Gecko) Chrome/72.0.3626.119 Safari/537.36', 1559374403, 'info'),
(247, 2, 'course', 'create_course', '创建教学计划', '{\"id\":\"12\",\"courseSetId\":\"12\",\"title\":\"\",\"subtitle\":\"\",\"courseSetTitle\":\"\\u79ef\\u5206\\u5347\\u7ea7\\u65b9\\u5f0f\",\"learnMode\":\"freeMode\",\"expiryMode\":\"forever\",\"expiryDays\":\"0\",\"expiryStartDate\":\"0\",\"expiryEndDate\":\"0\",\"summary\":null,\"goals\":[],\"audiences\":[],\"isDefault\":\"1\",\"maxStudentNum\":\"0\",\"status\":\"draft\",\"seq\":\"0\",\"isFree\":\"1\",\"price\":\"0.00\",\"vipLevelId\":\"0\",\"buyable\":\"1\",\"tryLookable\":\"0\",\"tryLookLength\":\"0\",\"watchLimit\":\"0\",\"services\":[],\"taskNum\":\"0\",\"studentNum\":\"0\",\"teacherIds\":[],\"parentId\":\"0\",\"ratingNum\":\"0\",\"rating\":\"0\",\"noteNum\":\"0\",\"threadNum\":\"0\",\"type\":\"normal\",\"approval\":\"0\",\"income\":\"0.00\",\"originPrice\":\"0.00\",\"coinPrice\":\"0.00\",\"originCoinPrice\":\"0.00\",\"showStudentNumType\":\"opened\",\"serializeMode\":\"none\",\"giveCredit\":\"0\",\"about\":null,\"locationId\":\"0\",\"address\":\"\",\"deadlineNotify\":\"none\",\"daysOfNotifyBeforeDeadline\":\"0\",\"useInClassroom\":\"single\",\"singleBuy\":\"1\",\"freeStartTime\":\"0\",\"freeEndTime\":\"0\",\"locked\":\"0\",\"cover\":null,\"buyExpiryTime\":\"0\",\"enableFinish\":\"1\",\"maxRate\":\"100\",\"materialNum\":\"0\",\"compulsoryTaskNum\":\"0\",\"lessonNum\":\"0\",\"publishLessonNum\":\"0\",\"createdTime\":\"1559374512\",\"updatedTime\":\"1559374512\",\"creator\":\"2\",\"recommended\":\"0\",\"recommendedSeq\":\"0\",\"recommendedTime\":\"0\",\"categoryId\":\"0\",\"showServices\":\"0\",\"hitNum\":\"0\",\"courseType\":\"default\",\"enableAudio\":\"0\",\"isShowUnpublish\":\"1\",\"rewardPoint\":\"0\",\"taskRewardPoint\":\"0\"}', '127.0.0.1', 'Chrome(72.0.3626.119)', 'Linux', 'computer', 'Mozilla/5.0 (X11; Linux x86_64) AppleWebKit/537.36 (KHTML, like Gecko) Chrome/72.0.3626.119 Safari/537.36', 1559374512, 'info'),
(248, 2, 'course', 'create', '创建课程', '{\"id\":\"12\",\"type\":\"normal\",\"title\":\"\\u79ef\\u5206\\u5347\\u7ea7\\u65b9\\u5f0f\",\"subtitle\":\"\",\"tags\":[],\"categoryId\":\"0\",\"serializeMode\":\"none\",\"status\":\"draft\",\"summary\":null,\"goals\":[],\"audiences\":[],\"cover\":[],\"ratingNum\":\"0\",\"rating\":\"0\",\"noteNum\":\"0\",\"studentNum\":\"0\",\"hotSeq\":\"0\",\"recommended\":\"0\",\"recommendedSeq\":\"0\",\"recommendedTime\":\"0\",\"orgId\":\"1\",\"orgCode\":\"1.\",\"discountId\":\"0\",\"discount\":\"10.00\",\"hitNum\":\"0\",\"maxRate\":\"100\",\"materialNum\":\"0\",\"parentId\":\"0\",\"locked\":\"0\",\"maxCoursePrice\":\"0.00\",\"minCoursePrice\":\"0.00\",\"teacherIds\":[\"2\"],\"creator\":\"2\",\"createdTime\":\"1559374512\",\"updatedTime\":\"1559374512\",\"defaultCourseId\":\"12\"}', '127.0.0.1', 'Chrome(72.0.3626.119)', 'Linux', 'computer', 'Mozilla/5.0 (X11; Linux x86_64) AppleWebKit/537.36 (KHTML, like Gecko) Chrome/72.0.3626.119 Safari/537.36', 1559374512, 'info'),
(249, 2, 'course', 'delete', '删除课程', '{\"id\":\"12\",\"type\":\"normal\",\"title\":\"\\u79ef\\u5206\\u5347\\u7ea7\\u65b9\\u5f0f\",\"subtitle\":\"\",\"tags\":[],\"categoryId\":\"0\",\"serializeMode\":\"none\",\"status\":\"draft\",\"summary\":null,\"goals\":[],\"audiences\":[],\"cover\":[],\"ratingNum\":\"0\",\"rating\":\"0\",\"noteNum\":\"0\",\"studentNum\":\"0\",\"hotSeq\":\"0\",\"recommended\":\"0\",\"recommendedSeq\":\"0\",\"recommendedTime\":\"0\",\"orgId\":\"1\",\"orgCode\":\"1.\",\"discountId\":\"0\",\"discount\":\"10.00\",\"hitNum\":\"0\",\"maxRate\":\"100\",\"materialNum\":\"0\",\"parentId\":\"0\",\"locked\":\"0\",\"maxCoursePrice\":\"0.00\",\"minCoursePrice\":\"0.00\",\"teacherIds\":[\"2\"],\"creator\":\"2\",\"createdTime\":\"1559374512\",\"updatedTime\":\"1559374512\",\"defaultCourseId\":\"12\"}', '127.0.0.1', 'Chrome(72.0.3626.119)', 'Linux', 'computer', 'Mozilla/5.0 (X11; Linux x86_64) AppleWebKit/537.36 (KHTML, like Gecko) Chrome/72.0.3626.119 Safari/537.36', 1559374527, 'info'),
(250, 2, 'course', 'delete', '删除课程', '{\"id\":\"11\",\"type\":\"normal\",\"title\":\"\\u65b9\\u5f0f\\u5c06\\u8bf6\\u662f\\u8001\\u5e08\",\"subtitle\":\"\",\"tags\":[],\"categoryId\":\"0\",\"serializeMode\":\"none\",\"status\":\"draft\",\"summary\":null,\"goals\":[],\"audiences\":[],\"cover\":[],\"ratingNum\":\"0\",\"rating\":\"0\",\"noteNum\":\"0\",\"studentNum\":\"0\",\"hotSeq\":\"0\",\"recommended\":\"0\",\"recommendedSeq\":\"0\",\"recommendedTime\":\"0\",\"orgId\":\"1\",\"orgCode\":\"1.\",\"discountId\":\"0\",\"discount\":\"10.00\",\"hitNum\":\"0\",\"maxRate\":\"100\",\"materialNum\":\"0\",\"parentId\":\"0\",\"locked\":\"0\",\"maxCoursePrice\":\"0.00\",\"minCoursePrice\":\"0.00\",\"teacherIds\":[\"2\"],\"creator\":\"2\",\"createdTime\":\"1559374403\",\"updatedTime\":\"1559374403\",\"defaultCourseId\":\"11\"}', '127.0.0.1', 'Chrome(72.0.3626.119)', 'Linux', 'computer', 'Mozilla/5.0 (X11; Linux x86_64) AppleWebKit/537.36 (KHTML, like Gecko) Chrome/72.0.3626.119 Safari/537.36', 1559374532, 'info'),
(251, 2, 'course', 'create_course', '创建教学计划', '{\"id\":\"13\",\"courseSetId\":\"13\",\"title\":\"\",\"subtitle\":\"\",\"courseSetTitle\":\"\",\"learnMode\":\"freeMode\",\"expiryMode\":\"forever\",\"expiryDays\":\"0\",\"expiryStartDate\":\"0\",\"expiryEndDate\":\"0\",\"summary\":null,\"goals\":[],\"audiences\":[],\"isDefault\":\"1\",\"maxStudentNum\":\"0\",\"status\":\"draft\",\"seq\":\"0\",\"isFree\":\"1\",\"price\":\"0.00\",\"vipLevelId\":\"0\",\"buyable\":\"1\",\"tryLookable\":\"0\",\"tryLookLength\":\"0\",\"watchLimit\":\"0\",\"services\":[],\"taskNum\":\"0\",\"studentNum\":\"0\",\"teacherIds\":[],\"parentId\":\"0\",\"ratingNum\":\"0\",\"rating\":\"0\",\"noteNum\":\"0\",\"threadNum\":\"0\",\"type\":\"normal\",\"approval\":\"0\",\"income\":\"0.00\",\"originPrice\":\"0.00\",\"coinPrice\":\"0.00\",\"originCoinPrice\":\"0.00\",\"showStudentNumType\":\"opened\",\"serializeMode\":\"none\",\"giveCredit\":\"0\",\"about\":null,\"locationId\":\"0\",\"address\":\"\",\"deadlineNotify\":\"none\",\"daysOfNotifyBeforeDeadline\":\"0\",\"useInClassroom\":\"single\",\"singleBuy\":\"1\",\"freeStartTime\":\"0\",\"freeEndTime\":\"0\",\"locked\":\"0\",\"cover\":null,\"buyExpiryTime\":\"0\",\"enableFinish\":\"1\",\"maxRate\":\"100\",\"materialNum\":\"0\",\"compulsoryTaskNum\":\"0\",\"lessonNum\":\"0\",\"publishLessonNum\":\"0\",\"createdTime\":\"1559375106\",\"updatedTime\":\"1559375106\",\"creator\":\"2\",\"recommended\":\"0\",\"recommendedSeq\":\"0\",\"recommendedTime\":\"0\",\"categoryId\":\"0\",\"showServices\":\"0\",\"hitNum\":\"0\",\"courseType\":\"default\",\"enableAudio\":\"0\",\"isShowUnpublish\":\"1\",\"rewardPoint\":\"0\",\"taskRewardPoint\":\"0\"}', '127.0.0.1', 'Chrome(72.0.3626.119)', 'Linux', 'computer', 'Mozilla/5.0 (X11; Linux x86_64) AppleWebKit/537.36 (KHTML, like Gecko) Chrome/72.0.3626.119 Safari/537.36', 1559375106, 'info'),
(252, 2, 'course', 'create', '创建课程', '{\"id\":\"13\",\"type\":\"normal\",\"title\":\"\",\"subtitle\":\"\",\"tags\":[],\"categoryId\":\"0\",\"serializeMode\":\"none\",\"status\":\"draft\",\"summary\":null,\"goals\":[],\"audiences\":[],\"cover\":[],\"ratingNum\":\"0\",\"rating\":\"0\",\"noteNum\":\"0\",\"studentNum\":\"0\",\"hotSeq\":\"0\",\"recommended\":\"0\",\"recommendedSeq\":\"0\",\"recommendedTime\":\"0\",\"orgId\":\"1\",\"orgCode\":\"1.\",\"discountId\":\"0\",\"discount\":\"10.00\",\"hitNum\":\"0\",\"maxRate\":\"100\",\"materialNum\":\"0\",\"parentId\":\"0\",\"locked\":\"0\",\"maxCoursePrice\":\"0.00\",\"minCoursePrice\":\"0.00\",\"teacherIds\":[\"2\"],\"creator\":\"2\",\"createdTime\":\"1559375106\",\"updatedTime\":\"1559375106\",\"defaultCourseId\":\"13\"}', '127.0.0.1', 'Chrome(72.0.3626.119)', 'Linux', 'computer', 'Mozilla/5.0 (X11; Linux x86_64) AppleWebKit/537.36 (KHTML, like Gecko) Chrome/72.0.3626.119 Safari/537.36', 1559375106, 'info'),
(253, 2, 'course', 'delete', '删除课程', '{\"id\":\"13\",\"type\":\"normal\",\"title\":\"\",\"subtitle\":\"\",\"tags\":[],\"categoryId\":\"0\",\"serializeMode\":\"none\",\"status\":\"draft\",\"summary\":null,\"goals\":[],\"audiences\":[],\"cover\":[],\"ratingNum\":\"0\",\"rating\":\"0\",\"noteNum\":\"0\",\"studentNum\":\"0\",\"hotSeq\":\"0\",\"recommended\":\"0\",\"recommendedSeq\":\"0\",\"recommendedTime\":\"0\",\"orgId\":\"1\",\"orgCode\":\"1.\",\"discountId\":\"0\",\"discount\":\"10.00\",\"hitNum\":\"0\",\"maxRate\":\"100\",\"materialNum\":\"0\",\"parentId\":\"0\",\"locked\":\"0\",\"maxCoursePrice\":\"0.00\",\"minCoursePrice\":\"0.00\",\"teacherIds\":[\"2\"],\"creator\":\"2\",\"createdTime\":\"1559375106\",\"updatedTime\":\"1559375106\",\"defaultCourseId\":\"13\"}', '127.0.0.1', 'Chrome(72.0.3626.119)', 'Linux', 'computer', 'Mozilla/5.0 (X11; Linux x86_64) AppleWebKit/537.36 (KHTML, like Gecko) Chrome/72.0.3626.119 Safari/537.36', 1559375150, 'info'),
(254, 2, 'course', 'create_course', '创建教学计划', '{\"id\":\"14\",\"courseSetId\":\"14\",\"title\":\"\",\"subtitle\":\"\",\"courseSetTitle\":\"\\u98ce\\u683c\\u7684\\u89c4\\u8303\\u5730\\u65b9\",\"learnMode\":\"freeMode\",\"expiryMode\":\"forever\",\"expiryDays\":\"0\",\"expiryStartDate\":\"0\",\"expiryEndDate\":\"0\",\"summary\":null,\"goals\":[],\"audiences\":[],\"isDefault\":\"1\",\"maxStudentNum\":\"0\",\"status\":\"draft\",\"seq\":\"0\",\"isFree\":\"1\",\"price\":\"0.00\",\"vipLevelId\":\"0\",\"buyable\":\"1\",\"tryLookable\":\"0\",\"tryLookLength\":\"0\",\"watchLimit\":\"0\",\"services\":[],\"taskNum\":\"0\",\"studentNum\":\"0\",\"teacherIds\":[],\"parentId\":\"0\",\"ratingNum\":\"0\",\"rating\":\"0\",\"noteNum\":\"0\",\"threadNum\":\"0\",\"type\":\"normal\",\"approval\":\"0\",\"income\":\"0.00\",\"originPrice\":\"0.00\",\"coinPrice\":\"0.00\",\"originCoinPrice\":\"0.00\",\"showStudentNumType\":\"opened\",\"serializeMode\":\"none\",\"giveCredit\":\"0\",\"about\":null,\"locationId\":\"0\",\"address\":\"\",\"deadlineNotify\":\"none\",\"daysOfNotifyBeforeDeadline\":\"0\",\"useInClassroom\":\"single\",\"singleBuy\":\"1\",\"freeStartTime\":\"0\",\"freeEndTime\":\"0\",\"locked\":\"0\",\"cover\":null,\"buyExpiryTime\":\"0\",\"enableFinish\":\"1\",\"maxRate\":\"100\",\"materialNum\":\"0\",\"compulsoryTaskNum\":\"0\",\"lessonNum\":\"0\",\"publishLessonNum\":\"0\",\"createdTime\":\"1559375170\",\"updatedTime\":\"1559375170\",\"creator\":\"2\",\"recommended\":\"0\",\"recommendedSeq\":\"0\",\"recommendedTime\":\"0\",\"categoryId\":\"0\",\"showServices\":\"0\",\"hitNum\":\"0\",\"courseType\":\"default\",\"enableAudio\":\"0\",\"isShowUnpublish\":\"1\",\"rewardPoint\":\"0\",\"taskRewardPoint\":\"0\"}', '127.0.0.1', 'Chrome(72.0.3626.119)', 'Linux', 'computer', 'Mozilla/5.0 (X11; Linux x86_64) AppleWebKit/537.36 (KHTML, like Gecko) Chrome/72.0.3626.119 Safari/537.36', 1559375170, 'info'),
(255, 2, 'course', 'create', '创建课程', '{\"id\":\"14\",\"type\":\"normal\",\"title\":\"\\u98ce\\u683c\\u7684\\u89c4\\u8303\\u5730\\u65b9\",\"subtitle\":\"\",\"tags\":[],\"categoryId\":\"0\",\"serializeMode\":\"none\",\"status\":\"draft\",\"summary\":null,\"goals\":[],\"audiences\":[],\"cover\":[],\"ratingNum\":\"0\",\"rating\":\"0\",\"noteNum\":\"0\",\"studentNum\":\"0\",\"hotSeq\":\"0\",\"recommended\":\"0\",\"recommendedSeq\":\"0\",\"recommendedTime\":\"0\",\"orgId\":\"1\",\"orgCode\":\"1.\",\"discountId\":\"0\",\"discount\":\"10.00\",\"hitNum\":\"0\",\"maxRate\":\"100\",\"materialNum\":\"0\",\"parentId\":\"0\",\"locked\":\"0\",\"maxCoursePrice\":\"0.00\",\"minCoursePrice\":\"0.00\",\"teacherIds\":[\"2\"],\"creator\":\"2\",\"createdTime\":\"1559375170\",\"updatedTime\":\"1559375170\",\"defaultCourseId\":\"14\"}', '127.0.0.1', 'Chrome(72.0.3626.119)', 'Linux', 'computer', 'Mozilla/5.0 (X11; Linux x86_64) AppleWebKit/537.36 (KHTML, like Gecko) Chrome/72.0.3626.119 Safari/537.36', 1559375170, 'info'),
(256, 2, 'course', 'delete', '删除课程', '{\"id\":\"14\",\"type\":\"normal\",\"title\":\"\\u98ce\\u683c\\u7684\\u89c4\\u8303\\u5730\\u65b9\",\"subtitle\":\"\",\"tags\":[],\"categoryId\":\"0\",\"serializeMode\":\"none\",\"status\":\"draft\",\"summary\":null,\"goals\":[],\"audiences\":[],\"cover\":[],\"ratingNum\":\"0\",\"rating\":\"0\",\"noteNum\":\"0\",\"studentNum\":\"0\",\"hotSeq\":\"0\",\"recommended\":\"0\",\"recommendedSeq\":\"0\",\"recommendedTime\":\"0\",\"orgId\":\"1\",\"orgCode\":\"1.\",\"discountId\":\"0\",\"discount\":\"10.00\",\"hitNum\":\"0\",\"maxRate\":\"100\",\"materialNum\":\"0\",\"parentId\":\"0\",\"locked\":\"0\",\"maxCoursePrice\":\"0.00\",\"minCoursePrice\":\"0.00\",\"teacherIds\":[\"2\"],\"creator\":\"2\",\"createdTime\":\"1559375170\",\"updatedTime\":\"1559375170\",\"defaultCourseId\":\"14\"}', '127.0.0.1', 'Chrome(72.0.3626.119)', 'Linux', 'computer', 'Mozilla/5.0 (X11; Linux x86_64) AppleWebKit/537.36 (KHTML, like Gecko) Chrome/72.0.3626.119 Safari/537.36', 1559375190, 'info'),
(257, 2, 'course', 'create_course', '创建教学计划', '{\"id\":\"15\",\"courseSetId\":\"15\",\"title\":\"\",\"subtitle\":\"\",\"courseSetTitle\":\"\",\"learnMode\":\"freeMode\",\"expiryMode\":\"forever\",\"expiryDays\":\"0\",\"expiryStartDate\":\"0\",\"expiryEndDate\":\"0\",\"summary\":null,\"goals\":[],\"audiences\":[],\"isDefault\":\"1\",\"maxStudentNum\":\"0\",\"status\":\"draft\",\"seq\":\"0\",\"isFree\":\"1\",\"price\":\"0.00\",\"vipLevelId\":\"0\",\"buyable\":\"1\",\"tryLookable\":\"0\",\"tryLookLength\":\"0\",\"watchLimit\":\"0\",\"services\":[],\"taskNum\":\"0\",\"studentNum\":\"0\",\"teacherIds\":[],\"parentId\":\"0\",\"ratingNum\":\"0\",\"rating\":\"0\",\"noteNum\":\"0\",\"threadNum\":\"0\",\"type\":\"normal\",\"approval\":\"0\",\"income\":\"0.00\",\"originPrice\":\"0.00\",\"coinPrice\":\"0.00\",\"originCoinPrice\":\"0.00\",\"showStudentNumType\":\"opened\",\"serializeMode\":\"none\",\"giveCredit\":\"0\",\"about\":null,\"locationId\":\"0\",\"address\":\"\",\"deadlineNotify\":\"none\",\"daysOfNotifyBeforeDeadline\":\"0\",\"useInClassroom\":\"single\",\"singleBuy\":\"1\",\"freeStartTime\":\"0\",\"freeEndTime\":\"0\",\"locked\":\"0\",\"cover\":null,\"buyExpiryTime\":\"0\",\"enableFinish\":\"1\",\"maxRate\":\"100\",\"materialNum\":\"0\",\"compulsoryTaskNum\":\"0\",\"lessonNum\":\"0\",\"publishLessonNum\":\"0\",\"createdTime\":\"1559375192\",\"updatedTime\":\"1559375192\",\"creator\":\"2\",\"recommended\":\"0\",\"recommendedSeq\":\"0\",\"recommendedTime\":\"0\",\"categoryId\":\"0\",\"showServices\":\"0\",\"hitNum\":\"0\",\"courseType\":\"default\",\"enableAudio\":\"0\",\"isShowUnpublish\":\"1\",\"rewardPoint\":\"0\",\"taskRewardPoint\":\"0\"}', '127.0.0.1', 'Chrome(72.0.3626.119)', 'Linux', 'computer', 'Mozilla/5.0 (X11; Linux x86_64) AppleWebKit/537.36 (KHTML, like Gecko) Chrome/72.0.3626.119 Safari/537.36', 1559375192, 'info'),
(258, 2, 'course', 'create', '创建课程', '{\"id\":\"15\",\"type\":\"normal\",\"title\":\"\",\"subtitle\":\"\",\"tags\":[],\"categoryId\":\"0\",\"serializeMode\":\"none\",\"status\":\"draft\",\"summary\":null,\"goals\":[],\"audiences\":[],\"cover\":[],\"ratingNum\":\"0\",\"rating\":\"0\",\"noteNum\":\"0\",\"studentNum\":\"0\",\"hotSeq\":\"0\",\"recommended\":\"0\",\"recommendedSeq\":\"0\",\"recommendedTime\":\"0\",\"orgId\":\"1\",\"orgCode\":\"1.\",\"discountId\":\"0\",\"discount\":\"10.00\",\"hitNum\":\"0\",\"maxRate\":\"100\",\"materialNum\":\"0\",\"parentId\":\"0\",\"locked\":\"0\",\"maxCoursePrice\":\"0.00\",\"minCoursePrice\":\"0.00\",\"teacherIds\":[\"2\"],\"creator\":\"2\",\"createdTime\":\"1559375192\",\"updatedTime\":\"1559375192\",\"defaultCourseId\":\"15\"}', '127.0.0.1', 'Chrome(72.0.3626.119)', 'Linux', 'computer', 'Mozilla/5.0 (X11; Linux x86_64) AppleWebKit/537.36 (KHTML, like Gecko) Chrome/72.0.3626.119 Safari/537.36', 1559375192, 'info'),
(259, 2, 'course', 'delete', '删除课程', '{\"id\":\"15\",\"type\":\"normal\",\"title\":\"\",\"subtitle\":\"\",\"tags\":[],\"categoryId\":\"0\",\"serializeMode\":\"none\",\"status\":\"draft\",\"summary\":null,\"goals\":[],\"audiences\":[],\"cover\":[],\"ratingNum\":\"0\",\"rating\":\"0\",\"noteNum\":\"0\",\"studentNum\":\"0\",\"hotSeq\":\"0\",\"recommended\":\"0\",\"recommendedSeq\":\"0\",\"recommendedTime\":\"0\",\"orgId\":\"1\",\"orgCode\":\"1.\",\"discountId\":\"0\",\"discount\":\"10.00\",\"hitNum\":\"0\",\"maxRate\":\"100\",\"materialNum\":\"0\",\"parentId\":\"0\",\"locked\":\"0\",\"maxCoursePrice\":\"0.00\",\"minCoursePrice\":\"0.00\",\"teacherIds\":[\"2\"],\"creator\":\"2\",\"createdTime\":\"1559375192\",\"updatedTime\":\"1559375192\",\"defaultCourseId\":\"15\"}', '127.0.0.1', 'Chrome(72.0.3626.119)', 'Linux', 'computer', 'Mozilla/5.0 (X11; Linux x86_64) AppleWebKit/537.36 (KHTML, like Gecko) Chrome/72.0.3626.119 Safari/537.36', 1559375202, 'info'),
(260, 2, 'course', 'add_question', '新增题目', '{\"id\":\"25\",\"type\":\"single_choice\",\"stem\":\"<p>\\u4e0b\\u9762\\u56db\\u4eba\\u4e2d\\u8c01\\u4e0d\\u662f\\u738b\\uff1f<\\/p>\\r\\n\",\"score\":\"2.0\",\"answer\":[\"3\"],\"analysis\":\"\",\"metas\":{\"choices\":[\"<p>\\u91d1\\u95ea\\u95ea<\\/p>\\r\\n\",\"<p>Saber<\\/p>\\r\\n\",\"<p>\\u4f0a\\u65af\\u574e\\u8fbe\\u5c14<\\/p>\\r\\n\",\"<p>\\u536b\\u5bab\\u5207\\u55e3<\\/p>\\r\\n\"]},\"categoryId\":\"0\",\"difficulty\":\"normal\",\"target\":\"course-9\",\"courseId\":\"9\",\"lessonId\":\"0\",\"parentId\":\"0\",\"subCount\":\"0\",\"finishedTimes\":\"0\",\"passedTimes\":\"0\",\"createdUserId\":\"2\",\"updatedUserId\":\"2\",\"updatedTime\":\"1559376690\",\"createdTime\":\"1559376690\",\"copyId\":\"0\",\"courseSetId\":\"9\"}', '127.0.0.1', 'Chrome(72.0.3626.119)', 'Linux', 'computer', 'Mozilla/5.0 (X11; Linux x86_64) AppleWebKit/537.36 (KHTML, like Gecko) Chrome/72.0.3626.119 Safari/537.36', 1559376690, 'info'),
(261, 2, 'course', 'add_testpaper', '新增试卷', '{\"id\":\"8\",\"name\":\"2019\\u5e74\\u6625\\u5b63\\u5927\\u5b66\\u82f1\\u8bed\\u671f\\u672b\\u8003\\u8bd5\",\"description\":\"<p>\\u5ffd\\u800c\\u5bb6\\u91cc\\u4e86\\u4e16\\u754c\\u8bf6\\u53d1\\u751f\\u4e86\\u3002<\\/p>\\r\\n\",\"courseId\":\"0\",\"lessonId\":\"0\",\"limitedTime\":\"0\",\"pattern\":\"questionType\",\"target\":\"\",\"status\":\"draft\",\"score\":\"0.0\",\"passedCondition\":[0],\"itemCount\":\"0\",\"createdUserId\":\"2\",\"createdTime\":\"1559378439\",\"updatedUserId\":\"2\",\"updatedTime\":\"1559378439\",\"metas\":{\"mode\":\"rand\",\"ranges\":{\"courseId\":\"9\"},\"counts\":{\"single_choice\":\"1\"},\"scores\":{\"single_choice\":\"5\",\"choice\":\"2\",\"essay\":\"2\",\"determine\":\"2\",\"fill\":\"2\"},\"missScores\":{\"choice\":\"0\"},\"percentages\":{\"simple\":\"\",\"normal\":\"\",\"difficulty\":\"\"}},\"copyId\":\"0\",\"type\":\"testpaper\",\"courseSetId\":\"9\",\"migrateTestId\":\"0\"}', '127.0.0.1', 'Chrome(72.0.3626.119)', 'Linux', 'computer', 'Mozilla/5.0 (X11; Linux x86_64) AppleWebKit/537.36 (KHTML, like Gecko) Chrome/72.0.3626.119 Safari/537.36', 1559378439, 'info'),
(262, 2, 'course', 'add_testpaper', '新增试卷', '{\"id\":\"9\",\"name\":\"2019\\u5e74\\u6625\\u5b63\\u5927\\u5b66\\u82f1\\u8bed\\u671f\\u672b\\u8003\\u8bd5\",\"description\":\"<p>\\u53ca\\u8f90\\u5c04\\u653e\\u5047\\u4e86\\u5c31\\u662f\\u4f5b\\u6559\\u65b9\\u5f0f\\u3002<\\/p>\\r\\n\",\"courseId\":\"0\",\"lessonId\":\"0\",\"limitedTime\":\"0\",\"pattern\":\"questionType\",\"target\":\"\",\"status\":\"draft\",\"score\":\"0.0\",\"passedCondition\":[0],\"itemCount\":\"0\",\"createdUserId\":\"2\",\"createdTime\":\"1559380007\",\"updatedUserId\":\"2\",\"updatedTime\":\"1559380007\",\"metas\":{\"mode\":\"rand\",\"ranges\":{\"courseId\":\"9\"},\"counts\":{\"single_choice\":\"1\"},\"scores\":{\"single_choice\":\"2\",\"choice\":\"2\",\"essay\":\"2\",\"determine\":\"2\",\"fill\":\"2\"},\"missScores\":{\"choice\":\"0\"},\"percentages\":{\"simple\":\"\",\"normal\":\"\",\"difficulty\":\"\"}},\"copyId\":\"0\",\"type\":\"testpaper\",\"courseSetId\":\"9\",\"migrateTestId\":\"0\"}', '127.0.0.1', 'Chrome(72.0.3626.119)', 'Linux', 'computer', 'Mozilla/5.0 (X11; Linux x86_64) AppleWebKit/537.36 (KHTML, like Gecko) Chrome/72.0.3626.119 Safari/537.36', 1559380007, 'info'),
(263, 2, 'course', 'add_testpaper', '新增试卷', '{\"id\":\"10\",\"name\":\"2019\\u5e74\\u6625\\u5b63\\u5927\\u5b66\\u82f1\\u8bed\\u671f\\u672b\\u8003\\u8bd5\",\"description\":\"<p>\\u53ca\\u8f90\\u5c04\\u653e\\u5047\\u4e86\\u5c31\\u662f\\u4f5b\\u6559\\u65b9\\u5f0f\\u3002<\\/p>\\r\\n\",\"courseId\":\"0\",\"lessonId\":\"0\",\"limitedTime\":\"0\",\"pattern\":\"questionType\",\"target\":\"\",\"status\":\"draft\",\"score\":\"0.0\",\"passedCondition\":[0],\"itemCount\":\"0\",\"createdUserId\":\"2\",\"createdTime\":\"1559381738\",\"updatedUserId\":\"2\",\"updatedTime\":\"1559381738\",\"metas\":{\"mode\":\"rand\",\"ranges\":{\"courseId\":\"9\"},\"counts\":{\"single_choice\":\"1\"},\"scores\":{\"single_choice\":\"2\",\"choice\":\"2\",\"essay\":\"2\",\"determine\":\"2\",\"fill\":\"2\"},\"missScores\":{\"choice\":\"0\"},\"percentages\":{\"simple\":\"\",\"normal\":\"\",\"difficulty\":\"\"}},\"copyId\":\"0\",\"type\":\"testpaper\",\"courseSetId\":\"9\",\"migrateTestId\":\"0\"}', '127.0.0.1', 'Chrome(72.0.3626.119)', 'Linux', 'computer', 'Mozilla/5.0 (X11; Linux x86_64) AppleWebKit/537.36 (KHTML, like Gecko) Chrome/72.0.3626.119 Safari/537.36', 1559381738, 'info'),
(264, 2, 'course', 'delete_testpaper', '删除试卷', '{\"id\":\"9\",\"name\":\"2019\\u5e74\\u6625\\u5b63\\u5927\\u5b66\\u82f1\\u8bed\\u671f\\u672b\\u8003\\u8bd5\",\"description\":\"<p>\\u53ca\\u8f90\\u5c04\\u653e\\u5047\\u4e86\\u5c31\\u662f\\u4f5b\\u6559\\u65b9\\u5f0f\\u3002<\\/p>\\r\\n\",\"courseId\":\"0\",\"lessonId\":\"0\",\"limitedTime\":\"0\",\"pattern\":\"questionType\",\"target\":\"\",\"status\":\"draft\",\"score\":\"4.0\",\"passedCondition\":[\"0\"],\"itemCount\":\"1\",\"createdUserId\":\"2\",\"createdTime\":\"1559380007\",\"updatedUserId\":\"2\",\"updatedTime\":\"1559383465\",\"metas\":{\"mode\":\"rand\",\"ranges\":{\"courseId\":\"9\"},\"counts\":{\"single_choice\":1},\"scores\":{\"single_choice\":\"2\",\"choice\":\"2\",\"essay\":\"2\",\"determine\":\"2\",\"fill\":\"2\"},\"missScores\":{\"choice\":\"0\"},\"percentages\":{\"simple\":\"\",\"normal\":\"\",\"difficulty\":\"\"},\"question_type_seq\":[]},\"copyId\":\"0\",\"type\":\"testpaper\",\"courseSetId\":\"9\",\"migrateTestId\":\"0\"}', '127.0.0.1', 'Chrome(72.0.3626.119)', 'Linux', 'computer', 'Mozilla/5.0 (X11; Linux x86_64) AppleWebKit/537.36 (KHTML, like Gecko) Chrome/72.0.3626.119 Safari/537.36', 1559384040, 'info'),
(265, 2, 'course', 'delete_testpaper', '删除试卷', '{\"id\":\"10\",\"name\":\"2019\\u5e74\\u6625\\u5b63\\u5927\\u5b66\\u82f1\\u8bed\\u671f\\u672b\\u8003\\u8bd5\",\"description\":\"<p>\\u53ca\\u8f90\\u5c04\\u653e\\u5047\\u4e86\\u5c31\\u662f\\u4f5b\\u6559\\u65b9\\u5f0f\\u3002<\\/p>\\r\\n\",\"courseId\":\"0\",\"lessonId\":\"0\",\"limitedTime\":\"0\",\"pattern\":\"questionType\",\"target\":\"\",\"status\":\"draft\",\"score\":\"2.0\",\"passedCondition\":[0],\"itemCount\":\"1\",\"createdUserId\":\"2\",\"createdTime\":\"1559381738\",\"updatedUserId\":\"2\",\"updatedTime\":\"1559381738\",\"metas\":{\"mode\":\"rand\",\"ranges\":{\"courseId\":\"9\"},\"counts\":{\"single_choice\":\"1\"},\"scores\":{\"single_choice\":\"2\",\"choice\":\"2\",\"essay\":\"2\",\"determine\":\"2\",\"fill\":\"2\"},\"missScores\":{\"choice\":\"0\"},\"percentages\":{\"simple\":\"\",\"normal\":\"\",\"difficulty\":\"\"}},\"copyId\":\"0\",\"type\":\"testpaper\",\"courseSetId\":\"9\",\"migrateTestId\":\"0\"}', '127.0.0.1', 'Chrome(72.0.3626.119)', 'Linux', 'computer', 'Mozilla/5.0 (X11; Linux x86_64) AppleWebKit/537.36 (KHTML, like Gecko) Chrome/72.0.3626.119 Safari/537.36', 1559384045, 'info'),
(266, 2, 'user', 'login_success', '登录成功', '', '127.0.0.1', 'Chrome(72.0.3626.119)', 'Linux', 'computer', 'Mozilla/5.0 (X11; Linux x86_64) AppleWebKit/537.36 (KHTML, like Gecko) Chrome/72.0.3626.119 Safari/537.36', 1559390738, 'info'),
(267, 2, 'course', 'add_task', '添加学习任务', '{\"id\":\"19\",\"courseId\":\"9\",\"seq\":\"1\",\"categoryId\":\"21\",\"activityId\":\"19\",\"title\":\"2019\\u5e74\\u6625\\u5b63\\u5927\\u5b66\\u82f1\\u8bed\\u671f\\u672b\\u8003\\u8bd5\",\"isFree\":\"0\",\"isOptional\":\"0\",\"startTime\":\"0\",\"endTime\":\"0\",\"mode\":\"lesson\",\"status\":\"create\",\"number\":\"\",\"type\":\"testpaper\",\"mediaSource\":\"\",\"maxOnlineNum\":\"0\",\"fromCourseSetId\":\"9\",\"length\":\"5\",\"copyId\":\"0\",\"createdUserId\":\"2\",\"createdTime\":\"1559391549\",\"updatedTime\":\"1559391549\"}', '127.0.0.1', 'Chrome(72.0.3626.119)', 'Linux', 'computer', 'Mozilla/5.0 (X11; Linux x86_64) AppleWebKit/537.36 (KHTML, like Gecko) Chrome/72.0.3626.119 Safari/537.36', 1559391549, 'info'),
(268, 2, 'course', 'create_lesson', '创建考试', '[{\"id\":\"21\",\"courseId\":\"9\",\"type\":\"lesson\",\"number\":\"1\",\"seq\":\"1\",\"title\":\"2019\\u5e74\\u6625\\u5b63\\u5927\\u5b66\\u82f1\\u8bed\\u671f\\u672b\\u8003\\u8bd5\",\"createdTime\":\"1559391549\",\"updatedTime\":\"1559391549\",\"copyId\":\"0\",\"status\":\"created\",\"isOptional\":\"0\"},{\"id\":\"19\",\"courseId\":\"9\",\"seq\":\"1\",\"categoryId\":\"21\",\"activityId\":\"19\",\"title\":\"2019\\u5e74\\u6625\\u5b63\\u5927\\u5b66\\u82f1\\u8bed\\u671f\\u672b\\u8003\\u8bd5\",\"isFree\":\"0\",\"isOptional\":\"0\",\"startTime\":\"0\",\"endTime\":\"0\",\"mode\":\"lesson\",\"status\":\"create\",\"number\":\"\",\"type\":\"testpaper\",\"mediaSource\":\"\",\"maxOnlineNum\":\"0\",\"fromCourseSetId\":\"9\",\"length\":\"5\",\"copyId\":\"0\",\"createdUserId\":\"2\",\"createdTime\":\"1559391549\",\"updatedTime\":\"1559391549\"}]', '127.0.0.1', 'Chrome(72.0.3626.119)', 'Linux', 'computer', 'Mozilla/5.0 (X11; Linux x86_64) AppleWebKit/537.36 (KHTML, like Gecko) Chrome/72.0.3626.119 Safari/537.36', 1559391549, 'info'),
(269, 2, 'course', 'add_task', '添加学习任务', '{\"id\":\"20\",\"courseId\":\"9\",\"seq\":\"1\",\"categoryId\":\"22\",\"activityId\":\"20\",\"title\":\"2019\\u5e74\\u6625\\u5b63\\u5927\\u5b66\\u82f1\\u8bed\\u671f\\u672b\\u8003\\u8bd5\",\"isFree\":\"0\",\"isOptional\":\"0\",\"startTime\":\"0\",\"endTime\":\"0\",\"mode\":\"lesson\",\"status\":\"create\",\"number\":\"\",\"type\":\"testpaper\",\"mediaSource\":\"\",\"maxOnlineNum\":\"0\",\"fromCourseSetId\":\"9\",\"length\":\"5\",\"copyId\":\"0\",\"createdUserId\":\"2\",\"createdTime\":\"1559391749\",\"updatedTime\":\"1559391749\"}', '127.0.0.1', 'Chrome(72.0.3626.119)', 'Linux', 'computer', 'Mozilla/5.0 (X11; Linux x86_64) AppleWebKit/537.36 (KHTML, like Gecko) Chrome/72.0.3626.119 Safari/537.36', 1559391749, 'info');
INSERT INTO `log_v8` (`id`, `userId`, `module`, `action`, `message`, `data`, `ip`, `browser`, `operatingSystem`, `device`, `userAgent`, `createdTime`, `level`) VALUES
(270, 2, 'course', 'create_lesson', '创建考试', '[{\"id\":\"22\",\"courseId\":\"9\",\"type\":\"lesson\",\"number\":\"1\",\"seq\":\"1\",\"title\":\"2019\\u5e74\\u6625\\u5b63\\u5927\\u5b66\\u82f1\\u8bed\\u671f\\u672b\\u8003\\u8bd5\",\"createdTime\":\"1559391749\",\"updatedTime\":\"1559391749\",\"copyId\":\"0\",\"status\":\"created\",\"isOptional\":\"0\"},{\"id\":\"20\",\"courseId\":\"9\",\"seq\":\"1\",\"categoryId\":\"22\",\"activityId\":\"20\",\"title\":\"2019\\u5e74\\u6625\\u5b63\\u5927\\u5b66\\u82f1\\u8bed\\u671f\\u672b\\u8003\\u8bd5\",\"isFree\":\"0\",\"isOptional\":\"0\",\"startTime\":\"0\",\"endTime\":\"0\",\"mode\":\"lesson\",\"status\":\"create\",\"number\":\"\",\"type\":\"testpaper\",\"mediaSource\":\"\",\"maxOnlineNum\":\"0\",\"fromCourseSetId\":\"9\",\"length\":\"5\",\"copyId\":\"0\",\"createdUserId\":\"2\",\"createdTime\":\"1559391749\",\"updatedTime\":\"1559391749\"}]', '127.0.0.1', 'Chrome(72.0.3626.119)', 'Linux', 'computer', 'Mozilla/5.0 (X11; Linux x86_64) AppleWebKit/537.36 (KHTML, like Gecko) Chrome/72.0.3626.119 Safari/537.36', 1559391749, 'info'),
(271, 2, 'course', 'add_task', '添加学习任务', '{\"id\":\"21\",\"courseId\":\"9\",\"seq\":\"1\",\"categoryId\":\"23\",\"activityId\":\"21\",\"title\":\"2019\\u5e74\\u6625\\u5b63\\u5927\\u5b66\\u82f1\\u8bed\\u671f\\u672b\\u8003\\u8bd5\",\"isFree\":\"0\",\"isOptional\":\"0\",\"startTime\":\"0\",\"endTime\":\"0\",\"mode\":\"lesson\",\"status\":\"create\",\"number\":\"\",\"type\":\"testpaper\",\"mediaSource\":\"\",\"maxOnlineNum\":\"0\",\"fromCourseSetId\":\"9\",\"length\":\"5\",\"copyId\":\"0\",\"createdUserId\":\"2\",\"createdTime\":\"1559391765\",\"updatedTime\":\"1559391765\"}', '127.0.0.1', 'Chrome(72.0.3626.119)', 'Linux', 'computer', 'Mozilla/5.0 (X11; Linux x86_64) AppleWebKit/537.36 (KHTML, like Gecko) Chrome/72.0.3626.119 Safari/537.36', 1559391765, 'info'),
(272, 2, 'course', 'create_lesson', '创建考试', '[{\"id\":\"23\",\"courseId\":\"9\",\"type\":\"lesson\",\"number\":\"1\",\"seq\":\"1\",\"title\":\"2019\\u5e74\\u6625\\u5b63\\u5927\\u5b66\\u82f1\\u8bed\\u671f\\u672b\\u8003\\u8bd5\",\"createdTime\":\"1559391765\",\"updatedTime\":\"1559391765\",\"copyId\":\"0\",\"status\":\"created\",\"isOptional\":\"0\"},{\"id\":\"21\",\"courseId\":\"9\",\"seq\":\"1\",\"categoryId\":\"23\",\"activityId\":\"21\",\"title\":\"2019\\u5e74\\u6625\\u5b63\\u5927\\u5b66\\u82f1\\u8bed\\u671f\\u672b\\u8003\\u8bd5\",\"isFree\":\"0\",\"isOptional\":\"0\",\"startTime\":\"0\",\"endTime\":\"0\",\"mode\":\"lesson\",\"status\":\"create\",\"number\":\"\",\"type\":\"testpaper\",\"mediaSource\":\"\",\"maxOnlineNum\":\"0\",\"fromCourseSetId\":\"9\",\"length\":\"5\",\"copyId\":\"0\",\"createdUserId\":\"2\",\"createdTime\":\"1559391765\",\"updatedTime\":\"1559391765\"}]', '127.0.0.1', 'Chrome(72.0.3626.119)', 'Linux', 'computer', 'Mozilla/5.0 (X11; Linux x86_64) AppleWebKit/537.36 (KHTML, like Gecko) Chrome/72.0.3626.119 Safari/537.36', 1559391765, 'info'),
(273, 2, 'course', 'delete_lesson', '删除考试', '{\"id\":\"23\",\"courseId\":\"9\",\"type\":\"lesson\",\"number\":\"1\",\"seq\":\"1\",\"title\":\"2019\\u5e74\\u6625\\u5b63\\u5927\\u5b66\\u82f1\\u8bed\\u671f\\u672b\\u8003\\u8bd5\",\"createdTime\":\"1559391765\",\"updatedTime\":\"1559391765\",\"copyId\":\"0\",\"status\":\"created\",\"isOptional\":\"0\"}', '127.0.0.1', 'Chrome(72.0.3626.119)', 'Linux', 'computer', 'Mozilla/5.0 (X11; Linux x86_64) AppleWebKit/537.36 (KHTML, like Gecko) Chrome/72.0.3626.119 Safari/537.36', 1559392590, 'info'),
(274, 2, 'user', 'login_success', '登录成功', '', '127.0.0.1', 'Chrome(72.0.3626.119)', 'Linux', 'computer', 'Mozilla/5.0 (X11; Linux x86_64) AppleWebKit/537.36 (KHTML, like Gecko) Chrome/72.0.3626.119 Safari/537.36', 1559393950, 'info'),
(275, 2, 'course', 'add_task', '添加学习任务', '{\"id\":\"21\",\"courseId\":\"9\",\"seq\":\"1\",\"categoryId\":\"23\",\"activityId\":\"21\",\"title\":\"2019\\u5e74\\u6625\\u5b63\\u5927\\u5b66\\u82f1\\u8bed\\u671f\\u672b\\u8003\\u8bd5\",\"isFree\":\"0\",\"isOptional\":\"0\",\"startTime\":\"0\",\"endTime\":\"0\",\"mode\":\"lesson\",\"status\":\"create\",\"number\":\"\",\"type\":\"testpaper\",\"mediaSource\":\"\",\"maxOnlineNum\":\"0\",\"fromCourseSetId\":\"9\",\"length\":\"10\",\"copyId\":\"0\",\"createdUserId\":\"2\",\"createdTime\":\"1559394426\",\"updatedTime\":\"1559394426\"}', '127.0.0.1', 'Chrome(72.0.3626.119)', 'Linux', 'computer', 'Mozilla/5.0 (X11; Linux x86_64) AppleWebKit/537.36 (KHTML, like Gecko) Chrome/72.0.3626.119 Safari/537.36', 1559394427, 'info'),
(276, 2, 'course', 'create_lesson', '创建考试', '[{\"id\":\"23\",\"courseId\":\"9\",\"type\":\"lesson\",\"number\":\"1\",\"seq\":\"1\",\"title\":\"2019\\u5e74\\u6625\\u5b63\\u5927\\u5b66\\u82f1\\u8bed\\u671f\\u672b\\u8003\\u8bd5\",\"createdTime\":\"1559394426\",\"updatedTime\":\"1559394426\",\"copyId\":\"0\",\"status\":\"created\",\"isOptional\":\"0\"},{\"id\":\"21\",\"courseId\":\"9\",\"seq\":\"1\",\"categoryId\":\"23\",\"activityId\":\"21\",\"title\":\"2019\\u5e74\\u6625\\u5b63\\u5927\\u5b66\\u82f1\\u8bed\\u671f\\u672b\\u8003\\u8bd5\",\"isFree\":\"0\",\"isOptional\":\"0\",\"startTime\":\"0\",\"endTime\":\"0\",\"mode\":\"lesson\",\"status\":\"create\",\"number\":\"\",\"type\":\"testpaper\",\"mediaSource\":\"\",\"maxOnlineNum\":\"0\",\"fromCourseSetId\":\"9\",\"length\":\"10\",\"copyId\":\"0\",\"createdUserId\":\"2\",\"createdTime\":\"1559394426\",\"updatedTime\":\"1559394426\"}]', '127.0.0.1', 'Chrome(72.0.3626.119)', 'Linux', 'computer', 'Mozilla/5.0 (X11; Linux x86_64) AppleWebKit/537.36 (KHTML, like Gecko) Chrome/72.0.3626.119 Safari/537.36', 1559394427, 'info'),
(277, 2, 'course', 'add_task', '添加学习任务', '{\"id\":\"22\",\"courseId\":\"9\",\"seq\":\"1\",\"categoryId\":\"24\",\"activityId\":\"22\",\"title\":\"2019\\u5e74\\u6625\\u5b63\\u5927\\u5b66\\u82f1\\u8bed\\u671f\\u672b\\u8003\\u8bd5\",\"isFree\":\"0\",\"isOptional\":\"0\",\"startTime\":\"0\",\"endTime\":\"0\",\"mode\":\"lesson\",\"status\":\"create\",\"number\":\"\",\"type\":\"testpaper\",\"mediaSource\":\"\",\"maxOnlineNum\":\"0\",\"fromCourseSetId\":\"9\",\"length\":\"6\",\"copyId\":\"0\",\"createdUserId\":\"2\",\"createdTime\":\"1559394440\",\"updatedTime\":\"1559394440\"}', '127.0.0.1', 'Chrome(72.0.3626.119)', 'Linux', 'computer', 'Mozilla/5.0 (X11; Linux x86_64) AppleWebKit/537.36 (KHTML, like Gecko) Chrome/72.0.3626.119 Safari/537.36', 1559394440, 'info'),
(278, 2, 'course', 'create_lesson', '创建考试', '[{\"id\":\"24\",\"courseId\":\"9\",\"type\":\"lesson\",\"number\":\"1\",\"seq\":\"1\",\"title\":\"2019\\u5e74\\u6625\\u5b63\\u5927\\u5b66\\u82f1\\u8bed\\u671f\\u672b\\u8003\\u8bd5\",\"createdTime\":\"1559394440\",\"updatedTime\":\"1559394440\",\"copyId\":\"0\",\"status\":\"created\",\"isOptional\":\"0\"},{\"id\":\"22\",\"courseId\":\"9\",\"seq\":\"1\",\"categoryId\":\"24\",\"activityId\":\"22\",\"title\":\"2019\\u5e74\\u6625\\u5b63\\u5927\\u5b66\\u82f1\\u8bed\\u671f\\u672b\\u8003\\u8bd5\",\"isFree\":\"0\",\"isOptional\":\"0\",\"startTime\":\"0\",\"endTime\":\"0\",\"mode\":\"lesson\",\"status\":\"create\",\"number\":\"\",\"type\":\"testpaper\",\"mediaSource\":\"\",\"maxOnlineNum\":\"0\",\"fromCourseSetId\":\"9\",\"length\":\"6\",\"copyId\":\"0\",\"createdUserId\":\"2\",\"createdTime\":\"1559394440\",\"updatedTime\":\"1559394440\"}]', '127.0.0.1', 'Chrome(72.0.3626.119)', 'Linux', 'computer', 'Mozilla/5.0 (X11; Linux x86_64) AppleWebKit/537.36 (KHTML, like Gecko) Chrome/72.0.3626.119 Safari/537.36', 1559394440, 'info'),
(279, 2, 'course', 'delete_lesson', '删除考试', '{\"id\":\"22\",\"courseId\":\"9\",\"type\":\"lesson\",\"number\":\"2\",\"seq\":\"3\",\"title\":\"2019\\u5e74\\u6625\\u5b63\\u5927\\u5b66\\u82f1\\u8bed\\u671f\\u672b\\u8003\\u8bd5\",\"createdTime\":\"1559391749\",\"updatedTime\":\"1559393421\",\"copyId\":\"0\",\"status\":\"created\",\"isOptional\":\"0\"}', '127.0.0.1', 'Chrome(72.0.3626.119)', 'Linux', 'computer', 'Mozilla/5.0 (X11; Linux x86_64) AppleWebKit/537.36 (KHTML, like Gecko) Chrome/72.0.3626.119 Safari/537.36', 1559394532, 'info'),
(280, 2, 'course', 'update_task', '更新学习任务', '{\"length\":{\"old\":\"10\",\"new\":\"11\"},\"id\":\"21\",\"showTitle\":\"2019\\u5e74\\u6625\\u5b63\\u5927\\u5b66\\u82f1\\u8bed\\u671f\\u672b\\u8003\\u8bd5\"}', '127.0.0.1', 'Chrome(72.0.3626.119)', 'Linux', 'computer', 'Mozilla/5.0 (X11; Linux x86_64) AppleWebKit/537.36 (KHTML, like Gecko) Chrome/72.0.3626.119 Safari/537.36', 1559398293, 'info'),
(281, 2, 'course', 'update_task', '更新学习任务', '{\"length\":{\"old\":\"6\",\"new\":\"7\"},\"id\":\"22\",\"showTitle\":\"2019\\u5e74\\u6625\\u5b63\\u5927\\u5b66\\u82f1\\u8bed\\u671f\\u672b\\u8003\\u8bd5\"}', '127.0.0.1', 'Chrome(72.0.3626.119)', 'Linux', 'computer', 'Mozilla/5.0 (X11; Linux x86_64) AppleWebKit/537.36 (KHTML, like Gecko) Chrome/72.0.3626.119 Safari/537.36', 1559398321, 'info'),
(282, 1, 'course', 'refresh_learning_progress', '开始执行刷新学习进度的定时任务', '[\"9\"]', '127.0.0.1', '未知浏览器', '未知操作系统', 'computer', '', 1559444341, 'info'),
(283, 1, 'course', 'refresh_learning_progress', '刷新计划#9学习进度成功', '', '127.0.0.1', '未知浏览器', '未知操作系统', 'computer', '', 1559444341, 'info'),
(284, 1, 'course', 'refresh_learning_progress', '刷新学习进度的定时任务执行成功', '[\"9\"]', '127.0.0.1', '未知浏览器', '未知操作系统', 'computer', '', 1559444341, 'info'),
(285, 2, 'user', 'login_success', '登录成功', '', '127.0.0.1', 'Chrome(72.0.3626.119)', 'Linux', 'computer', 'Mozilla/5.0 (X11; Linux x86_64) AppleWebKit/537.36 (KHTML, like Gecko) Chrome/72.0.3626.119 Safari/537.36', 1559444519, 'info'),
(286, 2, 'course', 'publish_course', '发布教学计划', '{\"status\":{\"old\":\"draft\",\"new\":\"published\"},\"publishLessonNum\":{\"old\":\"1\",\"new\":\"3\"},\"id\":\"9\",\"showTitle\":\"\\u7cfb\\u7edf\\u5b9e\\u73b0\\u8bfe\\u7a0b1\"}', '127.0.0.1', 'Chrome(72.0.3626.119)', 'Linux', 'computer', 'Mozilla/5.0 (X11; Linux x86_64) AppleWebKit/537.36 (KHTML, like Gecko) Chrome/72.0.3626.119 Safari/537.36', 1559446725, 'info'),
(287, 2, 'course', 'publish', '发布课程', '{\"status\":{\"old\":\"draft\",\"new\":\"published\"},\"id\":\"9\",\"showTitle\":\"\\u7cfb\\u7edf\\u5b9e\\u73b0\\u8bfe\\u7a0b1\"}', '127.0.0.1', 'Chrome(72.0.3626.119)', 'Linux', 'computer', 'Mozilla/5.0 (X11; Linux x86_64) AppleWebKit/537.36 (KHTML, like Gecko) Chrome/72.0.3626.119 Safari/537.36', 1559446725, 'info'),
(288, 2, 'course', 'add_student', '《系统实现课程1》-(#9)，添加学员11111(#3)，备注：测试管理员添加', '{\"courseSetId\":\"9\",\"courseId\":\"9\",\"title\":\"\\u7cfb\\u7edf\\u5b9e\\u73b0\\u8bfe\\u7a0b1\",\"userId\":\"3\",\"nickname\":\"11111\",\"remark\":\"\\u6d4b\\u8bd5\\u7ba1\\u7406\\u5458\\u6dfb\\u52a0\"}', '127.0.0.1', 'Chrome(72.0.3626.119)', 'Linux', 'computer', 'Mozilla/5.0 (X11; Linux x86_64) AppleWebKit/537.36 (KHTML, like Gecko) Chrome/72.0.3626.119 Safari/537.36', 1559446745, 'info'),
(289, 3, 'user', 'login_success', '登录成功', '', '127.0.0.1', 'Chrome(72.0.3626.119)', 'Linux', 'computer', 'Mozilla/5.0 (X11; Linux x86_64) AppleWebKit/537.36 (KHTML, like Gecko) Chrome/72.0.3626.119 Safari/537.36', 1559446785, 'info'),
(290, 3, 'user', 'login_success', '登录成功', '', '127.0.0.1', 'Chrome(72.0.3626.119)', 'Linux', 'computer', 'Mozilla/5.0 (X11; Linux x86_64) AppleWebKit/537.36 (KHTML, like Gecko) Chrome/72.0.3626.119 Safari/537.36', 1559460588, 'info'),
(291, 2, 'user', 'login_success', '登录成功', '', '127.0.0.1', 'Chrome(72.0.3626.119)', 'Linux', 'computer', 'Mozilla/5.0 (X11; Linux x86_64) AppleWebKit/537.36 (KHTML, like Gecko) Chrome/72.0.3626.119 Safari/537.36', 1559461808, 'info'),
(292, 2, 'course', 'add_question', '新增题目', '{\"id\":\"26\",\"type\":\"essay\",\"stem\":\"<p>\\u836f\\u6c34\\u54e5\\u540d\\u573a\\u9762\\u897f\\u9f20\\u9738\\u738b\\u662f\\u5bf9\\u54ea\\u4e00\\u5386\\u53f2\\u4eba\\u7269\\u7684\\u81f4\\u656c\\uff1f<\\/p>\\r\\n\",\"score\":\"5.0\",\"answer\":[\"<p>\\u9879\\u7fbd<\\/p>\\n\"],\"analysis\":\"\",\"metas\":[],\"categoryId\":\"0\",\"difficulty\":\"normal\",\"target\":\"course-9\",\"courseId\":\"9\",\"lessonId\":\"0\",\"parentId\":\"0\",\"subCount\":\"0\",\"finishedTimes\":\"0\",\"passedTimes\":\"0\",\"createdUserId\":\"2\",\"updatedUserId\":\"2\",\"updatedTime\":\"1559462260\",\"createdTime\":\"1559462260\",\"copyId\":\"0\",\"courseSetId\":\"9\"}', '127.0.0.1', 'Chrome(72.0.3626.119)', 'Linux', 'computer', 'Mozilla/5.0 (X11; Linux x86_64) AppleWebKit/537.36 (KHTML, like Gecko) Chrome/72.0.3626.119 Safari/537.36', 1559462260, 'info'),
(293, 2, 'course', 'add_testpaper', '新增试卷', '{\"id\":\"9\",\"name\":\"2019\\u5e74\\u836f\\u5b66\\u8bd5\\u5377\",\"description\":\"<p>\\u91d1\\u989d\\u548c\\u65f6\\u95f4\\u4e86\\u975e\\u6cd5\\u5efa\\u8bbe\\u8def\\u53e3\\u3002<\\/p>\\r\\n\",\"courseId\":\"0\",\"lessonId\":\"0\",\"limitedTime\":\"0\",\"pattern\":\"questionType\",\"target\":\"\",\"status\":\"draft\",\"score\":\"0.0\",\"passedCondition\":[0],\"itemCount\":\"0\",\"createdUserId\":\"2\",\"createdTime\":\"1559462318\",\"updatedUserId\":\"2\",\"updatedTime\":\"1559462318\",\"metas\":{\"mode\":\"rand\",\"ranges\":{\"courseId\":\"9\"},\"counts\":{\"single_choice\":\"1\",\"essay\":\"0\"},\"scores\":{\"single_choice\":\"2\",\"choice\":\"2\",\"essay\":\"2\",\"determine\":\"2\",\"fill\":\"2\"},\"missScores\":{\"choice\":\"0\"},\"percentages\":{\"simple\":\"\",\"normal\":\"\",\"difficulty\":\"\"}},\"copyId\":\"0\",\"type\":\"testpaper\",\"courseSetId\":\"9\",\"migrateTestId\":\"0\"}', '127.0.0.1', 'Chrome(72.0.3626.119)', 'Linux', 'computer', 'Mozilla/5.0 (X11; Linux x86_64) AppleWebKit/537.36 (KHTML, like Gecko) Chrome/72.0.3626.119 Safari/537.36', 1559462318, 'info'),
(294, 2, 'course', 'add_testpaper', '新增试卷', '{\"id\":\"10\",\"name\":\"2019\\u5e74\\u836f\\u5b66\\u8bd5\\u5377\",\"description\":\"<p>\\u548c\\u9644\\u4ef6\\u4e09\\u8272\\u54e6\\u6211\\u5c31\\u6b7b\\u4e86\\u590d\\u6d3b\\u3002<\\/p>\\r\\n\",\"courseId\":\"0\",\"lessonId\":\"0\",\"limitedTime\":\"0\",\"pattern\":\"questionType\",\"target\":\"\",\"status\":\"draft\",\"score\":\"0.0\",\"passedCondition\":[0],\"itemCount\":\"0\",\"createdUserId\":\"2\",\"createdTime\":\"1559462455\",\"updatedUserId\":\"2\",\"updatedTime\":\"1559462455\",\"metas\":{\"mode\":\"rand\",\"ranges\":{\"courseId\":\"9\"},\"counts\":{\"single_choice\":\"0\",\"essay\":\"1\"},\"scores\":{\"single_choice\":\"2\",\"choice\":\"2\",\"essay\":\"2\",\"determine\":\"2\",\"fill\":\"2\"},\"missScores\":{\"choice\":\"0\"},\"percentages\":{\"simple\":\"\",\"normal\":\"\",\"difficulty\":\"\"}},\"copyId\":\"0\",\"type\":\"testpaper\",\"courseSetId\":\"9\",\"migrateTestId\":\"0\"}', '127.0.0.1', 'Chrome(72.0.3626.119)', 'Linux', 'computer', 'Mozilla/5.0 (X11; Linux x86_64) AppleWebKit/537.36 (KHTML, like Gecko) Chrome/72.0.3626.119 Safari/537.36', 1559462455, 'info'),
(295, 2, 'course', 'delete_testpaper', '删除试卷', '{\"id\":\"9\",\"name\":\"2019\\u5e74\\u836f\\u5b66\\u8bd5\\u5377\",\"description\":\"<p>\\u91d1\\u989d\\u548c\\u65f6\\u95f4\\u4e86\\u975e\\u6cd5\\u5efa\\u8bbe\\u8def\\u53e3\\u3002<\\/p>\\r\\n\",\"courseId\":\"0\",\"lessonId\":\"0\",\"limitedTime\":\"0\",\"pattern\":\"questionType\",\"target\":\"\",\"status\":\"draft\",\"score\":\"2.0\",\"passedCondition\":[0],\"itemCount\":\"1\",\"createdUserId\":\"2\",\"createdTime\":\"1559462318\",\"updatedUserId\":\"2\",\"updatedTime\":\"1559462318\",\"metas\":{\"mode\":\"rand\",\"ranges\":{\"courseId\":\"9\"},\"counts\":{\"single_choice\":\"1\",\"essay\":\"0\"},\"scores\":{\"single_choice\":\"2\",\"choice\":\"2\",\"essay\":\"2\",\"determine\":\"2\",\"fill\":\"2\"},\"missScores\":{\"choice\":\"0\"},\"percentages\":{\"simple\":\"\",\"normal\":\"\",\"difficulty\":\"\"}},\"copyId\":\"0\",\"type\":\"testpaper\",\"courseSetId\":\"9\",\"migrateTestId\":\"0\"}', '127.0.0.1', 'Chrome(72.0.3626.119)', 'Linux', 'computer', 'Mozilla/5.0 (X11; Linux x86_64) AppleWebKit/537.36 (KHTML, like Gecko) Chrome/72.0.3626.119 Safari/537.36', 1559462486, 'info'),
(296, 2, 'course', 'add_task', '添加学习任务', '{\"id\":\"23\",\"courseId\":\"9\",\"seq\":\"1\",\"categoryId\":\"25\",\"activityId\":\"23\",\"title\":\"2019\\u5e74\\u836f\\u5b66\\u8003\\u8bd5\",\"isFree\":\"0\",\"isOptional\":\"0\",\"startTime\":\"0\",\"endTime\":\"0\",\"mode\":\"lesson\",\"status\":\"create\",\"number\":\"\",\"type\":\"testpaper\",\"mediaSource\":\"\",\"maxOnlineNum\":\"0\",\"fromCourseSetId\":\"9\",\"length\":\"0\",\"copyId\":\"0\",\"createdUserId\":\"2\",\"createdTime\":\"1559462538\",\"updatedTime\":\"1559462538\"}', '127.0.0.1', 'Chrome(72.0.3626.119)', 'Linux', 'computer', 'Mozilla/5.0 (X11; Linux x86_64) AppleWebKit/537.36 (KHTML, like Gecko) Chrome/72.0.3626.119 Safari/537.36', 1559462538, 'info'),
(297, 2, 'course', 'create_lesson', '创建考试', '[{\"id\":\"25\",\"courseId\":\"9\",\"type\":\"lesson\",\"number\":\"1\",\"seq\":\"1\",\"title\":\"2019\\u5e74\\u836f\\u5b66\\u8003\\u8bd5\",\"createdTime\":\"1559462538\",\"updatedTime\":\"1559462538\",\"copyId\":\"0\",\"status\":\"created\",\"isOptional\":\"0\"},{\"id\":\"23\",\"courseId\":\"9\",\"seq\":\"1\",\"categoryId\":\"25\",\"activityId\":\"23\",\"title\":\"2019\\u5e74\\u836f\\u5b66\\u8003\\u8bd5\",\"isFree\":\"0\",\"isOptional\":\"0\",\"startTime\":\"0\",\"endTime\":\"0\",\"mode\":\"lesson\",\"status\":\"create\",\"number\":\"\",\"type\":\"testpaper\",\"mediaSource\":\"\",\"maxOnlineNum\":\"0\",\"fromCourseSetId\":\"9\",\"length\":\"0\",\"copyId\":\"0\",\"createdUserId\":\"2\",\"createdTime\":\"1559462538\",\"updatedTime\":\"1559462538\"}]', '127.0.0.1', 'Chrome(72.0.3626.119)', 'Linux', 'computer', 'Mozilla/5.0 (X11; Linux x86_64) AppleWebKit/537.36 (KHTML, like Gecko) Chrome/72.0.3626.119 Safari/537.36', 1559462538, 'info'),
(298, 2, 'course', 'add_task', '添加学习任务', '{\"id\":\"24\",\"courseId\":\"9\",\"seq\":\"1\",\"categoryId\":\"26\",\"activityId\":\"24\",\"title\":\"\\u7ef4\\u62a4\\u7ecf\\u8d39\\u548c\\u53d1\\u751f\\u4e86\",\"isFree\":\"0\",\"isOptional\":\"0\",\"startTime\":\"0\",\"endTime\":\"0\",\"mode\":\"lesson\",\"status\":\"create\",\"number\":\"\",\"type\":\"testpaper\",\"mediaSource\":\"\",\"maxOnlineNum\":\"0\",\"fromCourseSetId\":\"9\",\"length\":\"0\",\"copyId\":\"0\",\"createdUserId\":\"2\",\"createdTime\":\"1559467847\",\"updatedTime\":\"1559467847\"}', '127.0.0.1', 'Chrome(72.0.3626.119)', 'Linux', 'computer', 'Mozilla/5.0 (X11; Linux x86_64) AppleWebKit/537.36 (KHTML, like Gecko) Chrome/72.0.3626.119 Safari/537.36', 1559467847, 'info'),
(299, 2, 'course', 'create_lesson', '创建考试', '[{\"id\":\"26\",\"courseId\":\"9\",\"type\":\"lesson\",\"number\":\"1\",\"seq\":\"1\",\"title\":\"\\u7ef4\\u62a4\\u7ecf\\u8d39\\u548c\\u53d1\\u751f\\u4e86\",\"createdTime\":\"1559467847\",\"updatedTime\":\"1559467847\",\"copyId\":\"0\",\"status\":\"created\",\"isOptional\":\"0\"},{\"id\":\"24\",\"courseId\":\"9\",\"seq\":\"1\",\"categoryId\":\"26\",\"activityId\":\"24\",\"title\":\"\\u7ef4\\u62a4\\u7ecf\\u8d39\\u548c\\u53d1\\u751f\\u4e86\",\"isFree\":\"0\",\"isOptional\":\"0\",\"startTime\":\"0\",\"endTime\":\"0\",\"mode\":\"lesson\",\"status\":\"create\",\"number\":\"\",\"type\":\"testpaper\",\"mediaSource\":\"\",\"maxOnlineNum\":\"0\",\"fromCourseSetId\":\"9\",\"length\":\"0\",\"copyId\":\"0\",\"createdUserId\":\"2\",\"createdTime\":\"1559467847\",\"updatedTime\":\"1559467847\"}]', '127.0.0.1', 'Chrome(72.0.3626.119)', 'Linux', 'computer', 'Mozilla/5.0 (X11; Linux x86_64) AppleWebKit/537.36 (KHTML, like Gecko) Chrome/72.0.3626.119 Safari/537.36', 1559467847, 'info'),
(300, 2, 'course', 'add_task', '添加学习任务', '{\"id\":\"25\",\"courseId\":\"9\",\"seq\":\"1\",\"categoryId\":\"27\",\"activityId\":\"25\",\"title\":\"\\u7ef4\\u62a4\\u7ecf\\u8d39\\u548c\\u53d1\\u751f\\u4e86\",\"isFree\":\"0\",\"isOptional\":\"0\",\"startTime\":\"0\",\"endTime\":\"0\",\"mode\":\"lesson\",\"status\":\"create\",\"number\":\"\",\"type\":\"testpaper\",\"mediaSource\":\"\",\"maxOnlineNum\":\"0\",\"fromCourseSetId\":\"9\",\"length\":\"0\",\"copyId\":\"0\",\"createdUserId\":\"2\",\"createdTime\":\"1559467867\",\"updatedTime\":\"1559467867\"}', '127.0.0.1', 'Chrome(72.0.3626.119)', 'Linux', 'computer', 'Mozilla/5.0 (X11; Linux x86_64) AppleWebKit/537.36 (KHTML, like Gecko) Chrome/72.0.3626.119 Safari/537.36', 1559467867, 'info'),
(301, 2, 'course', 'create_lesson', '创建考试', '[{\"id\":\"27\",\"courseId\":\"9\",\"type\":\"lesson\",\"number\":\"1\",\"seq\":\"1\",\"title\":\"\\u7ef4\\u62a4\\u7ecf\\u8d39\\u548c\\u53d1\\u751f\\u4e86\",\"createdTime\":\"1559467867\",\"updatedTime\":\"1559467867\",\"copyId\":\"0\",\"status\":\"created\",\"isOptional\":\"0\"},{\"id\":\"25\",\"courseId\":\"9\",\"seq\":\"1\",\"categoryId\":\"27\",\"activityId\":\"25\",\"title\":\"\\u7ef4\\u62a4\\u7ecf\\u8d39\\u548c\\u53d1\\u751f\\u4e86\",\"isFree\":\"0\",\"isOptional\":\"0\",\"startTime\":\"0\",\"endTime\":\"0\",\"mode\":\"lesson\",\"status\":\"create\",\"number\":\"\",\"type\":\"testpaper\",\"mediaSource\":\"\",\"maxOnlineNum\":\"0\",\"fromCourseSetId\":\"9\",\"length\":\"0\",\"copyId\":\"0\",\"createdUserId\":\"2\",\"createdTime\":\"1559467867\",\"updatedTime\":\"1559467867\"}]', '127.0.0.1', 'Chrome(72.0.3626.119)', 'Linux', 'computer', 'Mozilla/5.0 (X11; Linux x86_64) AppleWebKit/537.36 (KHTML, like Gecko) Chrome/72.0.3626.119 Safari/537.36', 1559467867, 'info'),
(302, 2, 'course', 'add_task', '添加学习任务', '{\"id\":\"26\",\"courseId\":\"9\",\"seq\":\"1\",\"categoryId\":\"28\",\"activityId\":\"26\",\"title\":\"\\u7ef4\\u62a4\\u7ecf\\u8d39\\u548c\\u53d1\\u751f\\u4e86\",\"isFree\":\"0\",\"isOptional\":\"0\",\"startTime\":\"0\",\"endTime\":\"0\",\"mode\":\"lesson\",\"status\":\"create\",\"number\":\"\",\"type\":\"testpaper\",\"mediaSource\":\"\",\"maxOnlineNum\":\"0\",\"fromCourseSetId\":\"9\",\"length\":\"0\",\"copyId\":\"0\",\"createdUserId\":\"2\",\"createdTime\":\"1559467898\",\"updatedTime\":\"1559467898\"}', '127.0.0.1', 'Chrome(72.0.3626.119)', 'Linux', 'computer', 'Mozilla/5.0 (X11; Linux x86_64) AppleWebKit/537.36 (KHTML, like Gecko) Chrome/72.0.3626.119 Safari/537.36', 1559467898, 'info'),
(303, 2, 'course', 'create_lesson', '创建考试', '[{\"id\":\"28\",\"courseId\":\"9\",\"type\":\"lesson\",\"number\":\"1\",\"seq\":\"1\",\"title\":\"\\u7ef4\\u62a4\\u7ecf\\u8d39\\u548c\\u53d1\\u751f\\u4e86\",\"createdTime\":\"1559467898\",\"updatedTime\":\"1559467898\",\"copyId\":\"0\",\"status\":\"created\",\"isOptional\":\"0\"},{\"id\":\"26\",\"courseId\":\"9\",\"seq\":\"1\",\"categoryId\":\"28\",\"activityId\":\"26\",\"title\":\"\\u7ef4\\u62a4\\u7ecf\\u8d39\\u548c\\u53d1\\u751f\\u4e86\",\"isFree\":\"0\",\"isOptional\":\"0\",\"startTime\":\"0\",\"endTime\":\"0\",\"mode\":\"lesson\",\"status\":\"create\",\"number\":\"\",\"type\":\"testpaper\",\"mediaSource\":\"\",\"maxOnlineNum\":\"0\",\"fromCourseSetId\":\"9\",\"length\":\"0\",\"copyId\":\"0\",\"createdUserId\":\"2\",\"createdTime\":\"1559467898\",\"updatedTime\":\"1559467898\"}]', '127.0.0.1', 'Chrome(72.0.3626.119)', 'Linux', 'computer', 'Mozilla/5.0 (X11; Linux x86_64) AppleWebKit/537.36 (KHTML, like Gecko) Chrome/72.0.3626.119 Safari/537.36', 1559467898, 'info'),
(304, 2, 'course', 'add_task', '添加学习任务', '{\"id\":\"27\",\"courseId\":\"9\",\"seq\":\"1\",\"categoryId\":\"29\",\"activityId\":\"27\",\"title\":\"\\u7ef4\\u62a4\\u7ecf\\u8d39\\u548c\\u53d1\\u751f\\u4e86\",\"isFree\":\"0\",\"isOptional\":\"0\",\"startTime\":\"0\",\"endTime\":\"0\",\"mode\":\"lesson\",\"status\":\"create\",\"number\":\"\",\"type\":\"testpaper\",\"mediaSource\":\"\",\"maxOnlineNum\":\"0\",\"fromCourseSetId\":\"9\",\"length\":\"0\",\"copyId\":\"0\",\"createdUserId\":\"2\",\"createdTime\":\"1559467904\",\"updatedTime\":\"1559467904\"}', '127.0.0.1', 'Chrome(72.0.3626.119)', 'Linux', 'computer', 'Mozilla/5.0 (X11; Linux x86_64) AppleWebKit/537.36 (KHTML, like Gecko) Chrome/72.0.3626.119 Safari/537.36', 1559467904, 'info'),
(305, 2, 'course', 'create_lesson', '创建考试', '[{\"id\":\"29\",\"courseId\":\"9\",\"type\":\"lesson\",\"number\":\"1\",\"seq\":\"1\",\"title\":\"\\u7ef4\\u62a4\\u7ecf\\u8d39\\u548c\\u53d1\\u751f\\u4e86\",\"createdTime\":\"1559467904\",\"updatedTime\":\"1559467904\",\"copyId\":\"0\",\"status\":\"created\",\"isOptional\":\"0\"},{\"id\":\"27\",\"courseId\":\"9\",\"seq\":\"1\",\"categoryId\":\"29\",\"activityId\":\"27\",\"title\":\"\\u7ef4\\u62a4\\u7ecf\\u8d39\\u548c\\u53d1\\u751f\\u4e86\",\"isFree\":\"0\",\"isOptional\":\"0\",\"startTime\":\"0\",\"endTime\":\"0\",\"mode\":\"lesson\",\"status\":\"create\",\"number\":\"\",\"type\":\"testpaper\",\"mediaSource\":\"\",\"maxOnlineNum\":\"0\",\"fromCourseSetId\":\"9\",\"length\":\"0\",\"copyId\":\"0\",\"createdUserId\":\"2\",\"createdTime\":\"1559467904\",\"updatedTime\":\"1559467904\"}]', '127.0.0.1', 'Chrome(72.0.3626.119)', 'Linux', 'computer', 'Mozilla/5.0 (X11; Linux x86_64) AppleWebKit/537.36 (KHTML, like Gecko) Chrome/72.0.3626.119 Safari/537.36', 1559467904, 'info'),
(306, 2, 'course', 'delete_lesson', '删除考试', '{\"id\":\"29\",\"courseId\":\"9\",\"type\":\"lesson\",\"number\":\"1\",\"seq\":\"1\",\"title\":\"\\u7ef4\\u62a4\\u7ecf\\u8d39\\u548c\\u53d1\\u751f\\u4e86\",\"createdTime\":\"1559467904\",\"updatedTime\":\"1559467904\",\"copyId\":\"0\",\"status\":\"created\",\"isOptional\":\"0\"}', '127.0.0.1', 'Chrome(72.0.3626.119)', 'Linux', 'computer', 'Mozilla/5.0 (X11; Linux x86_64) AppleWebKit/537.36 (KHTML, like Gecko) Chrome/72.0.3626.119 Safari/537.36', 1559468348, 'info'),
(307, 2, 'course', 'delete_lesson', '删除考试', '{\"id\":\"28\",\"courseId\":\"9\",\"type\":\"lesson\",\"number\":\"1\",\"seq\":\"1\",\"title\":\"\\u7ef4\\u62a4\\u7ecf\\u8d39\\u548c\\u53d1\\u751f\\u4e86\",\"createdTime\":\"1559467898\",\"updatedTime\":\"1559467898\",\"copyId\":\"0\",\"status\":\"created\",\"isOptional\":\"0\"}', '127.0.0.1', 'Chrome(72.0.3626.119)', 'Linux', 'computer', 'Mozilla/5.0 (X11; Linux x86_64) AppleWebKit/537.36 (KHTML, like Gecko) Chrome/72.0.3626.119 Safari/537.36', 1559468403, 'info'),
(308, 2, 'course', 'delete_lesson', '删除考试', '{\"id\":\"26\",\"courseId\":\"9\",\"type\":\"lesson\",\"number\":\"1\",\"seq\":\"1\",\"title\":\"\\u7ef4\\u62a4\\u7ecf\\u8d39\\u548c\\u53d1\\u751f\\u4e86\",\"createdTime\":\"1559467847\",\"updatedTime\":\"1559467847\",\"copyId\":\"0\",\"status\":\"created\",\"isOptional\":\"0\"}', '127.0.0.1', 'Chrome(72.0.3626.119)', 'Linux', 'computer', 'Mozilla/5.0 (X11; Linux x86_64) AppleWebKit/537.36 (KHTML, like Gecko) Chrome/72.0.3626.119 Safari/537.36', 1559468420, 'info'),
(309, 2, 'course', 'delete_lesson', '删除考试', '{\"id\":\"27\",\"courseId\":\"9\",\"type\":\"lesson\",\"number\":\"1\",\"seq\":\"1\",\"title\":\"\\u7ef4\\u62a4\\u7ecf\\u8d39\\u548c\\u53d1\\u751f\\u4e86\",\"createdTime\":\"1559467867\",\"updatedTime\":\"1559467867\",\"copyId\":\"0\",\"status\":\"created\",\"isOptional\":\"0\"}', '127.0.0.1', 'Chrome(72.0.3626.119)', 'Linux', 'computer', 'Mozilla/5.0 (X11; Linux x86_64) AppleWebKit/537.36 (KHTML, like Gecko) Chrome/72.0.3626.119 Safari/537.36', 1559468430, 'info'),
(310, 2, 'course', 'add_task', '添加学习任务', '{\"id\":\"28\",\"courseId\":\"9\",\"seq\":\"1\",\"categoryId\":\"30\",\"activityId\":\"28\",\"title\":\"\\u7ef4\\u62a4\\u7ecf\\u8d39\\u548c\\u53d1\\u751f\\u4e86\",\"isFree\":\"0\",\"isOptional\":\"0\",\"startTime\":\"0\",\"endTime\":\"0\",\"mode\":\"lesson\",\"status\":\"create\",\"number\":\"\",\"type\":\"testpaper\",\"mediaSource\":\"\",\"maxOnlineNum\":\"0\",\"fromCourseSetId\":\"9\",\"length\":\"0\",\"copyId\":\"0\",\"createdUserId\":\"2\",\"createdTime\":\"1559470710\",\"updatedTime\":\"1559470710\"}', '127.0.0.1', 'Chrome(72.0.3626.119)', 'Linux', 'computer', 'Mozilla/5.0 (X11; Linux x86_64) AppleWebKit/537.36 (KHTML, like Gecko) Chrome/72.0.3626.119 Safari/537.36', 1559470710, 'info'),
(311, 2, 'course', 'create_lesson', '创建考试', '[{\"id\":\"30\",\"courseId\":\"9\",\"type\":\"lesson\",\"number\":\"1\",\"seq\":\"1\",\"title\":\"\\u7ef4\\u62a4\\u7ecf\\u8d39\\u548c\\u53d1\\u751f\\u4e86\",\"createdTime\":\"1559470710\",\"updatedTime\":\"1559470710\",\"copyId\":\"0\",\"status\":\"created\",\"isOptional\":\"0\"},{\"id\":\"28\",\"courseId\":\"9\",\"seq\":\"1\",\"categoryId\":\"30\",\"activityId\":\"28\",\"title\":\"\\u7ef4\\u62a4\\u7ecf\\u8d39\\u548c\\u53d1\\u751f\\u4e86\",\"isFree\":\"0\",\"isOptional\":\"0\",\"startTime\":\"0\",\"endTime\":\"0\",\"mode\":\"lesson\",\"status\":\"create\",\"number\":\"\",\"type\":\"testpaper\",\"mediaSource\":\"\",\"maxOnlineNum\":\"0\",\"fromCourseSetId\":\"9\",\"length\":\"0\",\"copyId\":\"0\",\"createdUserId\":\"2\",\"createdTime\":\"1559470710\",\"updatedTime\":\"1559470710\"}]', '127.0.0.1', 'Chrome(72.0.3626.119)', 'Linux', 'computer', 'Mozilla/5.0 (X11; Linux x86_64) AppleWebKit/537.36 (KHTML, like Gecko) Chrome/72.0.3626.119 Safari/537.36', 1559470710, 'info'),
(312, 2, 'course', 'add_task', '添加学习任务', '{\"id\":\"29\",\"courseId\":\"9\",\"seq\":\"1\",\"categoryId\":\"31\",\"activityId\":\"29\",\"title\":\"\\u7ef4\\u62a4\\u7ecf\\u8d39\\u548c\\u53d1\\u751f\\u4e86\",\"isFree\":\"0\",\"isOptional\":\"0\",\"startTime\":\"0\",\"endTime\":\"0\",\"mode\":\"lesson\",\"status\":\"create\",\"number\":\"\",\"type\":\"testpaper\",\"mediaSource\":\"\",\"maxOnlineNum\":\"0\",\"fromCourseSetId\":\"9\",\"length\":\"0\",\"copyId\":\"0\",\"createdUserId\":\"2\",\"createdTime\":\"1559470783\",\"updatedTime\":\"1559470783\"}', '127.0.0.1', 'Chrome(72.0.3626.119)', 'Linux', 'computer', 'Mozilla/5.0 (X11; Linux x86_64) AppleWebKit/537.36 (KHTML, like Gecko) Chrome/72.0.3626.119 Safari/537.36', 1559470783, 'info'),
(313, 2, 'course', 'create_lesson', '创建考试', '[{\"id\":\"31\",\"courseId\":\"9\",\"type\":\"lesson\",\"number\":\"1\",\"seq\":\"1\",\"title\":\"\\u7ef4\\u62a4\\u7ecf\\u8d39\\u548c\\u53d1\\u751f\\u4e86\",\"createdTime\":\"1559470783\",\"updatedTime\":\"1559470783\",\"copyId\":\"0\",\"status\":\"created\",\"isOptional\":\"0\"},{\"id\":\"29\",\"courseId\":\"9\",\"seq\":\"1\",\"categoryId\":\"31\",\"activityId\":\"29\",\"title\":\"\\u7ef4\\u62a4\\u7ecf\\u8d39\\u548c\\u53d1\\u751f\\u4e86\",\"isFree\":\"0\",\"isOptional\":\"0\",\"startTime\":\"0\",\"endTime\":\"0\",\"mode\":\"lesson\",\"status\":\"create\",\"number\":\"\",\"type\":\"testpaper\",\"mediaSource\":\"\",\"maxOnlineNum\":\"0\",\"fromCourseSetId\":\"9\",\"length\":\"0\",\"copyId\":\"0\",\"createdUserId\":\"2\",\"createdTime\":\"1559470783\",\"updatedTime\":\"1559470783\"}]', '127.0.0.1', 'Chrome(72.0.3626.119)', 'Linux', 'computer', 'Mozilla/5.0 (X11; Linux x86_64) AppleWebKit/537.36 (KHTML, like Gecko) Chrome/72.0.3626.119 Safari/537.36', 1559470783, 'info'),
(314, 2, 'course', 'add_task', '添加学习任务', '{\"id\":\"30\",\"courseId\":\"9\",\"seq\":\"1\",\"categoryId\":\"32\",\"activityId\":\"30\",\"title\":\"\\u7ef4\\u62a4\\u7ecf\\u8d39\\u548c\\u53d1\\u751f\\u4e86\",\"isFree\":\"0\",\"isOptional\":\"0\",\"startTime\":\"0\",\"endTime\":\"0\",\"mode\":\"lesson\",\"status\":\"create\",\"number\":\"\",\"type\":\"testpaper\",\"mediaSource\":\"\",\"maxOnlineNum\":\"0\",\"fromCourseSetId\":\"9\",\"length\":\"0\",\"copyId\":\"0\",\"createdUserId\":\"2\",\"createdTime\":\"1559470811\",\"updatedTime\":\"1559470811\"}', '127.0.0.1', 'Chrome(72.0.3626.119)', 'Linux', 'computer', 'Mozilla/5.0 (X11; Linux x86_64) AppleWebKit/537.36 (KHTML, like Gecko) Chrome/72.0.3626.119 Safari/537.36', 1559470811, 'info'),
(315, 2, 'course', 'create_lesson', '创建考试', '[{\"id\":\"32\",\"courseId\":\"9\",\"type\":\"lesson\",\"number\":\"1\",\"seq\":\"1\",\"title\":\"\\u7ef4\\u62a4\\u7ecf\\u8d39\\u548c\\u53d1\\u751f\\u4e86\",\"createdTime\":\"1559470811\",\"updatedTime\":\"1559470811\",\"copyId\":\"0\",\"status\":\"created\",\"isOptional\":\"0\"},{\"id\":\"30\",\"courseId\":\"9\",\"seq\":\"1\",\"categoryId\":\"32\",\"activityId\":\"30\",\"title\":\"\\u7ef4\\u62a4\\u7ecf\\u8d39\\u548c\\u53d1\\u751f\\u4e86\",\"isFree\":\"0\",\"isOptional\":\"0\",\"startTime\":\"0\",\"endTime\":\"0\",\"mode\":\"lesson\",\"status\":\"create\",\"number\":\"\",\"type\":\"testpaper\",\"mediaSource\":\"\",\"maxOnlineNum\":\"0\",\"fromCourseSetId\":\"9\",\"length\":\"0\",\"copyId\":\"0\",\"createdUserId\":\"2\",\"createdTime\":\"1559470811\",\"updatedTime\":\"1559470811\"}]', '127.0.0.1', 'Chrome(72.0.3626.119)', 'Linux', 'computer', 'Mozilla/5.0 (X11; Linux x86_64) AppleWebKit/537.36 (KHTML, like Gecko) Chrome/72.0.3626.119 Safari/537.36', 1559470811, 'info'),
(316, 2, 'course', 'add_task', '添加学习任务', '{\"id\":\"31\",\"courseId\":\"9\",\"seq\":\"1\",\"categoryId\":\"33\",\"activityId\":\"31\",\"title\":\"\\u7ef4\\u62a4\\u7ecf\\u8d39\\u548c\\u53d1\\u751f\\u4e86\",\"isFree\":\"0\",\"isOptional\":\"0\",\"startTime\":\"0\",\"endTime\":\"0\",\"mode\":\"lesson\",\"status\":\"create\",\"number\":\"\",\"type\":\"testpaper\",\"mediaSource\":\"\",\"maxOnlineNum\":\"0\",\"fromCourseSetId\":\"9\",\"length\":\"0\",\"copyId\":\"0\",\"createdUserId\":\"2\",\"createdTime\":\"1559470878\",\"updatedTime\":\"1559470878\"}', '127.0.0.1', 'Chrome(72.0.3626.119)', 'Linux', 'computer', 'Mozilla/5.0 (X11; Linux x86_64) AppleWebKit/537.36 (KHTML, like Gecko) Chrome/72.0.3626.119 Safari/537.36', 1559470878, 'info'),
(317, 2, 'course', 'create_lesson', '创建考试', '[{\"id\":\"33\",\"courseId\":\"9\",\"type\":\"lesson\",\"number\":\"1\",\"seq\":\"1\",\"title\":\"\\u7ef4\\u62a4\\u7ecf\\u8d39\\u548c\\u53d1\\u751f\\u4e86\",\"createdTime\":\"1559470878\",\"updatedTime\":\"1559470878\",\"copyId\":\"0\",\"status\":\"created\",\"isOptional\":\"0\"},{\"id\":\"31\",\"courseId\":\"9\",\"seq\":\"1\",\"categoryId\":\"33\",\"activityId\":\"31\",\"title\":\"\\u7ef4\\u62a4\\u7ecf\\u8d39\\u548c\\u53d1\\u751f\\u4e86\",\"isFree\":\"0\",\"isOptional\":\"0\",\"startTime\":\"0\",\"endTime\":\"0\",\"mode\":\"lesson\",\"status\":\"create\",\"number\":\"\",\"type\":\"testpaper\",\"mediaSource\":\"\",\"maxOnlineNum\":\"0\",\"fromCourseSetId\":\"9\",\"length\":\"0\",\"copyId\":\"0\",\"createdUserId\":\"2\",\"createdTime\":\"1559470878\",\"updatedTime\":\"1559470878\"}]', '127.0.0.1', 'Chrome(72.0.3626.119)', 'Linux', 'computer', 'Mozilla/5.0 (X11; Linux x86_64) AppleWebKit/537.36 (KHTML, like Gecko) Chrome/72.0.3626.119 Safari/537.36', 1559470878, 'info'),
(318, 2, 'course', 'add_task', '添加学习任务', '{\"id\":\"32\",\"courseId\":\"9\",\"seq\":\"1\",\"categoryId\":\"34\",\"activityId\":\"32\",\"title\":\"\\u7ef4\\u62a4\\u7ecf\\u8d39\\u548c\\u53d1\\u751f\\u4e86\",\"isFree\":\"0\",\"isOptional\":\"0\",\"startTime\":\"0\",\"endTime\":\"0\",\"mode\":\"lesson\",\"status\":\"create\",\"number\":\"\",\"type\":\"testpaper\",\"mediaSource\":\"\",\"maxOnlineNum\":\"0\",\"fromCourseSetId\":\"9\",\"length\":\"0\",\"copyId\":\"0\",\"createdUserId\":\"2\",\"createdTime\":\"1559470921\",\"updatedTime\":\"1559470921\"}', '127.0.0.1', 'Chrome(72.0.3626.119)', 'Linux', 'computer', 'Mozilla/5.0 (X11; Linux x86_64) AppleWebKit/537.36 (KHTML, like Gecko) Chrome/72.0.3626.119 Safari/537.36', 1559470921, 'info'),
(319, 2, 'course', 'create_lesson', '创建考试', '[{\"id\":\"34\",\"courseId\":\"9\",\"type\":\"lesson\",\"number\":\"1\",\"seq\":\"1\",\"title\":\"\\u7ef4\\u62a4\\u7ecf\\u8d39\\u548c\\u53d1\\u751f\\u4e86\",\"createdTime\":\"1559470921\",\"updatedTime\":\"1559470921\",\"copyId\":\"0\",\"status\":\"created\",\"isOptional\":\"0\"},{\"id\":\"32\",\"courseId\":\"9\",\"seq\":\"1\",\"categoryId\":\"34\",\"activityId\":\"32\",\"title\":\"\\u7ef4\\u62a4\\u7ecf\\u8d39\\u548c\\u53d1\\u751f\\u4e86\",\"isFree\":\"0\",\"isOptional\":\"0\",\"startTime\":\"0\",\"endTime\":\"0\",\"mode\":\"lesson\",\"status\":\"create\",\"number\":\"\",\"type\":\"testpaper\",\"mediaSource\":\"\",\"maxOnlineNum\":\"0\",\"fromCourseSetId\":\"9\",\"length\":\"0\",\"copyId\":\"0\",\"createdUserId\":\"2\",\"createdTime\":\"1559470921\",\"updatedTime\":\"1559470921\"}]', '127.0.0.1', 'Chrome(72.0.3626.119)', 'Linux', 'computer', 'Mozilla/5.0 (X11; Linux x86_64) AppleWebKit/537.36 (KHTML, like Gecko) Chrome/72.0.3626.119 Safari/537.36', 1559470921, 'info'),
(320, 2, 'course', 'add_task', '添加学习任务', '{\"id\":\"33\",\"courseId\":\"9\",\"seq\":\"1\",\"categoryId\":\"35\",\"activityId\":\"33\",\"title\":\"\\u7ef4\\u62a4\\u7ecf\\u8d39\\u548c\\u53d1\\u751f\\u4e86\",\"isFree\":\"0\",\"isOptional\":\"0\",\"startTime\":\"0\",\"endTime\":\"0\",\"mode\":\"lesson\",\"status\":\"create\",\"number\":\"\",\"type\":\"testpaper\",\"mediaSource\":\"\",\"maxOnlineNum\":\"0\",\"fromCourseSetId\":\"9\",\"length\":\"0\",\"copyId\":\"0\",\"createdUserId\":\"2\",\"createdTime\":\"1559470932\",\"updatedTime\":\"1559470932\"}', '127.0.0.1', 'Chrome(72.0.3626.119)', 'Linux', 'computer', 'Mozilla/5.0 (X11; Linux x86_64) AppleWebKit/537.36 (KHTML, like Gecko) Chrome/72.0.3626.119 Safari/537.36', 1559470932, 'info'),
(321, 2, 'course', 'create_lesson', '创建考试', '[{\"id\":\"35\",\"courseId\":\"9\",\"type\":\"lesson\",\"number\":\"1\",\"seq\":\"1\",\"title\":\"\\u7ef4\\u62a4\\u7ecf\\u8d39\\u548c\\u53d1\\u751f\\u4e86\",\"createdTime\":\"1559470932\",\"updatedTime\":\"1559470932\",\"copyId\":\"0\",\"status\":\"created\",\"isOptional\":\"0\"},{\"id\":\"33\",\"courseId\":\"9\",\"seq\":\"1\",\"categoryId\":\"35\",\"activityId\":\"33\",\"title\":\"\\u7ef4\\u62a4\\u7ecf\\u8d39\\u548c\\u53d1\\u751f\\u4e86\",\"isFree\":\"0\",\"isOptional\":\"0\",\"startTime\":\"0\",\"endTime\":\"0\",\"mode\":\"lesson\",\"status\":\"create\",\"number\":\"\",\"type\":\"testpaper\",\"mediaSource\":\"\",\"maxOnlineNum\":\"0\",\"fromCourseSetId\":\"9\",\"length\":\"0\",\"copyId\":\"0\",\"createdUserId\":\"2\",\"createdTime\":\"1559470932\",\"updatedTime\":\"1559470932\"}]', '127.0.0.1', 'Chrome(72.0.3626.119)', 'Linux', 'computer', 'Mozilla/5.0 (X11; Linux x86_64) AppleWebKit/537.36 (KHTML, like Gecko) Chrome/72.0.3626.119 Safari/537.36', 1559470933, 'info'),
(322, 2, 'course', 'add_task', '添加学习任务', '{\"id\":\"34\",\"courseId\":\"9\",\"seq\":\"1\",\"categoryId\":\"36\",\"activityId\":\"34\",\"title\":\"\\u7ef4\\u62a4\\u7ecf\\u8d39\\u548c\\u53d1\\u751f\\u4e86\",\"isFree\":\"0\",\"isOptional\":\"0\",\"startTime\":\"0\",\"endTime\":\"0\",\"mode\":\"lesson\",\"status\":\"create\",\"number\":\"\",\"type\":\"testpaper\",\"mediaSource\":\"\",\"maxOnlineNum\":\"0\",\"fromCourseSetId\":\"9\",\"length\":\"0\",\"copyId\":\"0\",\"createdUserId\":\"2\",\"createdTime\":\"1559471025\",\"updatedTime\":\"1559471025\"}', '127.0.0.1', 'Chrome(72.0.3626.119)', 'Linux', 'computer', 'Mozilla/5.0 (X11; Linux x86_64) AppleWebKit/537.36 (KHTML, like Gecko) Chrome/72.0.3626.119 Safari/537.36', 1559471025, 'info'),
(323, 2, 'course', 'create_lesson', '创建考试', '[{\"id\":\"36\",\"courseId\":\"9\",\"type\":\"lesson\",\"number\":\"1\",\"seq\":\"1\",\"title\":\"\\u7ef4\\u62a4\\u7ecf\\u8d39\\u548c\\u53d1\\u751f\\u4e86\",\"createdTime\":\"1559471025\",\"updatedTime\":\"1559471025\",\"copyId\":\"0\",\"status\":\"created\",\"isOptional\":\"0\"},{\"id\":\"34\",\"courseId\":\"9\",\"seq\":\"1\",\"categoryId\":\"36\",\"activityId\":\"34\",\"title\":\"\\u7ef4\\u62a4\\u7ecf\\u8d39\\u548c\\u53d1\\u751f\\u4e86\",\"isFree\":\"0\",\"isOptional\":\"0\",\"startTime\":\"0\",\"endTime\":\"0\",\"mode\":\"lesson\",\"status\":\"create\",\"number\":\"\",\"type\":\"testpaper\",\"mediaSource\":\"\",\"maxOnlineNum\":\"0\",\"fromCourseSetId\":\"9\",\"length\":\"0\",\"copyId\":\"0\",\"createdUserId\":\"2\",\"createdTime\":\"1559471025\",\"updatedTime\":\"1559471025\"}]', '127.0.0.1', 'Chrome(72.0.3626.119)', 'Linux', 'computer', 'Mozilla/5.0 (X11; Linux x86_64) AppleWebKit/537.36 (KHTML, like Gecko) Chrome/72.0.3626.119 Safari/537.36', 1559471025, 'info'),
(324, 2, 'course', 'add_task', '添加学习任务', '{\"id\":\"35\",\"courseId\":\"9\",\"seq\":\"1\",\"categoryId\":\"37\",\"activityId\":\"35\",\"title\":\"\\u7ef4\\u62a4\\u7ecf\\u8d39\\u548c\\u53d1\\u751f\\u4e86\",\"isFree\":\"0\",\"isOptional\":\"0\",\"startTime\":\"0\",\"endTime\":\"0\",\"mode\":\"lesson\",\"status\":\"create\",\"number\":\"\",\"type\":\"testpaper\",\"mediaSource\":\"\",\"maxOnlineNum\":\"0\",\"fromCourseSetId\":\"9\",\"length\":\"0\",\"copyId\":\"0\",\"createdUserId\":\"2\",\"createdTime\":\"1559471041\",\"updatedTime\":\"1559471041\"}', '127.0.0.1', 'Chrome(72.0.3626.119)', 'Linux', 'computer', 'Mozilla/5.0 (X11; Linux x86_64) AppleWebKit/537.36 (KHTML, like Gecko) Chrome/72.0.3626.119 Safari/537.36', 1559471041, 'info'),
(325, 2, 'course', 'create_lesson', '创建考试', '[{\"id\":\"37\",\"courseId\":\"9\",\"type\":\"lesson\",\"number\":\"1\",\"seq\":\"1\",\"title\":\"\\u7ef4\\u62a4\\u7ecf\\u8d39\\u548c\\u53d1\\u751f\\u4e86\",\"createdTime\":\"1559471041\",\"updatedTime\":\"1559471041\",\"copyId\":\"0\",\"status\":\"created\",\"isOptional\":\"0\"},{\"id\":\"35\",\"courseId\":\"9\",\"seq\":\"1\",\"categoryId\":\"37\",\"activityId\":\"35\",\"title\":\"\\u7ef4\\u62a4\\u7ecf\\u8d39\\u548c\\u53d1\\u751f\\u4e86\",\"isFree\":\"0\",\"isOptional\":\"0\",\"startTime\":\"0\",\"endTime\":\"0\",\"mode\":\"lesson\",\"status\":\"create\",\"number\":\"\",\"type\":\"testpaper\",\"mediaSource\":\"\",\"maxOnlineNum\":\"0\",\"fromCourseSetId\":\"9\",\"length\":\"0\",\"copyId\":\"0\",\"createdUserId\":\"2\",\"createdTime\":\"1559471041\",\"updatedTime\":\"1559471041\"}]', '127.0.0.1', 'Chrome(72.0.3626.119)', 'Linux', 'computer', 'Mozilla/5.0 (X11; Linux x86_64) AppleWebKit/537.36 (KHTML, like Gecko) Chrome/72.0.3626.119 Safari/537.36', 1559471041, 'info'),
(326, 2, 'course', 'add_task', '添加学习任务', '{\"id\":\"36\",\"courseId\":\"9\",\"seq\":\"1\",\"categoryId\":\"38\",\"activityId\":\"36\",\"title\":\"\\u7ef4\\u62a4\\u7ecf\\u8d39\\u548c\\u53d1\\u751f\\u4e86\",\"isFree\":\"0\",\"isOptional\":\"0\",\"startTime\":\"0\",\"endTime\":\"0\",\"mode\":\"lesson\",\"status\":\"create\",\"number\":\"\",\"type\":\"testpaper\",\"mediaSource\":\"\",\"maxOnlineNum\":\"0\",\"fromCourseSetId\":\"9\",\"length\":\"0\",\"copyId\":\"0\",\"createdUserId\":\"2\",\"createdTime\":\"1559471196\",\"updatedTime\":\"1559471196\"}', '127.0.0.1', 'Chrome(72.0.3626.119)', 'Linux', 'computer', 'Mozilla/5.0 (X11; Linux x86_64) AppleWebKit/537.36 (KHTML, like Gecko) Chrome/72.0.3626.119 Safari/537.36', 1559471196, 'info'),
(327, 2, 'course', 'create_lesson', '创建考试', '[{\"id\":\"38\",\"courseId\":\"9\",\"type\":\"lesson\",\"number\":\"1\",\"seq\":\"1\",\"title\":\"\\u7ef4\\u62a4\\u7ecf\\u8d39\\u548c\\u53d1\\u751f\\u4e86\",\"createdTime\":\"1559471196\",\"updatedTime\":\"1559471196\",\"copyId\":\"0\",\"status\":\"created\",\"isOptional\":\"0\"},{\"id\":\"36\",\"courseId\":\"9\",\"seq\":\"1\",\"categoryId\":\"38\",\"activityId\":\"36\",\"title\":\"\\u7ef4\\u62a4\\u7ecf\\u8d39\\u548c\\u53d1\\u751f\\u4e86\",\"isFree\":\"0\",\"isOptional\":\"0\",\"startTime\":\"0\",\"endTime\":\"0\",\"mode\":\"lesson\",\"status\":\"create\",\"number\":\"\",\"type\":\"testpaper\",\"mediaSource\":\"\",\"maxOnlineNum\":\"0\",\"fromCourseSetId\":\"9\",\"length\":\"0\",\"copyId\":\"0\",\"createdUserId\":\"2\",\"createdTime\":\"1559471196\",\"updatedTime\":\"1559471196\"}]', '127.0.0.1', 'Chrome(72.0.3626.119)', 'Linux', 'computer', 'Mozilla/5.0 (X11; Linux x86_64) AppleWebKit/537.36 (KHTML, like Gecko) Chrome/72.0.3626.119 Safari/537.36', 1559471196, 'info'),
(328, 2, 'course', 'delete_lesson', '删除考试', '{\"id\":\"38\",\"courseId\":\"9\",\"type\":\"lesson\",\"number\":\"1\",\"seq\":\"1\",\"title\":\"\\u7ef4\\u62a4\\u7ecf\\u8d39\\u548c\\u53d1\\u751f\\u4e86\",\"createdTime\":\"1559471196\",\"updatedTime\":\"1559471196\",\"copyId\":\"0\",\"status\":\"created\",\"isOptional\":\"0\"}', '127.0.0.1', 'Chrome(72.0.3626.119)', 'Linux', 'computer', 'Mozilla/5.0 (X11; Linux x86_64) AppleWebKit/537.36 (KHTML, like Gecko) Chrome/72.0.3626.119 Safari/537.36', 1559471350, 'info'),
(329, 2, 'course', 'delete_lesson', '删除考试', '{\"id\":\"36\",\"courseId\":\"9\",\"type\":\"lesson\",\"number\":\"1\",\"seq\":\"1\",\"title\":\"\\u7ef4\\u62a4\\u7ecf\\u8d39\\u548c\\u53d1\\u751f\\u4e86\",\"createdTime\":\"1559471025\",\"updatedTime\":\"1559471025\",\"copyId\":\"0\",\"status\":\"created\",\"isOptional\":\"0\"}', '127.0.0.1', 'Chrome(72.0.3626.119)', 'Linux', 'computer', 'Mozilla/5.0 (X11; Linux x86_64) AppleWebKit/537.36 (KHTML, like Gecko) Chrome/72.0.3626.119 Safari/537.36', 1559471354, 'info'),
(330, 2, 'course', 'delete_lesson', '删除考试', '{\"id\":\"37\",\"courseId\":\"9\",\"type\":\"lesson\",\"number\":\"1\",\"seq\":\"1\",\"title\":\"\\u7ef4\\u62a4\\u7ecf\\u8d39\\u548c\\u53d1\\u751f\\u4e86\",\"createdTime\":\"1559471041\",\"updatedTime\":\"1559471041\",\"copyId\":\"0\",\"status\":\"created\",\"isOptional\":\"0\"}', '127.0.0.1', 'Chrome(72.0.3626.119)', 'Linux', 'computer', 'Mozilla/5.0 (X11; Linux x86_64) AppleWebKit/537.36 (KHTML, like Gecko) Chrome/72.0.3626.119 Safari/537.36', 1559471358, 'info'),
(331, 2, 'course', 'delete_lesson', '删除考试', '{\"id\":\"34\",\"courseId\":\"9\",\"type\":\"lesson\",\"number\":\"1\",\"seq\":\"1\",\"title\":\"\\u7ef4\\u62a4\\u7ecf\\u8d39\\u548c\\u53d1\\u751f\\u4e86\",\"createdTime\":\"1559470921\",\"updatedTime\":\"1559470921\",\"copyId\":\"0\",\"status\":\"created\",\"isOptional\":\"0\"}', '127.0.0.1', 'Chrome(72.0.3626.119)', 'Linux', 'computer', 'Mozilla/5.0 (X11; Linux x86_64) AppleWebKit/537.36 (KHTML, like Gecko) Chrome/72.0.3626.119 Safari/537.36', 1559471362, 'info'),
(332, 2, 'course', 'delete_lesson', '删除考试', '{\"id\":\"33\",\"courseId\":\"9\",\"type\":\"lesson\",\"number\":\"1\",\"seq\":\"1\",\"title\":\"\\u7ef4\\u62a4\\u7ecf\\u8d39\\u548c\\u53d1\\u751f\\u4e86\",\"createdTime\":\"1559470878\",\"updatedTime\":\"1559470878\",\"copyId\":\"0\",\"status\":\"created\",\"isOptional\":\"0\"}', '127.0.0.1', 'Chrome(72.0.3626.119)', 'Linux', 'computer', 'Mozilla/5.0 (X11; Linux x86_64) AppleWebKit/537.36 (KHTML, like Gecko) Chrome/72.0.3626.119 Safari/537.36', 1559471367, 'info'),
(333, 2, 'course', 'delete_lesson', '删除考试', '{\"id\":\"32\",\"courseId\":\"9\",\"type\":\"lesson\",\"number\":\"1\",\"seq\":\"1\",\"title\":\"\\u7ef4\\u62a4\\u7ecf\\u8d39\\u548c\\u53d1\\u751f\\u4e86\",\"createdTime\":\"1559470811\",\"updatedTime\":\"1559470811\",\"copyId\":\"0\",\"status\":\"created\",\"isOptional\":\"0\"}', '127.0.0.1', 'Chrome(72.0.3626.119)', 'Linux', 'computer', 'Mozilla/5.0 (X11; Linux x86_64) AppleWebKit/537.36 (KHTML, like Gecko) Chrome/72.0.3626.119 Safari/537.36', 1559471377, 'info'),
(334, 2, 'course', 'delete_lesson', '删除考试', '{\"id\":\"31\",\"courseId\":\"9\",\"type\":\"lesson\",\"number\":\"1\",\"seq\":\"1\",\"title\":\"\\u7ef4\\u62a4\\u7ecf\\u8d39\\u548c\\u53d1\\u751f\\u4e86\",\"createdTime\":\"1559470783\",\"updatedTime\":\"1559470783\",\"copyId\":\"0\",\"status\":\"created\",\"isOptional\":\"0\"}', '127.0.0.1', 'Chrome(72.0.3626.119)', 'Linux', 'computer', 'Mozilla/5.0 (X11; Linux x86_64) AppleWebKit/537.36 (KHTML, like Gecko) Chrome/72.0.3626.119 Safari/537.36', 1559471381, 'info'),
(335, 2, 'course', 'delete_lesson', '删除考试', '{\"id\":\"30\",\"courseId\":\"9\",\"type\":\"lesson\",\"number\":\"1\",\"seq\":\"1\",\"title\":\"\\u7ef4\\u62a4\\u7ecf\\u8d39\\u548c\\u53d1\\u751f\\u4e86\",\"createdTime\":\"1559470710\",\"updatedTime\":\"1559470710\",\"copyId\":\"0\",\"status\":\"created\",\"isOptional\":\"0\"}', '127.0.0.1', 'Chrome(72.0.3626.119)', 'Linux', 'computer', 'Mozilla/5.0 (X11; Linux x86_64) AppleWebKit/537.36 (KHTML, like Gecko) Chrome/72.0.3626.119 Safari/537.36', 1559471386, 'info'),
(336, 2, 'course', 'delete_lesson', '删除考试', '{\"id\":\"35\",\"courseId\":\"9\",\"type\":\"lesson\",\"number\":\"1\",\"seq\":\"1\",\"title\":\"\\u7ef4\\u62a4\\u7ecf\\u8d39\\u548c\\u53d1\\u751f\\u4e86\",\"createdTime\":\"1559470932\",\"updatedTime\":\"1559470932\",\"copyId\":\"0\",\"status\":\"created\",\"isOptional\":\"0\"}', '127.0.0.1', 'Chrome(72.0.3626.119)', 'Linux', 'computer', 'Mozilla/5.0 (X11; Linux x86_64) AppleWebKit/537.36 (KHTML, like Gecko) Chrome/72.0.3626.119 Safari/537.36', 1559471391, 'info'),
(337, 1, 'course', 'refresh_learning_progress', '开始执行刷新学习进度的定时任务', '[\"9\"]', '127.0.0.1', '未知浏览器', '未知操作系统', 'computer', '', 1559643241, 'info'),
(338, 1, 'course', 'refresh_learning_progress', '刷新计划#9学习进度成功', '', '127.0.0.1', '未知浏览器', '未知操作系统', 'computer', '', 1559643241, 'info'),
(339, 1, 'course', 'refresh_learning_progress', '刷新学习进度的定时任务执行成功', '[\"9\"]', '127.0.0.1', '未知浏览器', '未知操作系统', 'computer', '', 1559643241, 'info'),
(340, 2, 'user', 'login_success', '登录成功', '', '127.0.0.1', 'Chrome(72.0.3626.119)', 'Linux', 'computer', 'Mozilla/5.0 (X11; Linux x86_64) AppleWebKit/537.36 (KHTML, like Gecko) Chrome/72.0.3626.119 Safari/537.36', 1559644043, 'info'),
(341, 1, 'course', 'refresh_learning_progress', '开始执行刷新学习进度的定时任务', '', '127.0.0.1', '未知浏览器', '未知操作系统', 'computer', '', 1559785922, 'info'),
(342, 1, 'course', 'refresh_learning_progress', '刷新学习进度的定时任务执行成功', '', '127.0.0.1', '未知浏览器', '未知操作系统', 'computer', '', 1559785922, 'info'),
(343, 2, 'user', 'login_success', '登录成功', '', '127.0.0.1', 'Chrome(72.0.3626.119)', 'Linux', 'computer', 'Mozilla/5.0 (X11; Linux x86_64) AppleWebKit/537.36 (KHTML, like Gecko) Chrome/72.0.3626.119 Safari/537.36', 1559801678, 'info'),
(344, 2, 'user', 'change_role', '修改用户组', '{\"roles\":{\"old\":[\"ROLE_USER\"],\"new\":[\"ROLE_USER\",\"ROLE_TEACHER\"]},\"id\":\"5\",\"showTitle\":\"33333\"}', '127.0.0.1', 'Chrome(72.0.3626.119)', 'Linux', 'computer', 'Mozilla/5.0 (X11; Linux x86_64) AppleWebKit/537.36 (KHTML, like Gecko) Chrome/72.0.3626.119 Safari/537.36', 1559804960, 'info'),
(345, 2, 'course', 'remove_student', '教学计划《》(#9)，移除学员11111(#3)', '{\"courseId\":\"9\",\"title\":\"\\u7cfb\\u7edf\\u5b9e\\u73b0\\u8bfe\\u7a0b1\",\"userId\":\"3\",\"nickname\":\"11111\"}', '127.0.0.1', 'Chrome(72.0.3626.119)', 'Linux', 'computer', 'Mozilla/5.0 (X11; Linux x86_64) AppleWebKit/537.36 (KHTML, like Gecko) Chrome/72.0.3626.119 Safari/537.36', 1559804977, 'info'),
(346, 2, 'course', 'add_student', '《系统实现课程1》-(#9)，添加学员11111(#3)，备注：测试管理员添加', '{\"courseSetId\":\"9\",\"courseId\":\"9\",\"title\":\"\\u7cfb\\u7edf\\u5b9e\\u73b0\\u8bfe\\u7a0b1\",\"userId\":\"3\",\"nickname\":\"11111\",\"remark\":\"\\u6d4b\\u8bd5\\u7ba1\\u7406\\u5458\\u6dfb\\u52a0\"}', '127.0.0.1', 'Chrome(72.0.3626.119)', 'Linux', 'computer', 'Mozilla/5.0 (X11; Linux x86_64) AppleWebKit/537.36 (KHTML, like Gecko) Chrome/72.0.3626.119 Safari/537.36', 1559804993, 'info'),
(347, 3, 'user', 'login_success', '登录成功', '', '127.0.0.1', 'Chrome(72.0.3626.119)', 'Linux', 'computer', 'Mozilla/5.0 (X11; Linux x86_64) AppleWebKit/537.36 (KHTML, like Gecko) Chrome/72.0.3626.119 Safari/537.36', 1559808894, 'info');
INSERT INTO `log_v8` (`id`, `userId`, `module`, `action`, `message`, `data`, `ip`, `browser`, `operatingSystem`, `device`, `userAgent`, `createdTime`, `level`) VALUES
(348, 2, 'course', 'add_task', '添加学习任务', '{\"id\":\"24\",\"courseId\":\"9\",\"seq\":\"1\",\"categoryId\":\"26\",\"activityId\":\"24\",\"title\":\"\\u623f\\u4ef7\\u8fdb\\u5165\\u75af\\u72c2\\u6b7b\\u4e86\\u6280\\u672f\\u79ef\\u5206\",\"isFree\":\"0\",\"isOptional\":\"0\",\"startTime\":\"0\",\"endTime\":\"0\",\"mode\":\"lesson\",\"status\":\"create\",\"number\":\"\",\"type\":\"testpaper\",\"mediaSource\":\"\",\"maxOnlineNum\":\"0\",\"fromCourseSetId\":\"9\",\"length\":\"0\",\"copyId\":\"0\",\"createdUserId\":\"2\",\"createdTime\":\"1559808991\",\"updatedTime\":\"1559808991\"}', '127.0.0.1', 'Chrome(72.0.3626.119)', 'Linux', 'computer', 'Mozilla/5.0 (X11; Linux x86_64) AppleWebKit/537.36 (KHTML, like Gecko) Chrome/72.0.3626.119 Safari/537.36', 1559808991, 'info'),
(349, 2, 'course', 'create_lesson', '创建考试', '[{\"id\":\"26\",\"courseId\":\"9\",\"type\":\"lesson\",\"number\":\"1\",\"seq\":\"1\",\"title\":\"\\u623f\\u4ef7\\u8fdb\\u5165\\u75af\\u72c2\\u6b7b\\u4e86\\u6280\\u672f\\u79ef\\u5206\",\"createdTime\":\"1559808991\",\"updatedTime\":\"1559808991\",\"copyId\":\"0\",\"status\":\"created\",\"isOptional\":\"0\"},{\"id\":\"24\",\"courseId\":\"9\",\"seq\":\"1\",\"categoryId\":\"26\",\"activityId\":\"24\",\"title\":\"\\u623f\\u4ef7\\u8fdb\\u5165\\u75af\\u72c2\\u6b7b\\u4e86\\u6280\\u672f\\u79ef\\u5206\",\"isFree\":\"0\",\"isOptional\":\"0\",\"startTime\":\"0\",\"endTime\":\"0\",\"mode\":\"lesson\",\"status\":\"create\",\"number\":\"\",\"type\":\"testpaper\",\"mediaSource\":\"\",\"maxOnlineNum\":\"0\",\"fromCourseSetId\":\"9\",\"length\":\"0\",\"copyId\":\"0\",\"createdUserId\":\"2\",\"createdTime\":\"1559808991\",\"updatedTime\":\"1559808991\"}]', '127.0.0.1', 'Chrome(72.0.3626.119)', 'Linux', 'computer', 'Mozilla/5.0 (X11; Linux x86_64) AppleWebKit/537.36 (KHTML, like Gecko) Chrome/72.0.3626.119 Safari/537.36', 1559808991, 'info'),
(350, 2, 'course', 'add_task', '添加学习任务', '{\"id\":\"25\",\"courseId\":\"9\",\"seq\":\"1\",\"categoryId\":\"27\",\"activityId\":\"25\",\"title\":\"\\u623f\\u4ef7\\u8fdb\\u5165\\u75af\\u72c2\\u6b7b\\u4e86\\u6280\\u672f\\u79ef\\u5206\",\"isFree\":\"0\",\"isOptional\":\"0\",\"startTime\":\"0\",\"endTime\":\"0\",\"mode\":\"lesson\",\"status\":\"create\",\"number\":\"\",\"type\":\"testpaper\",\"mediaSource\":\"\",\"maxOnlineNum\":\"0\",\"fromCourseSetId\":\"9\",\"length\":\"0\",\"copyId\":\"0\",\"createdUserId\":\"2\",\"createdTime\":\"1559808994\",\"updatedTime\":\"1559808994\"}', '127.0.0.1', 'Chrome(72.0.3626.119)', 'Linux', 'computer', 'Mozilla/5.0 (X11; Linux x86_64) AppleWebKit/537.36 (KHTML, like Gecko) Chrome/72.0.3626.119 Safari/537.36', 1559808994, 'info'),
(351, 2, 'course', 'create_lesson', '创建考试', '[{\"id\":\"27\",\"courseId\":\"9\",\"type\":\"lesson\",\"number\":\"1\",\"seq\":\"1\",\"title\":\"\\u623f\\u4ef7\\u8fdb\\u5165\\u75af\\u72c2\\u6b7b\\u4e86\\u6280\\u672f\\u79ef\\u5206\",\"createdTime\":\"1559808994\",\"updatedTime\":\"1559808994\",\"copyId\":\"0\",\"status\":\"created\",\"isOptional\":\"0\"},{\"id\":\"25\",\"courseId\":\"9\",\"seq\":\"1\",\"categoryId\":\"27\",\"activityId\":\"25\",\"title\":\"\\u623f\\u4ef7\\u8fdb\\u5165\\u75af\\u72c2\\u6b7b\\u4e86\\u6280\\u672f\\u79ef\\u5206\",\"isFree\":\"0\",\"isOptional\":\"0\",\"startTime\":\"0\",\"endTime\":\"0\",\"mode\":\"lesson\",\"status\":\"create\",\"number\":\"\",\"type\":\"testpaper\",\"mediaSource\":\"\",\"maxOnlineNum\":\"0\",\"fromCourseSetId\":\"9\",\"length\":\"0\",\"copyId\":\"0\",\"createdUserId\":\"2\",\"createdTime\":\"1559808994\",\"updatedTime\":\"1559808994\"}]', '127.0.0.1', 'Chrome(72.0.3626.119)', 'Linux', 'computer', 'Mozilla/5.0 (X11; Linux x86_64) AppleWebKit/537.36 (KHTML, like Gecko) Chrome/72.0.3626.119 Safari/537.36', 1559808994, 'info'),
(352, 2, 'course', 'delete_lesson', '删除考试', '{\"id\":\"27\",\"courseId\":\"9\",\"type\":\"lesson\",\"number\":\"1\",\"seq\":\"1\",\"title\":\"\\u623f\\u4ef7\\u8fdb\\u5165\\u75af\\u72c2\\u6b7b\\u4e86\\u6280\\u672f\\u79ef\\u5206\",\"createdTime\":\"1559808994\",\"updatedTime\":\"1559808994\",\"copyId\":\"0\",\"status\":\"created\",\"isOptional\":\"0\"}', '127.0.0.1', 'Chrome(72.0.3626.119)', 'Linux', 'computer', 'Mozilla/5.0 (X11; Linux x86_64) AppleWebKit/537.36 (KHTML, like Gecko) Chrome/72.0.3626.119 Safari/537.36', 1559809040, 'info'),
(353, 3, 'user', 'password-changed', '重置密码', '{\"id\":\"3\",\"email\":\"11111@qq.com\",\"verifiedMobile\":\"\",\"password\":\"7T8WTh+jZzvu0Sow+oqck91ders2\\/TnacEmFBuaAOHQ=\",\"salt\":\"8cntoo1fg30ow8k844sw84ok4owg8s4\",\"payPassword\":\"\",\"payPasswordSalt\":\"\",\"locale\":null,\"uri\":\"\",\"nickname\":\"11111\",\"title\":\"\",\"tags\":\"\",\"type\":\"web_email\",\"point\":\"0\",\"coin\":\"0\",\"smallAvatar\":\"\",\"mediumAvatar\":\"\",\"largeAvatar\":\"\",\"emailVerified\":\"0\",\"setup\":\"1\",\"roles\":[\"ROLE_USER\"],\"promoted\":\"0\",\"promotedSeq\":\"0\",\"promotedTime\":\"0\",\"locked\":\"0\",\"lockDeadline\":\"0\",\"consecutivePasswordErrorTimes\":\"0\",\"lastPasswordFailTime\":\"0\",\"loginTime\":\"1559808894\",\"loginIp\":\"127.0.0.1\",\"loginSessionId\":\"drr7g6ogk20pub39cnc4tgvm8d\",\"approvalTime\":\"0\",\"approvalStatus\":\"unapprove\",\"newMessageNum\":\"1\",\"newNotificationNum\":\"15\",\"createdIp\":\"127.0.0.1\",\"createdTime\":\"1557628746\",\"updatedTime\":\"1559808894\",\"inviteCode\":null,\"orgId\":\"1\",\"orgCode\":\"1.\",\"registeredWay\":\"web\",\"distributorToken\":\"\",\"uuid\":\"ef8712ab2c7500c1ea851c1a164c38a16f5caef3\",\"passwordInit\":\"1\"}', '127.0.0.1', 'Chrome(72.0.3626.119)', 'Linux', 'computer', 'Mozilla/5.0 (X11; Linux x86_64) AppleWebKit/537.36 (KHTML, like Gecko) Chrome/72.0.3626.119 Safari/537.36', 1559809768, 'info'),
(354, 1, 'course', 'refresh_learning_progress', '开始执行刷新学习进度的定时任务', '[\"9\"]', '127.0.0.1', '未知浏览器', '未知操作系统', 'computer', '', 1559899801, 'info'),
(355, 1, 'course', 'refresh_learning_progress', '刷新计划#9学习进度成功', '', '127.0.0.1', '未知浏览器', '未知操作系统', 'computer', '', 1559899801, 'info'),
(356, 1, 'course', 'refresh_learning_progress', '刷新学习进度的定时任务执行成功', '[\"9\"]', '127.0.0.1', '未知浏览器', '未知操作系统', 'computer', '', 1559899801, 'info'),
(357, 2, 'user', 'login_success', '登录成功', '', '127.0.0.1', 'Chrome(72.0.3626.119)', 'Linux', 'computer', 'Mozilla/5.0 (X11; Linux x86_64) AppleWebKit/537.36 (KHTML, like Gecko) Chrome/72.0.3626.119 Safari/537.36', 1559886248, 'info'),
(358, 2, 'course', 'add_task', '添加学习任务', '{\"id\":\"25\",\"courseId\":\"9\",\"seq\":\"1\",\"categoryId\":\"27\",\"activityId\":\"25\",\"title\":\"\\u53d1\\u54e5\\u53d1\\u6492\\u89e3\\u653e\\u519b\\u8001\\u5e08\\u8bb2\\u9053\\u7406\",\"isFree\":\"0\",\"isOptional\":\"0\",\"startTime\":\"0\",\"endTime\":\"0\",\"mode\":\"lesson\",\"status\":\"create\",\"number\":\"\",\"type\":\"testpaper\",\"mediaSource\":\"\",\"maxOnlineNum\":\"0\",\"fromCourseSetId\":\"9\",\"length\":\"0\",\"copyId\":\"0\",\"createdUserId\":\"2\",\"createdTime\":\"1559889118\",\"updatedTime\":\"1559889118\"}', '127.0.0.1', 'Chrome(72.0.3626.119)', 'Linux', 'computer', 'Mozilla/5.0 (X11; Linux x86_64) AppleWebKit/537.36 (KHTML, like Gecko) Chrome/72.0.3626.119 Safari/537.36', 1559889118, 'info'),
(359, 2, 'course', 'create_lesson', '创建考试', '[{\"id\":\"27\",\"courseId\":\"9\",\"type\":\"lesson\",\"number\":\"1\",\"seq\":\"1\",\"title\":\"\\u53d1\\u54e5\\u53d1\\u6492\\u89e3\\u653e\\u519b\\u8001\\u5e08\\u8bb2\\u9053\\u7406\",\"createdTime\":\"1559889118\",\"updatedTime\":\"1559889118\",\"copyId\":\"0\",\"status\":\"created\",\"isOptional\":\"0\"},{\"id\":\"25\",\"courseId\":\"9\",\"seq\":\"1\",\"categoryId\":\"27\",\"activityId\":\"25\",\"title\":\"\\u53d1\\u54e5\\u53d1\\u6492\\u89e3\\u653e\\u519b\\u8001\\u5e08\\u8bb2\\u9053\\u7406\",\"isFree\":\"0\",\"isOptional\":\"0\",\"startTime\":\"0\",\"endTime\":\"0\",\"mode\":\"lesson\",\"status\":\"create\",\"number\":\"\",\"type\":\"testpaper\",\"mediaSource\":\"\",\"maxOnlineNum\":\"0\",\"fromCourseSetId\":\"9\",\"length\":\"0\",\"copyId\":\"0\",\"createdUserId\":\"2\",\"createdTime\":\"1559889118\",\"updatedTime\":\"1559889118\"}]', '127.0.0.1', 'Chrome(72.0.3626.119)', 'Linux', 'computer', 'Mozilla/5.0 (X11; Linux x86_64) AppleWebKit/537.36 (KHTML, like Gecko) Chrome/72.0.3626.119 Safari/537.36', 1559889118, 'info'),
(360, 2, 'course', 'add_task', '添加学习任务', '{\"id\":\"26\",\"courseId\":\"9\",\"seq\":\"1\",\"categoryId\":\"28\",\"activityId\":\"26\",\"title\":\"\\u592a\\u591a\\u7ed9\\u5bf9\\u65b9\",\"isFree\":\"0\",\"isOptional\":\"0\",\"startTime\":\"0\",\"endTime\":\"0\",\"mode\":\"lesson\",\"status\":\"create\",\"number\":\"\",\"type\":\"testpaper\",\"mediaSource\":\"\",\"maxOnlineNum\":\"0\",\"fromCourseSetId\":\"9\",\"length\":\"0\",\"copyId\":\"0\",\"createdUserId\":\"2\",\"createdTime\":\"1559890297\",\"updatedTime\":\"1559890297\"}', '127.0.0.1', 'Chrome(72.0.3626.119)', 'Linux', 'computer', 'Mozilla/5.0 (X11; Linux x86_64) AppleWebKit/537.36 (KHTML, like Gecko) Chrome/72.0.3626.119 Safari/537.36', 1559890297, 'info'),
(361, 2, 'course', 'create_lesson', '创建考试', '[{\"id\":\"28\",\"courseId\":\"9\",\"type\":\"lesson\",\"number\":\"1\",\"seq\":\"1\",\"title\":\"\\u592a\\u591a\\u7ed9\\u5bf9\\u65b9\",\"createdTime\":\"1559890297\",\"updatedTime\":\"1559890297\",\"copyId\":\"0\",\"status\":\"created\",\"isOptional\":\"0\"},{\"id\":\"26\",\"courseId\":\"9\",\"seq\":\"1\",\"categoryId\":\"28\",\"activityId\":\"26\",\"title\":\"\\u592a\\u591a\\u7ed9\\u5bf9\\u65b9\",\"isFree\":\"0\",\"isOptional\":\"0\",\"startTime\":\"0\",\"endTime\":\"0\",\"mode\":\"lesson\",\"status\":\"create\",\"number\":\"\",\"type\":\"testpaper\",\"mediaSource\":\"\",\"maxOnlineNum\":\"0\",\"fromCourseSetId\":\"9\",\"length\":\"0\",\"copyId\":\"0\",\"createdUserId\":\"2\",\"createdTime\":\"1559890297\",\"updatedTime\":\"1559890297\"}]', '127.0.0.1', 'Chrome(72.0.3626.119)', 'Linux', 'computer', 'Mozilla/5.0 (X11; Linux x86_64) AppleWebKit/537.36 (KHTML, like Gecko) Chrome/72.0.3626.119 Safari/537.36', 1559890297, 'info'),
(362, 2, 'course', 'add_task', '添加学习任务', '{\"id\":\"27\",\"courseId\":\"9\",\"seq\":\"1\",\"categoryId\":\"29\",\"activityId\":\"27\",\"title\":\"\\u89c4\\u5f8b\\u7684\\u8d1f\\u62c5\",\"isFree\":\"0\",\"isOptional\":\"0\",\"startTime\":\"0\",\"endTime\":\"0\",\"mode\":\"lesson\",\"status\":\"create\",\"number\":\"\",\"type\":\"testpaper\",\"mediaSource\":\"\",\"maxOnlineNum\":\"0\",\"fromCourseSetId\":\"9\",\"length\":\"0\",\"copyId\":\"0\",\"createdUserId\":\"2\",\"createdTime\":\"1559890447\",\"updatedTime\":\"1559890447\"}', '127.0.0.1', 'Chrome(72.0.3626.119)', 'Linux', 'computer', 'Mozilla/5.0 (X11; Linux x86_64) AppleWebKit/537.36 (KHTML, like Gecko) Chrome/72.0.3626.119 Safari/537.36', 1559890447, 'info'),
(363, 2, 'course', 'create_lesson', '创建考试', '[{\"id\":\"29\",\"courseId\":\"9\",\"type\":\"lesson\",\"number\":\"1\",\"seq\":\"1\",\"title\":\"\\u89c4\\u5f8b\\u7684\\u8d1f\\u62c5\",\"createdTime\":\"1559890447\",\"updatedTime\":\"1559890447\",\"copyId\":\"0\",\"status\":\"created\",\"isOptional\":\"0\"},{\"id\":\"27\",\"courseId\":\"9\",\"seq\":\"1\",\"categoryId\":\"29\",\"activityId\":\"27\",\"title\":\"\\u89c4\\u5f8b\\u7684\\u8d1f\\u62c5\",\"isFree\":\"0\",\"isOptional\":\"0\",\"startTime\":\"0\",\"endTime\":\"0\",\"mode\":\"lesson\",\"status\":\"create\",\"number\":\"\",\"type\":\"testpaper\",\"mediaSource\":\"\",\"maxOnlineNum\":\"0\",\"fromCourseSetId\":\"9\",\"length\":\"0\",\"copyId\":\"0\",\"createdUserId\":\"2\",\"createdTime\":\"1559890447\",\"updatedTime\":\"1559890447\"}]', '127.0.0.1', 'Chrome(72.0.3626.119)', 'Linux', 'computer', 'Mozilla/5.0 (X11; Linux x86_64) AppleWebKit/537.36 (KHTML, like Gecko) Chrome/72.0.3626.119 Safari/537.36', 1559890447, 'info'),
(364, 2, 'course', 'add_task', '添加学习任务', '{\"id\":\"28\",\"courseId\":\"9\",\"seq\":\"1\",\"categoryId\":\"30\",\"activityId\":\"28\",\"title\":\"\\u53d1\\u54e5\\u53d1\\u6492\\u89e3\\u653e\\u519b\\u8001\\u5e08\\u8bb2\\u9053\\u7406\",\"isFree\":\"0\",\"isOptional\":\"0\",\"startTime\":\"0\",\"endTime\":\"0\",\"mode\":\"lesson\",\"status\":\"create\",\"number\":\"\",\"type\":\"testpaper\",\"mediaSource\":\"\",\"maxOnlineNum\":\"0\",\"fromCourseSetId\":\"9\",\"length\":\"0\",\"copyId\":\"0\",\"createdUserId\":\"2\",\"createdTime\":\"1559890485\",\"updatedTime\":\"1559890485\"}', '127.0.0.1', 'Chrome(72.0.3626.119)', 'Linux', 'computer', 'Mozilla/5.0 (X11; Linux x86_64) AppleWebKit/537.36 (KHTML, like Gecko) Chrome/72.0.3626.119 Safari/537.36', 1559890485, 'info'),
(365, 2, 'course', 'create_lesson', '创建考试', '[{\"id\":\"30\",\"courseId\":\"9\",\"type\":\"lesson\",\"number\":\"1\",\"seq\":\"1\",\"title\":\"\\u53d1\\u54e5\\u53d1\\u6492\\u89e3\\u653e\\u519b\\u8001\\u5e08\\u8bb2\\u9053\\u7406\",\"createdTime\":\"1559890485\",\"updatedTime\":\"1559890485\",\"copyId\":\"0\",\"status\":\"created\",\"isOptional\":\"0\"},{\"id\":\"28\",\"courseId\":\"9\",\"seq\":\"1\",\"categoryId\":\"30\",\"activityId\":\"28\",\"title\":\"\\u53d1\\u54e5\\u53d1\\u6492\\u89e3\\u653e\\u519b\\u8001\\u5e08\\u8bb2\\u9053\\u7406\",\"isFree\":\"0\",\"isOptional\":\"0\",\"startTime\":\"0\",\"endTime\":\"0\",\"mode\":\"lesson\",\"status\":\"create\",\"number\":\"\",\"type\":\"testpaper\",\"mediaSource\":\"\",\"maxOnlineNum\":\"0\",\"fromCourseSetId\":\"9\",\"length\":\"0\",\"copyId\":\"0\",\"createdUserId\":\"2\",\"createdTime\":\"1559890485\",\"updatedTime\":\"1559890485\"}]', '127.0.0.1', 'Chrome(72.0.3626.119)', 'Linux', 'computer', 'Mozilla/5.0 (X11; Linux x86_64) AppleWebKit/537.36 (KHTML, like Gecko) Chrome/72.0.3626.119 Safari/537.36', 1559890485, 'info'),
(366, 2, 'course', 'delete_lesson', '删除考试', '{\"id\":\"30\",\"courseId\":\"9\",\"type\":\"lesson\",\"number\":\"1\",\"seq\":\"1\",\"title\":\"\\u53d1\\u54e5\\u53d1\\u6492\\u89e3\\u653e\\u519b\\u8001\\u5e08\\u8bb2\\u9053\\u7406\",\"createdTime\":\"1559890485\",\"updatedTime\":\"1559890485\",\"copyId\":\"0\",\"status\":\"created\",\"isOptional\":\"0\"}', '127.0.0.1', 'Chrome(72.0.3626.119)', 'Linux', 'computer', 'Mozilla/5.0 (X11; Linux x86_64) AppleWebKit/537.36 (KHTML, like Gecko) Chrome/72.0.3626.119 Safari/537.36', 1559890493, 'info'),
(367, 2, 'course', 'delete_lesson', '删除考试', '{\"id\":\"29\",\"courseId\":\"9\",\"type\":\"lesson\",\"number\":\"1\",\"seq\":\"1\",\"title\":\"\\u89c4\\u5f8b\\u7684\\u8d1f\\u62c5\",\"createdTime\":\"1559890447\",\"updatedTime\":\"1559890447\",\"copyId\":\"0\",\"status\":\"created\",\"isOptional\":\"0\"}', '127.0.0.1', 'Chrome(72.0.3626.119)', 'Linux', 'computer', 'Mozilla/5.0 (X11; Linux x86_64) AppleWebKit/537.36 (KHTML, like Gecko) Chrome/72.0.3626.119 Safari/537.36', 1559890498, 'info'),
(368, 2, 'course', 'delete_lesson', '删除考试', '{\"id\":\"28\",\"courseId\":\"9\",\"type\":\"lesson\",\"number\":\"1\",\"seq\":\"1\",\"title\":\"\\u592a\\u591a\\u7ed9\\u5bf9\\u65b9\",\"createdTime\":\"1559890297\",\"updatedTime\":\"1559890297\",\"copyId\":\"0\",\"status\":\"created\",\"isOptional\":\"0\"}', '127.0.0.1', 'Chrome(72.0.3626.119)', 'Linux', 'computer', 'Mozilla/5.0 (X11; Linux x86_64) AppleWebKit/537.36 (KHTML, like Gecko) Chrome/72.0.3626.119 Safari/537.36', 1559890502, 'info'),
(369, 2, 'course', 'add_task', '添加学习任务', '{\"id\":\"29\",\"courseId\":\"9\",\"seq\":\"1\",\"categoryId\":\"31\",\"activityId\":\"29\",\"title\":\"\\u89c4\\u5f8b\\u7684\\u8d1f\\u62c5\",\"isFree\":\"0\",\"isOptional\":\"0\",\"startTime\":\"0\",\"endTime\":\"0\",\"mode\":\"lesson\",\"status\":\"create\",\"number\":\"\",\"type\":\"testpaper\",\"mediaSource\":\"\",\"maxOnlineNum\":\"0\",\"fromCourseSetId\":\"9\",\"length\":\"0\",\"copyId\":\"0\",\"createdUserId\":\"2\",\"createdTime\":\"1559890505\",\"updatedTime\":\"1559890505\"}', '127.0.0.1', 'Chrome(72.0.3626.119)', 'Linux', 'computer', 'Mozilla/5.0 (X11; Linux x86_64) AppleWebKit/537.36 (KHTML, like Gecko) Chrome/72.0.3626.119 Safari/537.36', 1559890505, 'info'),
(370, 2, 'course', 'create_lesson', '创建考试', '[{\"id\":\"31\",\"courseId\":\"9\",\"type\":\"lesson\",\"number\":\"1\",\"seq\":\"1\",\"title\":\"\\u89c4\\u5f8b\\u7684\\u8d1f\\u62c5\",\"createdTime\":\"1559890505\",\"updatedTime\":\"1559890505\",\"copyId\":\"0\",\"status\":\"created\",\"isOptional\":\"0\"},{\"id\":\"29\",\"courseId\":\"9\",\"seq\":\"1\",\"categoryId\":\"31\",\"activityId\":\"29\",\"title\":\"\\u89c4\\u5f8b\\u7684\\u8d1f\\u62c5\",\"isFree\":\"0\",\"isOptional\":\"0\",\"startTime\":\"0\",\"endTime\":\"0\",\"mode\":\"lesson\",\"status\":\"create\",\"number\":\"\",\"type\":\"testpaper\",\"mediaSource\":\"\",\"maxOnlineNum\":\"0\",\"fromCourseSetId\":\"9\",\"length\":\"0\",\"copyId\":\"0\",\"createdUserId\":\"2\",\"createdTime\":\"1559890505\",\"updatedTime\":\"1559890505\"}]', '127.0.0.1', 'Chrome(72.0.3626.119)', 'Linux', 'computer', 'Mozilla/5.0 (X11; Linux x86_64) AppleWebKit/537.36 (KHTML, like Gecko) Chrome/72.0.3626.119 Safari/537.36', 1559890505, 'info'),
(371, 2, 'course', 'delete_lesson', '删除考试', '{\"id\":\"27\",\"courseId\":\"9\",\"type\":\"lesson\",\"number\":\"1\",\"seq\":\"1\",\"title\":\"\\u53d1\\u54e5\\u53d1\\u6492\\u89e3\\u653e\\u519b\\u8001\\u5e08\\u8bb2\\u9053\\u7406\",\"createdTime\":\"1559889118\",\"updatedTime\":\"1559889118\",\"copyId\":\"0\",\"status\":\"created\",\"isOptional\":\"0\"}', '127.0.0.1', 'Chrome(72.0.3626.119)', 'Linux', 'computer', 'Mozilla/5.0 (X11; Linux x86_64) AppleWebKit/537.36 (KHTML, like Gecko) Chrome/72.0.3626.119 Safari/537.36', 1559890515, 'info'),
(372, 2, 'course', 'delete_lesson', '删除考试', '{\"id\":\"31\",\"courseId\":\"9\",\"type\":\"lesson\",\"number\":\"1\",\"seq\":\"1\",\"title\":\"\\u89c4\\u5f8b\\u7684\\u8d1f\\u62c5\",\"createdTime\":\"1559890505\",\"updatedTime\":\"1559890505\",\"copyId\":\"0\",\"status\":\"created\",\"isOptional\":\"0\"}', '127.0.0.1', 'Chrome(72.0.3626.119)', 'Linux', 'computer', 'Mozilla/5.0 (X11; Linux x86_64) AppleWebKit/537.36 (KHTML, like Gecko) Chrome/72.0.3626.119 Safari/537.36', 1559890518, 'info'),
(373, 2, 'course', 'add_task', '添加学习任务', '{\"id\":\"30\",\"courseId\":\"9\",\"seq\":\"1\",\"categoryId\":\"32\",\"activityId\":\"30\",\"title\":\"\\u5927\\u54e5\\u5927\\u54e5\\u53d1\",\"isFree\":\"0\",\"isOptional\":\"0\",\"startTime\":\"0\",\"endTime\":\"0\",\"mode\":\"lesson\",\"status\":\"create\",\"number\":\"\",\"type\":\"testpaper\",\"mediaSource\":\"\",\"maxOnlineNum\":\"0\",\"fromCourseSetId\":\"9\",\"length\":\"0\",\"copyId\":\"0\",\"createdUserId\":\"2\",\"createdTime\":\"1559890535\",\"updatedTime\":\"1559890535\"}', '127.0.0.1', 'Chrome(72.0.3626.119)', 'Linux', 'computer', 'Mozilla/5.0 (X11; Linux x86_64) AppleWebKit/537.36 (KHTML, like Gecko) Chrome/72.0.3626.119 Safari/537.36', 1559890535, 'info'),
(374, 2, 'course', 'create_lesson', '创建考试', '[{\"id\":\"32\",\"courseId\":\"9\",\"type\":\"lesson\",\"number\":\"1\",\"seq\":\"1\",\"title\":\"\\u5927\\u54e5\\u5927\\u54e5\\u53d1\",\"createdTime\":\"1559890535\",\"updatedTime\":\"1559890535\",\"copyId\":\"0\",\"status\":\"created\",\"isOptional\":\"0\"},{\"id\":\"30\",\"courseId\":\"9\",\"seq\":\"1\",\"categoryId\":\"32\",\"activityId\":\"30\",\"title\":\"\\u5927\\u54e5\\u5927\\u54e5\\u53d1\",\"isFree\":\"0\",\"isOptional\":\"0\",\"startTime\":\"0\",\"endTime\":\"0\",\"mode\":\"lesson\",\"status\":\"create\",\"number\":\"\",\"type\":\"testpaper\",\"mediaSource\":\"\",\"maxOnlineNum\":\"0\",\"fromCourseSetId\":\"9\",\"length\":\"0\",\"copyId\":\"0\",\"createdUserId\":\"2\",\"createdTime\":\"1559890535\",\"updatedTime\":\"1559890535\"}]', '127.0.0.1', 'Chrome(72.0.3626.119)', 'Linux', 'computer', 'Mozilla/5.0 (X11; Linux x86_64) AppleWebKit/537.36 (KHTML, like Gecko) Chrome/72.0.3626.119 Safari/537.36', 1559890535, 'info'),
(375, 2, 'course', 'delete_lesson', '删除考试', '{\"id\":\"32\",\"courseId\":\"9\",\"type\":\"lesson\",\"number\":\"1\",\"seq\":\"1\",\"title\":\"\\u5927\\u54e5\\u5927\\u54e5\\u53d1\",\"createdTime\":\"1559890535\",\"updatedTime\":\"1559890535\",\"copyId\":\"0\",\"status\":\"created\",\"isOptional\":\"0\"}', '127.0.0.1', 'Chrome(72.0.3626.119)', 'Linux', 'computer', 'Mozilla/5.0 (X11; Linux x86_64) AppleWebKit/537.36 (KHTML, like Gecko) Chrome/72.0.3626.119 Safari/537.36', 1559890541, 'info'),
(376, 2, 'course', 'add_question', '新增题目', '{\"id\":\"27\",\"type\":\"single_choice\",\"stem\":\"<p>\\u56de\\u590d\\u8bf4\\u597d\\u770b\\u52a0\\u5feb\\u5927\\u5bb6\\u6765\\u770b<\\/p>\\r\\n\",\"score\":\"2.0\",\"answer\":[\"0\"],\"analysis\":\"<p>\\u653e\\u677e\\u653e\\u677e\\u6cd5<\\/p>\\n\",\"metas\":{\"choices\":[\"<p>\\u98ce\\u98de\\u6c99<\\/p>\\r\\n\",\"<p>\\u53d1\\u987a\\u4e30<\\/p>\\r\\n\",\"<p>\\u51af\\u7ecd\\u5cf0<\\/p>\\r\\n\",\"<p>\\u51af\\u7ecd\\u5cf0<\\/p>\\r\\n\"]},\"categoryId\":\"0\",\"difficulty\":\"normal\",\"target\":\"course-9\",\"courseId\":\"9\",\"lessonId\":\"0\",\"parentId\":\"0\",\"subCount\":\"0\",\"finishedTimes\":\"0\",\"passedTimes\":\"0\",\"createdUserId\":\"2\",\"updatedUserId\":\"2\",\"updatedTime\":\"1559895535\",\"createdTime\":\"1559895535\",\"copyId\":\"0\",\"courseSetId\":\"9\"}', '127.0.0.1', 'Chrome(72.0.3626.119)', 'Linux', 'computer', 'Mozilla/5.0 (X11; Linux x86_64) AppleWebKit/537.36 (KHTML, like Gecko) Chrome/72.0.3626.119 Safari/537.36', 1559895535, 'info'),
(377, 2, 'course', 'add_testpaper', '新增试卷', '{\"id\":\"11\",\"name\":\"2019\\u5e74\\u9ad8\\u8003\\u8bed\\u6587\\u8bd5\\u5377\",\"description\":\"<p>\\u65bd\\u5de5\\u53ca\\u9644\\u52a0\\u5206\\u79bb\\u5f00\\u5c31\\u662f\\u75af\\u72c2\\u8001\\u5e08\\u770b\\u6765\\u662f\\u89e3\\u653e\\u4e86\\u3002<\\/p>\\r\\n\",\"courseId\":\"0\",\"lessonId\":\"0\",\"limitedTime\":\"0\",\"pattern\":\"questionType\",\"target\":\"\",\"status\":\"draft\",\"score\":\"0.0\",\"passedCondition\":[0],\"itemCount\":\"0\",\"createdUserId\":\"2\",\"createdTime\":\"1559898243\",\"updatedUserId\":\"2\",\"updatedTime\":\"1559898243\",\"metas\":{\"mode\":\"rand\",\"ranges\":{\"courseId\":\"9\"},\"counts\":{\"single_choice\":\"2\",\"essay\":\"1\"},\"scores\":{\"single_choice\":\"2\",\"choice\":\"2\",\"essay\":\"2\",\"determine\":\"2\",\"fill\":\"2\"},\"missScores\":{\"choice\":\"0\"},\"percentages\":{\"simple\":\"\",\"normal\":\"\",\"difficulty\":\"\"}},\"copyId\":\"0\",\"type\":\"testpaper\",\"courseSetId\":\"9\",\"migrateTestId\":\"0\"}', '127.0.0.1', 'Chrome(72.0.3626.119)', 'Linux', 'computer', 'Mozilla/5.0 (X11; Linux x86_64) AppleWebKit/537.36 (KHTML, like Gecko) Chrome/72.0.3626.119 Safari/537.36', 1559898243, 'info'),
(378, 1, 'course', 'refresh_learning_progress', '开始执行刷新学习进度的定时任务', '[\"9\"]', '127.0.0.1', '未知浏览器', '未知操作系统', 'computer', '', 1559960041, 'info'),
(379, 1, 'course', 'refresh_learning_progress', '刷新计划#9学习进度成功', '', '127.0.0.1', '未知浏览器', '未知操作系统', 'computer', '', 1559960041, 'info'),
(380, 1, 'course', 'refresh_learning_progress', '刷新学习进度的定时任务执行成功', '[\"9\"]', '127.0.0.1', '未知浏览器', '未知操作系统', 'computer', '', 1559960041, 'info'),
(381, 2, 'user', 'login_success', '登录成功', '', '127.0.0.1', 'Chrome(72.0.3626.119)', 'Linux', 'computer', 'Mozilla/5.0 (X11; Linux x86_64) AppleWebKit/537.36 (KHTML, like Gecko) Chrome/72.0.3626.119 Safari/537.36', 1559960268, 'info'),
(382, 3, 'user', 'login_success', '登录成功', '', '127.0.0.1', 'Chrome(72.0.3626.119)', 'Linux', 'computer', 'Mozilla/5.0 (X11; Linux x86_64) AppleWebKit/537.36 (KHTML, like Gecko) Chrome/72.0.3626.119 Safari/537.36', 1559961006, 'info'),
(383, 3, 'user', 'login_success', '登录成功', '', '127.0.0.1', 'Chrome(72.0.3626.119)', 'Linux', 'computer', 'Mozilla/5.0 (X11; Linux x86_64) AppleWebKit/537.36 (KHTML, like Gecko) Chrome/72.0.3626.119 Safari/537.36', 1559978314, 'info'),
(384, 3, 'user', 'login_success', '登录成功', '', '127.0.0.1', 'Chrome(72.0.3626.119)', 'Linux', 'computer', 'Mozilla/5.0 (X11; Linux x86_64) AppleWebKit/537.36 (KHTML, like Gecko) Chrome/72.0.3626.119 Safari/537.36', 1559978340, 'info'),
(385, 2, 'course', 'close', '关闭课程', '{\"status\":{\"old\":\"published\",\"new\":\"closed\"},\"id\":\"7\",\"showTitle\":\"\\u6d4b\\u8bd5\\u8bfe\\u7a0b3\"}', '127.0.0.1', 'Chrome(72.0.3626.119)', 'Linux', 'computer', 'Mozilla/5.0 (X11; Linux x86_64) AppleWebKit/537.36 (KHTML, like Gecko) Chrome/72.0.3626.119 Safari/537.36', 1559979960, 'info'),
(386, 2, 'course', 'publish_course', '发布教学计划', '{\"status\":{\"old\":\"draft\",\"new\":\"published\"},\"id\":\"8\",\"showTitle\":\"\\u6d4b\\u8bd5\\u8bfe\\u7a0b4\"}', '127.0.0.1', 'Chrome(72.0.3626.119)', 'Linux', 'computer', 'Mozilla/5.0 (X11; Linux x86_64) AppleWebKit/537.36 (KHTML, like Gecko) Chrome/72.0.3626.119 Safari/537.36', 1559979983, 'info'),
(387, 2, 'course', 'publish', '发布课程', '{\"status\":{\"old\":\"draft\",\"new\":\"published\"},\"id\":\"8\",\"showTitle\":\"\\u6d4b\\u8bd5\\u8bfe\\u7a0b4\"}', '127.0.0.1', 'Chrome(72.0.3626.119)', 'Linux', 'computer', 'Mozilla/5.0 (X11; Linux x86_64) AppleWebKit/537.36 (KHTML, like Gecko) Chrome/72.0.3626.119 Safari/537.36', 1559979983, 'info'),
(388, 2, 'course', 'add_student', '《系统实现课程1》-(#9)，添加学员22222(#4)，备注：测试管理员添加', '{\"courseSetId\":\"9\",\"courseId\":\"9\",\"title\":\"\\u7cfb\\u7edf\\u5b9e\\u73b0\\u8bfe\\u7a0b1\",\"userId\":\"4\",\"nickname\":\"22222\",\"remark\":\"\\u6d4b\\u8bd5\\u7ba1\\u7406\\u5458\\u6dfb\\u52a0\"}', '127.0.0.1', 'Chrome(72.0.3626.119)', 'Linux', 'computer', 'Mozilla/5.0 (X11; Linux x86_64) AppleWebKit/537.36 (KHTML, like Gecko) Chrome/72.0.3626.119 Safari/537.36', 1559991847, 'info'),
(389, 2, 'course', 'remove_student', '教学计划《》(#9)，移除学员22222(#4)', '{\"courseId\":\"9\",\"title\":\"\\u7cfb\\u7edf\\u5b9e\\u73b0\\u8bfe\\u7a0b1\",\"userId\":\"4\",\"nickname\":\"22222\"}', '127.0.0.1', 'Chrome(72.0.3626.119)', 'Linux', 'computer', 'Mozilla/5.0 (X11; Linux x86_64) AppleWebKit/537.36 (KHTML, like Gecko) Chrome/72.0.3626.119 Safari/537.36', 1559991863, 'info'),
(390, 2, 'course', 'update_teacher', '更新课程教师', '{\"teacherIds\":{\"old\":[\"2\"],\"new\":[\"2\",\"4\"]},\"id\":\"9\",\"showTitle\":\"\\u7cfb\\u7edf\\u5b9e\\u73b0\\u8bfe\\u7a0b1\"}', '127.0.0.1', 'Chrome(72.0.3626.119)', 'Linux', 'computer', 'Mozilla/5.0 (X11; Linux x86_64) AppleWebKit/537.36 (KHTML, like Gecko) Chrome/72.0.3626.119 Safari/537.36', 1559992187, 'info'),
(391, 2, 'course', 'update_teacher', '更新课程教师', '{\"teacherIds\":{\"old\":[\"2\",\"4\"],\"new\":[\"2\"]},\"id\":\"9\",\"showTitle\":\"\\u7cfb\\u7edf\\u5b9e\\u73b0\\u8bfe\\u7a0b1\"}', '127.0.0.1', 'Chrome(72.0.3626.119)', 'Linux', 'computer', 'Mozilla/5.0 (X11; Linux x86_64) AppleWebKit/537.36 (KHTML, like Gecko) Chrome/72.0.3626.119 Safari/537.36', 1559998180, 'info'),
(392, 2, 'course', 'update_teacher', '更新课程教师', '{\"teacherIds\":{\"old\":[\"2\"],\"new\":[\"2\",\"4\"]},\"id\":\"9\",\"showTitle\":\"\\u7cfb\\u7edf\\u5b9e\\u73b0\\u8bfe\\u7a0b1\"}', '127.0.0.1', 'Chrome(72.0.3626.119)', 'Linux', 'computer', 'Mozilla/5.0 (X11; Linux x86_64) AppleWebKit/537.36 (KHTML, like Gecko) Chrome/72.0.3626.119 Safari/537.36', 1559998190, 'info'),
(393, 2, 'user', 'login_success', '登录成功', '', '127.0.0.1', 'Chrome(72.0.3626.119)', 'Linux', 'computer', 'Mozilla/5.0 (X11; Linux x86_64) AppleWebKit/537.36 (KHTML, like Gecko) Chrome/72.0.3626.119 Safari/537.36', 1560047138, 'info'),
(394, 2, 'course', 'update_teacher', '更新课程教师', '{\"teacherIds\":{\"old\":[\"2\",\"4\"],\"new\":[]},\"id\":\"9\",\"showTitle\":\"\\u7cfb\\u7edf\\u5b9e\\u73b0\\u8bfe\\u7a0b1\"}', '127.0.0.1', 'Chrome(72.0.3626.119)', 'Linux', 'computer', 'Mozilla/5.0 (X11; Linux x86_64) AppleWebKit/537.36 (KHTML, like Gecko) Chrome/72.0.3626.119 Safari/537.36', 1560057185, 'info'),
(395, 3, 'user', 'login_success', '登录成功', '', '127.0.0.1', 'Chrome(72.0.3626.119)', 'Linux', 'computer', 'Mozilla/5.0 (X11; Linux x86_64) AppleWebKit/537.36 (KHTML, like Gecko) Chrome/72.0.3626.119 Safari/537.36', 1560059666, 'info'),
(396, 3, 'user', 'login_success', '登录成功', '', '127.0.0.1', 'Chrome(72.0.3626.119)', 'Linux', 'computer', 'Mozilla/5.0 (X11; Linux x86_64) AppleWebKit/537.36 (KHTML, like Gecko) Chrome/72.0.3626.119 Safari/537.36', 1560059887, 'info'),
(397, 3, 'user', 'password-changed', '重置密码', '{\"id\":\"3\",\"email\":\"11111@qq.com\",\"verifiedMobile\":\"\",\"password\":\"NTBwnK3nfg1uMGjb07eNjyD6p5hEh2EWBjXK0y+De9Q=\",\"salt\":\"5ri3g2419nokk88w84ss0gg8c8cwcgk\",\"payPassword\":\"\",\"payPasswordSalt\":\"\",\"locale\":null,\"uri\":\"\",\"nickname\":\"11111\",\"title\":\"\",\"tags\":\"\",\"type\":\"web_email\",\"point\":\"0\",\"coin\":\"0\",\"smallAvatar\":\"\",\"mediumAvatar\":\"\",\"largeAvatar\":\"\",\"emailVerified\":\"0\",\"setup\":\"1\",\"roles\":[\"ROLE_USER\"],\"promoted\":\"0\",\"promotedSeq\":\"0\",\"promotedTime\":\"0\",\"locked\":\"0\",\"lockDeadline\":\"0\",\"consecutivePasswordErrorTimes\":\"0\",\"lastPasswordFailTime\":\"0\",\"loginTime\":\"1560059887\",\"loginIp\":\"127.0.0.1\",\"loginSessionId\":\"vjcomg04fddi57ahc506tq322o\",\"approvalTime\":\"0\",\"approvalStatus\":\"unapprove\",\"newMessageNum\":\"1\",\"newNotificationNum\":\"16\",\"createdIp\":\"127.0.0.1\",\"createdTime\":\"1557628746\",\"updatedTime\":\"1560059887\",\"inviteCode\":null,\"orgId\":\"1\",\"orgCode\":\"1.\",\"registeredWay\":\"web\",\"distributorToken\":\"\",\"uuid\":\"ef8712ab2c7500c1ea851c1a164c38a16f5caef3\",\"passwordInit\":\"1\"}', '127.0.0.1', 'Chrome(72.0.3626.119)', 'Linux', 'computer', 'Mozilla/5.0 (X11; Linux x86_64) AppleWebKit/537.36 (KHTML, like Gecko) Chrome/72.0.3626.119 Safari/537.36', 1560059946, 'info'),
(398, 2, 'course', 'add_question', '新增题目', '{\"id\":\"28\",\"type\":\"single_choice\",\"stem\":\"<pre>\\r\\n<code class=\\\"language-cpp\\\">fjsjsfsefj <\\/code><\\/pre>\\r\\n\\r\\n<p>fjsfufkshf?<\\/p>\\r\\n\",\"score\":\"2.0\",\"answer\":[\"0\"],\"analysis\":\"<p>fsefgewwf<\\/p>\\n\",\"metas\":{\"choices\":[\"<p>sfgsfsef<\\/p>\\r\\n\",\"<p>fsegsfs<\\/p>\\r\\n\",\"<p>fesfsf<\\/p>\\r\\n\",\"<p>fsefsef<\\/p>\\r\\n\"]},\"categoryId\":\"0\",\"difficulty\":\"normal\",\"target\":\"course-9\",\"courseId\":\"9\",\"lessonId\":\"0\",\"parentId\":\"0\",\"subCount\":\"0\",\"finishedTimes\":\"0\",\"passedTimes\":\"0\",\"createdUserId\":\"2\",\"updatedUserId\":\"2\",\"updatedTime\":\"1560061378\",\"createdTime\":\"1560061378\",\"copyId\":\"0\",\"courseSetId\":\"9\"}', '127.0.0.1', 'Chrome(72.0.3626.119)', 'Linux', 'computer', 'Mozilla/5.0 (X11; Linux x86_64) AppleWebKit/537.36 (KHTML, like Gecko) Chrome/72.0.3626.119 Safari/537.36', 1560061378, 'info'),
(399, 3, 'user', 'login_success', '登录成功', '', '127.0.0.1', 'Chrome(72.0.3626.119)', 'Linux', 'computer', 'Mozilla/5.0 (X11; Linux x86_64) AppleWebKit/537.36 (KHTML, like Gecko) Chrome/72.0.3626.119 Safari/537.36', 1560068467, 'info'),
(400, 2, 'course', 'update_teacher', '更新课程教师', '{\"teacherIds\":{\"old\":[],\"new\":[\"2\"]},\"id\":\"9\",\"showTitle\":\"\\u7cfb\\u7edf\\u5b9e\\u73b0\\u8bfe\\u7a0b1\"}', '127.0.0.1', 'Chrome(72.0.3626.119)', 'Linux', 'computer', 'Mozilla/5.0 (X11; Linux x86_64) AppleWebKit/537.36 (KHTML, like Gecko) Chrome/72.0.3626.119 Safari/537.36', 1560070671, 'info'),
(401, 2, 'course', 'delete', '删除课程', '{\"id\":\"7\",\"type\":\"normal\",\"title\":\"\\u6d4b\\u8bd5\\u8bfe\\u7a0b3\",\"subtitle\":\"\",\"tags\":[],\"categoryId\":\"0\",\"serializeMode\":\"none\",\"status\":\"closed\",\"summary\":null,\"goals\":[],\"audiences\":[],\"cover\":[],\"ratingNum\":\"0\",\"rating\":\"0\",\"noteNum\":\"0\",\"studentNum\":\"0\",\"hotSeq\":\"0\",\"recommended\":\"0\",\"recommendedSeq\":\"0\",\"recommendedTime\":\"0\",\"orgId\":\"1\",\"orgCode\":\"1.\",\"discountId\":\"0\",\"discount\":\"10.00\",\"hitNum\":\"1\",\"maxRate\":\"100\",\"materialNum\":\"0\",\"parentId\":\"0\",\"locked\":\"0\",\"maxCoursePrice\":\"0.00\",\"minCoursePrice\":\"0.00\",\"teacherIds\":[\"2\"],\"creator\":\"4\",\"createdTime\":\"1558440108\",\"updatedTime\":\"1559979960\",\"defaultCourseId\":\"7\"}', '127.0.0.1', 'Chrome(72.0.3626.119)', 'Linux', 'computer', 'Mozilla/5.0 (X11; Linux x86_64) AppleWebKit/537.36 (KHTML, like Gecko) Chrome/72.0.3626.119 Safari/537.36', 1560074876, 'info'),
(402, 2, 'user', 'unlock', '解禁用户', '{\"locked\":{\"old\":\"1\",\"new\":\"0\"},\"id\":\"7\",\"showTitle\":\"44444\"}', '127.0.0.1', 'Chrome(72.0.3626.119)', 'Linux', 'computer', 'Mozilla/5.0 (X11; Linux x86_64) AppleWebKit/537.36 (KHTML, like Gecko) Chrome/72.0.3626.119 Safari/537.36', 1560083276, 'info'),
(403, 2, 'user', 'lock', '禁封用户', '{\"locked\":{\"old\":\"0\",\"new\":\"1\"},\"id\":\"7\",\"showTitle\":\"44444\"}', '127.0.0.1', 'Chrome(72.0.3626.119)', 'Linux', 'computer', 'Mozilla/5.0 (X11; Linux x86_64) AppleWebKit/537.36 (KHTML, like Gecko) Chrome/72.0.3626.119 Safari/537.36', 1560083394, 'info'),
(404, 2, 'user', 'unlock', '解禁用户', '{\"locked\":{\"old\":\"1\",\"new\":\"0\"},\"id\":\"7\",\"showTitle\":\"44444\"}', '127.0.0.1', 'Chrome(72.0.3626.119)', 'Linux', 'computer', 'Mozilla/5.0 (X11; Linux x86_64) AppleWebKit/537.36 (KHTML, like Gecko) Chrome/72.0.3626.119 Safari/537.36', 1560083622, 'info'),
(405, 2, 'user', 'lock', '禁封用户', '{\"locked\":{\"old\":\"0\",\"new\":\"1\"},\"id\":\"7\",\"showTitle\":\"44444\"}', '127.0.0.1', 'Chrome(72.0.3626.119)', 'Linux', 'computer', 'Mozilla/5.0 (X11; Linux x86_64) AppleWebKit/537.36 (KHTML, like Gecko) Chrome/72.0.3626.119 Safari/537.36', 1560083645, 'info'),
(406, 2, 'user', 'lock', '禁封用户', '{\"locked\":{\"old\":\"0\",\"new\":\"1\"},\"id\":\"2\",\"showTitle\":\"\\u6d4b\\u8bd5\\u7ba1\\u7406\\u5458\"}', '127.0.0.1', 'Chrome(72.0.3626.119)', 'Linux', 'computer', 'Mozilla/5.0 (X11; Linux x86_64) AppleWebKit/537.36 (KHTML, like Gecko) Chrome/72.0.3626.119 Safari/537.36', 1560084092, 'info'),
(407, 2, 'user', 'unlock', '解禁用户', '{\"locked\":{\"old\":\"1\",\"new\":\"0\"},\"id\":\"2\",\"showTitle\":\"\\u6d4b\\u8bd5\\u7ba1\\u7406\\u5458\"}', '127.0.0.1', 'Chrome(72.0.3626.119)', 'Linux', 'computer', 'Mozilla/5.0 (X11; Linux x86_64) AppleWebKit/537.36 (KHTML, like Gecko) Chrome/72.0.3626.119 Safari/537.36', 1560084102, 'info'),
(408, 2, 'user', 'lock', '禁封用户', '{\"locked\":{\"old\":\"0\",\"new\":\"1\"},\"id\":\"2\",\"showTitle\":\"\\u6d4b\\u8bd5\\u7ba1\\u7406\\u5458\"}', '127.0.0.1', 'Chrome(72.0.3626.119)', 'Linux', 'computer', 'Mozilla/5.0 (X11; Linux x86_64) AppleWebKit/537.36 (KHTML, like Gecko) Chrome/72.0.3626.119 Safari/537.36', 1560084233, 'info'),
(409, 2, 'user', 'change_role', '修改用户组', '{\"roles\":{\"old\":[\"ROLE_USER\"],\"new\":[\"ROLE_USER\",\"ROLE_SUPER_ADMIN\"]},\"id\":\"7\",\"showTitle\":\"44444\"}', '127.0.0.1', 'Chrome(72.0.3626.119)', 'Linux', 'computer', 'Mozilla/5.0 (X11; Linux x86_64) AppleWebKit/537.36 (KHTML, like Gecko) Chrome/72.0.3626.119 Safari/537.36', 1560084539, 'info'),
(410, 2, 'user', 'unlock', '解禁用户', '{\"locked\":{\"old\":\"1\",\"new\":\"0\"},\"id\":\"7\",\"showTitle\":\"44444\"}', '127.0.0.1', 'Chrome(72.0.3626.119)', 'Linux', 'computer', 'Mozilla/5.0 (X11; Linux x86_64) AppleWebKit/537.36 (KHTML, like Gecko) Chrome/72.0.3626.119 Safari/537.36', 1560084740, 'info'),
(411, 2, 'user', 'password-changed', '重置密码', '{\"id\":\"7\",\"email\":\"fjsfhskjf@jfsh.com\",\"verifiedMobile\":\"\",\"password\":\"jdBbqAhBQfygOeEPMWding8dUf6bGIhyO3gI8g1CVGA=\",\"salt\":\"j4x6lbzxdtwg0g4gk0wcwcc4w0kg00w\",\"payPassword\":\"\",\"payPasswordSalt\":\"\",\"locale\":null,\"uri\":\"\",\"nickname\":\"44444\",\"title\":\"\",\"tags\":\"\",\"type\":\"web_email\",\"point\":\"0\",\"coin\":\"0\",\"smallAvatar\":\"\",\"mediumAvatar\":\"\",\"largeAvatar\":\"\",\"emailVerified\":\"0\",\"setup\":\"1\",\"roles\":[\"ROLE_USER\",\"ROLE_SUPER_ADMIN\"],\"promoted\":\"0\",\"promotedSeq\":\"0\",\"promotedTime\":\"0\",\"locked\":\"0\",\"lockDeadline\":\"0\",\"consecutivePasswordErrorTimes\":\"0\",\"lastPasswordFailTime\":\"0\",\"loginTime\":\"0\",\"loginIp\":\"\",\"loginSessionId\":\"8n1q0g1puqoqkt0aat6jpd6lq6\",\"approvalTime\":\"0\",\"approvalStatus\":\"unapprove\",\"newMessageNum\":\"0\",\"newNotificationNum\":\"0\",\"createdIp\":\"127.0.0.1\",\"createdTime\":\"1560082571\",\"updatedTime\":\"1560084748\",\"inviteCode\":null,\"orgId\":\"1\",\"orgCode\":\"1.\",\"registeredWay\":\"web\",\"distributorToken\":\"\",\"uuid\":\"ccffc5ae1dd630a52dd00ddf4437399f8928f4d4\",\"passwordInit\":\"1\"}', '127.0.0.1', 'Chrome(72.0.3626.119)', 'Linux', 'computer', 'Mozilla/5.0 (X11; Linux x86_64) AppleWebKit/537.36 (KHTML, like Gecko) Chrome/72.0.3626.119 Safari/537.36', 1560084855, 'info'),
(412, 2, 'user', 'password-changed', '重置密码', '{\"id\":\"7\",\"email\":\"fjsfhskjf@jfsh.com\",\"verifiedMobile\":\"\",\"password\":\"dSzrSpmv4kqFSt3O3FxysWBsuF+LkqfFdZVRu0Y1lRQ=\",\"salt\":\"8vmo0ewykkcgwcc848g808cocgckco8\",\"payPassword\":\"\",\"payPasswordSalt\":\"\",\"locale\":null,\"uri\":\"\",\"nickname\":\"44444\",\"title\":\"\",\"tags\":\"\",\"type\":\"web_email\",\"point\":\"0\",\"coin\":\"0\",\"smallAvatar\":\"\",\"mediumAvatar\":\"\",\"largeAvatar\":\"\",\"emailVerified\":\"0\",\"setup\":\"1\",\"roles\":[\"ROLE_USER\",\"ROLE_SUPER_ADMIN\"],\"promoted\":\"0\",\"promotedSeq\":\"0\",\"promotedTime\":\"0\",\"locked\":\"0\",\"lockDeadline\":\"0\",\"consecutivePasswordErrorTimes\":\"0\",\"lastPasswordFailTime\":\"0\",\"loginTime\":\"0\",\"loginIp\":\"\",\"loginSessionId\":\"8n1q0g1puqoqkt0aat6jpd6lq6\",\"approvalTime\":\"0\",\"approvalStatus\":\"unapprove\",\"newMessageNum\":\"0\",\"newNotificationNum\":\"0\",\"createdIp\":\"127.0.0.1\",\"createdTime\":\"1560082571\",\"updatedTime\":\"1560084855\",\"inviteCode\":null,\"orgId\":\"1\",\"orgCode\":\"1.\",\"registeredWay\":\"web\",\"distributorToken\":\"\",\"uuid\":\"ccffc5ae1dd630a52dd00ddf4437399f8928f4d4\",\"passwordInit\":\"1\"}', '127.0.0.1', 'Chrome(72.0.3626.119)', 'Linux', 'computer', 'Mozilla/5.0 (X11; Linux x86_64) AppleWebKit/537.36 (KHTML, like Gecko) Chrome/72.0.3626.119 Safari/537.36', 1560084920, 'info'),
(413, 2, 'user', 'password-changed', '重置密码', '{\"id\":\"7\",\"email\":\"fjsfhskjf@jfsh.com\",\"verifiedMobile\":\"\",\"password\":\"VLD6sji8qqwaeiL7BhvR5dnPlH3zV9\\/tocsA+mkDHGg=\",\"salt\":\"lz4owek4rb4w88ss4w844ggsg4owkw4\",\"payPassword\":\"\",\"payPasswordSalt\":\"\",\"locale\":null,\"uri\":\"\",\"nickname\":\"44444\",\"title\":\"\",\"tags\":\"\",\"type\":\"web_email\",\"point\":\"0\",\"coin\":\"0\",\"smallAvatar\":\"\",\"mediumAvatar\":\"\",\"largeAvatar\":\"\",\"emailVerified\":\"0\",\"setup\":\"1\",\"roles\":[\"ROLE_USER\",\"ROLE_SUPER_ADMIN\"],\"promoted\":\"0\",\"promotedSeq\":\"0\",\"promotedTime\":\"0\",\"locked\":\"0\",\"lockDeadline\":\"0\",\"consecutivePasswordErrorTimes\":\"0\",\"lastPasswordFailTime\":\"0\",\"loginTime\":\"0\",\"loginIp\":\"\",\"loginSessionId\":\"8n1q0g1puqoqkt0aat6jpd6lq6\",\"approvalTime\":\"0\",\"approvalStatus\":\"unapprove\",\"newMessageNum\":\"0\",\"newNotificationNum\":\"0\",\"createdIp\":\"127.0.0.1\",\"createdTime\":\"1560082571\",\"updatedTime\":\"1560084920\",\"inviteCode\":null,\"orgId\":\"1\",\"orgCode\":\"1.\",\"registeredWay\":\"web\",\"distributorToken\":\"\",\"uuid\":\"ccffc5ae1dd630a52dd00ddf4437399f8928f4d4\",\"passwordInit\":\"1\"}', '127.0.0.1', 'Chrome(72.0.3626.119)', 'Linux', 'computer', 'Mozilla/5.0 (X11; Linux x86_64) AppleWebKit/537.36 (KHTML, like Gecko) Chrome/72.0.3626.119 Safari/537.36', 1560084921, 'info'),
(414, 2, 'user', 'change_role', '修改用户组', '{\"roles\":{\"old\":[\"ROLE_USER\",\"ROLE_TEACHER\"],\"new\":[\"ROLE_USER\"]},\"id\":\"5\",\"showTitle\":\"33333\"}', '127.0.0.1', 'Chrome(72.0.3626.119)', 'Linux', 'computer', 'Mozilla/5.0 (X11; Linux x86_64) AppleWebKit/537.36 (KHTML, like Gecko) Chrome/72.0.3626.119 Safari/537.36', 1560085667, 'info'),
(415, 2, 'course', 'add_testpaper', '新增试卷', '{\"id\":\"12\",\"name\":\"2019\\u5e74\\u836f\\u5b66\\u8bd5\\u5377fsgsfsf\",\"description\":\"<p>ggffsffsef<img alt=\\\"\\\" src=\\\"\\/files\\/course\\/2019\\/06-09\\/21263288caa8954936.png\\\" \\/><\\/p>\\r\\n\",\"courseId\":\"0\",\"lessonId\":\"0\",\"limitedTime\":\"0\",\"pattern\":\"questionType\",\"target\":\"\",\"status\":\"draft\",\"score\":\"0.0\",\"passedCondition\":[0],\"itemCount\":\"0\",\"createdUserId\":\"2\",\"createdTime\":\"1560086940\",\"updatedUserId\":\"2\",\"updatedTime\":\"1560086940\",\"metas\":{\"mode\":\"rand\",\"ranges\":{\"courseId\":\"9\"},\"counts\":{\"single_choice\":\"3\",\"essay\":\"0\"},\"scores\":{\"single_choice\":\"2\",\"choice\":\"2\",\"essay\":\"2\",\"determine\":\"2\",\"fill\":\"2\"},\"missScores\":{\"choice\":\"0\"},\"percentages\":{\"simple\":\"\",\"normal\":\"\",\"difficulty\":\"\"}},\"copyId\":\"0\",\"type\":\"testpaper\",\"courseSetId\":\"9\",\"migrateTestId\":\"0\"}', '127.0.0.1', 'Chrome(72.0.3626.119)', 'Linux', 'computer', 'Mozilla/5.0 (X11; Linux x86_64) AppleWebKit/537.36 (KHTML, like Gecko) Chrome/72.0.3626.119 Safari/537.36', 1560086940, 'info'),
(416, 2, 'course', 'add_task', '添加学习任务', '{\"id\":\"25\",\"courseId\":\"9\",\"seq\":\"1\",\"categoryId\":\"27\",\"activityId\":\"25\",\"title\":\"\\u52a8\\u753b\\u5b98\\u65b9\\u8eab\\u4efd\",\"isFree\":\"0\",\"isOptional\":\"0\",\"startTime\":\"0\",\"endTime\":\"0\",\"mode\":\"lesson\",\"status\":\"create\",\"number\":\"\",\"type\":\"testpaper\",\"mediaSource\":\"\",\"maxOnlineNum\":\"0\",\"fromCourseSetId\":\"9\",\"length\":\"0\",\"copyId\":\"0\",\"createdUserId\":\"2\",\"createdTime\":\"1560099275\",\"updatedTime\":\"1560099275\"}', '127.0.0.1', 'Chrome(72.0.3626.119)', 'Linux', 'computer', 'Mozilla/5.0 (X11; Linux x86_64) AppleWebKit/537.36 (KHTML, like Gecko) Chrome/72.0.3626.119 Safari/537.36', 1560099275, 'info'),
(417, 2, 'course', 'create_lesson', '创建考试', '[{\"id\":\"27\",\"courseId\":\"9\",\"type\":\"lesson\",\"number\":\"1\",\"seq\":\"1\",\"title\":\"\\u52a8\\u753b\\u5b98\\u65b9\\u8eab\\u4efd\",\"createdTime\":\"1560099275\",\"updatedTime\":\"1560099275\",\"copyId\":\"0\",\"status\":\"created\",\"isOptional\":\"0\"},{\"id\":\"25\",\"courseId\":\"9\",\"seq\":\"1\",\"categoryId\":\"27\",\"activityId\":\"25\",\"title\":\"\\u52a8\\u753b\\u5b98\\u65b9\\u8eab\\u4efd\",\"isFree\":\"0\",\"isOptional\":\"0\",\"startTime\":\"0\",\"endTime\":\"0\",\"mode\":\"lesson\",\"status\":\"create\",\"number\":\"\",\"type\":\"testpaper\",\"mediaSource\":\"\",\"maxOnlineNum\":\"0\",\"fromCourseSetId\":\"9\",\"length\":\"0\",\"copyId\":\"0\",\"createdUserId\":\"2\",\"createdTime\":\"1560099275\",\"updatedTime\":\"1560099275\"}]', '127.0.0.1', 'Chrome(72.0.3626.119)', 'Linux', 'computer', 'Mozilla/5.0 (X11; Linux x86_64) AppleWebKit/537.36 (KHTML, like Gecko) Chrome/72.0.3626.119 Safari/537.36', 1560099275, 'info'),
(418, 2, 'course', 'create_course', '创建教学计划', '{\"id\":\"10\",\"courseSetId\":\"10\",\"title\":\"\",\"subtitle\":\"\",\"courseSetTitle\":\"\\u662f\\u6253\\u53d1\\u65f6\\u95f4\",\"learnMode\":\"freeMode\",\"expiryMode\":\"forever\",\"expiryDays\":\"0\",\"expiryStartDate\":\"0\",\"expiryEndDate\":\"0\",\"summary\":null,\"goals\":[],\"audiences\":[],\"isDefault\":\"1\",\"maxStudentNum\":\"0\",\"status\":\"draft\",\"seq\":\"0\",\"isFree\":\"1\",\"price\":\"0.00\",\"vipLevelId\":\"0\",\"buyable\":\"1\",\"tryLookable\":\"0\",\"tryLookLength\":\"0\",\"watchLimit\":\"0\",\"services\":[],\"taskNum\":\"0\",\"studentNum\":\"0\",\"teacherIds\":[],\"parentId\":\"0\",\"ratingNum\":\"0\",\"rating\":\"0\",\"noteNum\":\"0\",\"threadNum\":\"0\",\"type\":\"normal\",\"approval\":\"0\",\"income\":\"0.00\",\"originPrice\":\"0.00\",\"coinPrice\":\"0.00\",\"originCoinPrice\":\"0.00\",\"showStudentNumType\":\"opened\",\"serializeMode\":\"none\",\"giveCredit\":\"0\",\"about\":null,\"locationId\":\"0\",\"address\":\"\",\"deadlineNotify\":\"none\",\"daysOfNotifyBeforeDeadline\":\"0\",\"useInClassroom\":\"single\",\"singleBuy\":\"1\",\"freeStartTime\":\"0\",\"freeEndTime\":\"0\",\"locked\":\"0\",\"cover\":null,\"buyExpiryTime\":\"0\",\"enableFinish\":\"1\",\"maxRate\":\"100\",\"materialNum\":\"0\",\"compulsoryTaskNum\":\"0\",\"lessonNum\":\"0\",\"publishLessonNum\":\"0\",\"createdTime\":\"1560100934\",\"updatedTime\":\"1560100934\",\"creator\":\"2\",\"recommended\":\"0\",\"recommendedSeq\":\"0\",\"recommendedTime\":\"0\",\"categoryId\":\"0\",\"showServices\":\"0\",\"hitNum\":\"0\",\"courseType\":\"default\",\"enableAudio\":\"0\",\"isShowUnpublish\":\"1\",\"rewardPoint\":\"0\",\"taskRewardPoint\":\"0\"}', '127.0.0.1', 'Chrome(72.0.3626.119)', 'Linux', 'computer', 'Mozilla/5.0 (X11; Linux x86_64) AppleWebKit/537.36 (KHTML, like Gecko) Chrome/72.0.3626.119 Safari/537.36', 1560100934, 'info'),
(419, 2, 'course', 'create', '创建课程', '{\"id\":\"10\",\"type\":\"normal\",\"title\":\"\\u662f\\u6253\\u53d1\\u65f6\\u95f4\",\"subtitle\":\"\",\"tags\":[],\"categoryId\":\"0\",\"serializeMode\":\"none\",\"status\":\"draft\",\"summary\":null,\"goals\":[],\"audiences\":[],\"cover\":[],\"ratingNum\":\"0\",\"rating\":\"0\",\"noteNum\":\"0\",\"studentNum\":\"0\",\"hotSeq\":\"0\",\"recommended\":\"0\",\"recommendedSeq\":\"0\",\"recommendedTime\":\"0\",\"orgId\":\"1\",\"orgCode\":\"1.\",\"discountId\":\"0\",\"discount\":\"10.00\",\"hitNum\":\"0\",\"maxRate\":\"100\",\"materialNum\":\"0\",\"parentId\":\"0\",\"locked\":\"0\",\"maxCoursePrice\":\"0.00\",\"minCoursePrice\":\"0.00\",\"teacherIds\":[\"2\"],\"creator\":\"2\",\"createdTime\":\"1560100934\",\"updatedTime\":\"1560100934\",\"defaultCourseId\":\"10\"}', '127.0.0.1', 'Chrome(72.0.3626.119)', 'Linux', 'computer', 'Mozilla/5.0 (X11; Linux x86_64) AppleWebKit/537.36 (KHTML, like Gecko) Chrome/72.0.3626.119 Safari/537.36', 1560100934, 'info'),
(420, 2, 'course', 'update_teacher', '更新课程教师', '{\"teacherIds\":{\"old\":[\"2\"],\"new\":[\"4\"]},\"id\":\"10\",\"showTitle\":\"\\u662f\\u6253\\u53d1\\u65f6\\u95f4\"}', '127.0.0.1', 'Chrome(72.0.3626.119)', 'Linux', 'computer', 'Mozilla/5.0 (X11; Linux x86_64) AppleWebKit/537.36 (KHTML, like Gecko) Chrome/72.0.3626.119 Safari/537.36', 1560159490, 'info'),
(421, 2, 'user', 'password-changed', '重置密码', '{\"id\":\"4\",\"email\":\"22222@qq.com\",\"verifiedMobile\":\"\",\"password\":\"+uDFW73XI\\/HsmQ0ODn7WImsF+xK9oI3A3GBHOIFsV2k=\",\"salt\":\"pwxdazzartww0owo8ossk0swwoosgc4\",\"payPassword\":\"\",\"payPasswordSalt\":\"\",\"locale\":null,\"uri\":\"\",\"nickname\":\"22222\",\"title\":\"\",\"tags\":\"\",\"type\":\"import\",\"point\":\"0\",\"coin\":\"0\",\"smallAvatar\":\"\",\"mediumAvatar\":\"\",\"largeAvatar\":\"\",\"emailVerified\":\"0\",\"setup\":\"1\",\"roles\":[\"ROLE_USER\",\"ROLE_TEACHER\"],\"promoted\":\"0\",\"promotedSeq\":\"0\",\"promotedTime\":\"0\",\"locked\":\"0\",\"lockDeadline\":\"0\",\"consecutivePasswordErrorTimes\":\"0\",\"lastPasswordFailTime\":\"0\",\"loginTime\":\"1558611043\",\"loginIp\":\"127.0.0.1\",\"loginSessionId\":\"pp0c6g7nsusf0iotrcl0gqe2kv\",\"approvalTime\":\"0\",\"approvalStatus\":\"unapprove\",\"newMessageNum\":\"1\",\"newNotificationNum\":\"3\",\"createdIp\":\"127.0.0.1\",\"createdTime\":\"1558439832\",\"updatedTime\":\"1558859137\",\"inviteCode\":null,\"orgId\":\"1\",\"orgCode\":\"1.\",\"registeredWay\":\"\",\"distributorToken\":\"\",\"uuid\":\"44ac433b0b2bbd263cfcca2dbe70928b97f7f2e4\",\"passwordInit\":\"1\"}', '127.0.0.1', 'Chrome(72.0.3626.119)', 'Linux', 'computer', 'Mozilla/5.0 (X11; Linux x86_64) AppleWebKit/537.36 (KHTML, like Gecko) Chrome/72.0.3626.119 Safari/537.36', 1560160325, 'info'),
(422, 2, 'user', 'password-changed', '重置密码', '{\"id\":\"4\",\"email\":\"22222@qq.com\",\"verifiedMobile\":\"\",\"password\":\"j+eX6ewP9uIPuoUqRIV5POIL1o2pS6Pn4RX\\/\\/g1HSDY=\",\"salt\":\"gd0sfgopi4g008888coow0w4c48so44\",\"payPassword\":\"\",\"payPasswordSalt\":\"\",\"locale\":null,\"uri\":\"\",\"nickname\":\"22222\",\"title\":\"\",\"tags\":\"\",\"type\":\"import\",\"point\":\"0\",\"coin\":\"0\",\"smallAvatar\":\"\",\"mediumAvatar\":\"\",\"largeAvatar\":\"\",\"emailVerified\":\"0\",\"setup\":\"1\",\"roles\":[\"ROLE_USER\",\"ROLE_TEACHER\"],\"promoted\":\"0\",\"promotedSeq\":\"0\",\"promotedTime\":\"0\",\"locked\":\"0\",\"lockDeadline\":\"0\",\"consecutivePasswordErrorTimes\":\"0\",\"lastPasswordFailTime\":\"0\",\"loginTime\":\"1558611043\",\"loginIp\":\"127.0.0.1\",\"loginSessionId\":\"pp0c6g7nsusf0iotrcl0gqe2kv\",\"approvalTime\":\"0\",\"approvalStatus\":\"unapprove\",\"newMessageNum\":\"1\",\"newNotificationNum\":\"3\",\"createdIp\":\"127.0.0.1\",\"createdTime\":\"1558439832\",\"updatedTime\":\"1560160325\",\"inviteCode\":null,\"orgId\":\"1\",\"orgCode\":\"1.\",\"registeredWay\":\"\",\"distributorToken\":\"\",\"uuid\":\"44ac433b0b2bbd263cfcca2dbe70928b97f7f2e4\",\"passwordInit\":\"1\"}', '127.0.0.1', 'Chrome(72.0.3626.119)', 'Linux', 'computer', 'Mozilla/5.0 (X11; Linux x86_64) AppleWebKit/537.36 (KHTML, like Gecko) Chrome/72.0.3626.119 Safari/537.36', 1560160325, 'info'),
(423, 4, 'course', 'add_question', '新增题目', '{\"id\":\"29\",\"type\":\"single_choice\",\"stem\":\"<p>gruytttret<\\/p>\\r\\n\\r\\n<pre>\\r\\n<code>twe4eyhhjfnthfhfgf<\\/code><\\/pre>\\r\\n\\r\\n<p>&nbsp;<\\/p>\\r\\n\",\"score\":\"2.0\",\"answer\":[\"0\"],\"analysis\":\"<p>fesgsfsff<\\/p>\\n\",\"metas\":{\"choices\":[\"<p>eryhgsfsrff<\\/p>\\r\\n\",\"<p>fesgsfsf<\\/p>\\r\\n\",\"<p>fsefsf<\\/p>\\r\\n\",\"<p>fsefsgsef<\\/p>\\r\\n\"]},\"categoryId\":\"0\",\"difficulty\":\"normal\",\"target\":\"course-10\",\"courseId\":\"10\",\"lessonId\":\"0\",\"parentId\":\"0\",\"subCount\":\"0\",\"finishedTimes\":\"0\",\"passedTimes\":\"0\",\"createdUserId\":\"4\",\"updatedUserId\":\"4\",\"updatedTime\":\"1560160476\",\"createdTime\":\"1560160476\",\"copyId\":\"0\",\"courseSetId\":\"10\"}', '127.0.0.1', 'Chrome(72.0.3626.119)', 'Linux', 'computer', 'Mozilla/5.0 (X11; Linux x86_64) AppleWebKit/537.36 (KHTML, like Gecko) Chrome/72.0.3626.119 Safari/537.36', 1560160476, 'info');
INSERT INTO `log_v8` (`id`, `userId`, `module`, `action`, `message`, `data`, `ip`, `browser`, `operatingSystem`, `device`, `userAgent`, `createdTime`, `level`) VALUES
(424, 2, 'course', 'delete', '删除课程', '{\"id\":\"1\",\"type\":\"normal\",\"title\":\"\\u8bfe\\u7a0b47847\",\"subtitle\":\"\\u975e\\u5b98\\u65b9\\u7684\\u98ce\\u4fd7\\u7684\\u6cd5\\u5927\\u8d5b\",\"tags\":[],\"categoryId\":\"1\",\"serializeMode\":\"none\",\"status\":\"published\",\"summary\":\"<p>\\u98ce\\u4fd7\\u5730\\u65b9\\u5c81\\u7684\\u5206\\u516c\\u53f8\\u526f<\\/p>\\n\",\"goals\":[],\"audiences\":[],\"cover\":{\"large\":\"public:\\/\\/course\\/2019\\/05-11\\/1115335a947d583339.jpg\",\"middle\":\"public:\\/\\/course\\/2019\\/05-11\\/1115335aa910228280.jpg\",\"small\":\"public:\\/\\/course\\/2019\\/05-11\\/1115335abe19237121.jpg\"},\"ratingNum\":\"0\",\"rating\":\"0\",\"noteNum\":\"0\",\"studentNum\":\"1\",\"hotSeq\":\"1\",\"recommended\":\"0\",\"recommendedSeq\":\"0\",\"recommendedTime\":\"0\",\"orgId\":\"1\",\"orgCode\":\"1.\",\"discountId\":\"0\",\"discount\":\"10.00\",\"hitNum\":\"1\",\"maxRate\":\"100\",\"materialNum\":\"0\",\"parentId\":\"0\",\"locked\":\"0\",\"maxCoursePrice\":\"0.00\",\"minCoursePrice\":\"0.00\",\"teacherIds\":[\"2\"],\"creator\":\"2\",\"createdTime\":\"1557544451\",\"updatedTime\":\"1559960041\",\"defaultCourseId\":\"1\"}', '127.0.0.1', 'Chrome(72.0.3626.119)', 'Linux', 'computer', 'Mozilla/5.0 (X11; Linux x86_64) AppleWebKit/537.36 (KHTML, like Gecko) Chrome/72.0.3626.119 Safari/537.36', 1560167340, 'info'),
(425, 2, 'course', 'create_course', '创建教学计划', '{\"id\":\"11\",\"courseSetId\":\"11\",\"title\":\"\",\"subtitle\":\"\",\"courseSetTitle\":\"\\u53cd\\u590d\\u5404\\u7f5a\\u6b3e\\u5c31\",\"learnMode\":\"freeMode\",\"expiryMode\":\"forever\",\"expiryDays\":\"0\",\"expiryStartDate\":\"0\",\"expiryEndDate\":\"0\",\"summary\":null,\"goals\":[],\"audiences\":[],\"isDefault\":\"1\",\"maxStudentNum\":\"0\",\"status\":\"draft\",\"seq\":\"0\",\"isFree\":\"1\",\"price\":\"0.00\",\"vipLevelId\":\"0\",\"buyable\":\"1\",\"tryLookable\":\"0\",\"tryLookLength\":\"0\",\"watchLimit\":\"0\",\"services\":[],\"taskNum\":\"0\",\"studentNum\":\"0\",\"teacherIds\":[],\"parentId\":\"0\",\"ratingNum\":\"0\",\"rating\":\"0\",\"noteNum\":\"0\",\"threadNum\":\"0\",\"type\":\"normal\",\"approval\":\"0\",\"income\":\"0.00\",\"originPrice\":\"0.00\",\"coinPrice\":\"0.00\",\"originCoinPrice\":\"0.00\",\"showStudentNumType\":\"opened\",\"serializeMode\":\"none\",\"giveCredit\":\"0\",\"about\":null,\"locationId\":\"0\",\"address\":\"\",\"deadlineNotify\":\"none\",\"daysOfNotifyBeforeDeadline\":\"0\",\"useInClassroom\":\"single\",\"singleBuy\":\"1\",\"freeStartTime\":\"0\",\"freeEndTime\":\"0\",\"locked\":\"0\",\"cover\":null,\"buyExpiryTime\":\"0\",\"enableFinish\":\"1\",\"maxRate\":\"100\",\"materialNum\":\"0\",\"compulsoryTaskNum\":\"0\",\"lessonNum\":\"0\",\"publishLessonNum\":\"0\",\"createdTime\":\"1560168290\",\"updatedTime\":\"1560168290\",\"creator\":\"2\",\"recommended\":\"0\",\"recommendedSeq\":\"0\",\"recommendedTime\":\"0\",\"categoryId\":\"0\",\"showServices\":\"0\",\"hitNum\":\"0\",\"courseType\":\"default\",\"enableAudio\":\"0\",\"isShowUnpublish\":\"1\",\"rewardPoint\":\"0\",\"taskRewardPoint\":\"0\"}', '127.0.0.1', 'Chrome(72.0.3626.119)', 'Linux', 'computer', 'Mozilla/5.0 (X11; Linux x86_64) AppleWebKit/537.36 (KHTML, like Gecko) Chrome/72.0.3626.119 Safari/537.36', 1560168290, 'info'),
(426, 2, 'course', 'create', '创建课程', '{\"id\":\"11\",\"type\":\"normal\",\"title\":\"\\u53cd\\u590d\\u5404\\u7f5a\\u6b3e\\u5c31\",\"subtitle\":\"\",\"tags\":[],\"categoryId\":\"0\",\"serializeMode\":\"none\",\"status\":\"draft\",\"summary\":null,\"goals\":[],\"audiences\":[],\"cover\":[],\"ratingNum\":\"0\",\"rating\":\"0\",\"noteNum\":\"0\",\"studentNum\":\"0\",\"hotSeq\":\"0\",\"recommended\":\"0\",\"recommendedSeq\":\"0\",\"recommendedTime\":\"0\",\"orgId\":\"1\",\"orgCode\":\"1.\",\"discountId\":\"0\",\"discount\":\"10.00\",\"hitNum\":\"0\",\"maxRate\":\"100\",\"materialNum\":\"0\",\"parentId\":\"0\",\"locked\":\"0\",\"maxCoursePrice\":\"0.00\",\"minCoursePrice\":\"0.00\",\"teacherIds\":[\"2\"],\"creator\":\"2\",\"createdTime\":\"1560168290\",\"updatedTime\":\"1560168290\",\"defaultCourseId\":\"11\"}', '127.0.0.1', 'Chrome(72.0.3626.119)', 'Linux', 'computer', 'Mozilla/5.0 (X11; Linux x86_64) AppleWebKit/537.36 (KHTML, like Gecko) Chrome/72.0.3626.119 Safari/537.36', 1560168290, 'info'),
(427, 2, 'course', 'publish_course', '发布教学计划', '{\"status\":{\"old\":\"draft\",\"new\":\"published\"},\"id\":\"11\",\"showTitle\":\"\\u53cd\\u590d\\u5404\\u7f5a\\u6b3e\\u5c31\"}', '127.0.0.1', 'Chrome(72.0.3626.119)', 'Linux', 'computer', 'Mozilla/5.0 (X11; Linux x86_64) AppleWebKit/537.36 (KHTML, like Gecko) Chrome/72.0.3626.119 Safari/537.36', 1560168641, 'info'),
(428, 2, 'course', 'publish', '发布课程', '{\"status\":{\"old\":\"draft\",\"new\":\"published\"},\"id\":\"11\",\"showTitle\":\"\\u53cd\\u590d\\u5404\\u7f5a\\u6b3e\\u5c31\"}', '127.0.0.1', 'Chrome(72.0.3626.119)', 'Linux', 'computer', 'Mozilla/5.0 (X11; Linux x86_64) AppleWebKit/537.36 (KHTML, like Gecko) Chrome/72.0.3626.119 Safari/537.36', 1560168641, 'info'),
(429, 2, 'course', 'add_task', '添加学习任务', '{\"id\":\"26\",\"courseId\":\"9\",\"seq\":\"1\",\"categoryId\":\"28\",\"activityId\":\"26\",\"title\":\"\\u6211\\u7ffb\\u4e86\\u7ffb\\u7d2f\",\"isFree\":\"0\",\"isOptional\":\"0\",\"startTime\":\"0\",\"endTime\":\"0\",\"mode\":\"lesson\",\"status\":\"create\",\"number\":\"\",\"type\":\"testpaper\",\"mediaSource\":\"\",\"maxOnlineNum\":\"0\",\"fromCourseSetId\":\"9\",\"length\":\"10\",\"copyId\":\"0\",\"createdUserId\":\"2\",\"createdTime\":\"1560169866\",\"updatedTime\":\"1560169866\"}', '127.0.0.1', 'Chrome(72.0.3626.119)', 'Linux', 'computer', 'Mozilla/5.0 (X11; Linux x86_64) AppleWebKit/537.36 (KHTML, like Gecko) Chrome/72.0.3626.119 Safari/537.36', 1560169866, 'info'),
(430, 2, 'course', 'create_lesson', '创建考试', '[{\"id\":\"28\",\"courseId\":\"9\",\"type\":\"lesson\",\"number\":\"1\",\"seq\":\"1\",\"title\":\"\\u6211\\u7ffb\\u4e86\\u7ffb\\u7d2f\",\"createdTime\":\"1560169866\",\"updatedTime\":\"1560169866\",\"copyId\":\"0\",\"status\":\"created\",\"isOptional\":\"0\"},{\"id\":\"26\",\"courseId\":\"9\",\"seq\":\"1\",\"categoryId\":\"28\",\"activityId\":\"26\",\"title\":\"\\u6211\\u7ffb\\u4e86\\u7ffb\\u7d2f\",\"isFree\":\"0\",\"isOptional\":\"0\",\"startTime\":\"0\",\"endTime\":\"0\",\"mode\":\"lesson\",\"status\":\"create\",\"number\":\"\",\"type\":\"testpaper\",\"mediaSource\":\"\",\"maxOnlineNum\":\"0\",\"fromCourseSetId\":\"9\",\"length\":\"10\",\"copyId\":\"0\",\"createdUserId\":\"2\",\"createdTime\":\"1560169866\",\"updatedTime\":\"1560169866\"}]', '127.0.0.1', 'Chrome(72.0.3626.119)', 'Linux', 'computer', 'Mozilla/5.0 (X11; Linux x86_64) AppleWebKit/537.36 (KHTML, like Gecko) Chrome/72.0.3626.119 Safari/537.36', 1560169866, 'info'),
(431, 2, 'course', 'close', '关闭课程', '{\"status\":{\"old\":\"published\",\"new\":\"closed\"},\"id\":\"9\",\"showTitle\":\"\\u7cfb\\u7edf\\u5b9e\\u73b0\\u8bfe\\u7a0b1\"}', '127.0.0.1', 'Chrome(72.0.3626.119)', 'Linux', 'computer', 'Mozilla/5.0 (X11; Linux x86_64) AppleWebKit/537.36 (KHTML, like Gecko) Chrome/72.0.3626.119 Safari/537.36', 1560185105, 'info'),
(432, 2, 'course', 'close', '关闭课程', '{\"status\":{\"old\":\"published\",\"new\":\"closed\"},\"id\":\"11\",\"showTitle\":\"\\u53cd\\u590d\\u5404\\u7f5a\\u6b3e\\u5c31\"}', '127.0.0.1', 'Chrome(72.0.3626.119)', 'Linux', 'computer', 'Mozilla/5.0 (X11; Linux x86_64) AppleWebKit/537.36 (KHTML, like Gecko) Chrome/72.0.3626.119 Safari/537.36', 1560185676, 'info'),
(433, 2, 'course', 'delete', '删除课程', '{\"id\":\"3\",\"type\":\"normal\",\"title\":\"\\u8ba1\\u7b97\\u673a\\u7f51\\u7edc\",\"subtitle\":\"ggrfs\",\"tags\":[\"1\"],\"categoryId\":\"1\",\"serializeMode\":\"none\",\"status\":\"published\",\"summary\":\"<p>fdgdfdgdf<\\/p>\\n\",\"goals\":[],\"audiences\":[],\"cover\":[],\"ratingNum\":\"0\",\"rating\":\"0\",\"noteNum\":\"0\",\"studentNum\":\"2\",\"hotSeq\":\"2\",\"recommended\":\"0\",\"recommendedSeq\":\"0\",\"recommendedTime\":\"0\",\"orgId\":\"1\",\"orgCode\":\"1.\",\"discountId\":\"0\",\"discount\":\"10.00\",\"hitNum\":\"3\",\"maxRate\":\"100\",\"materialNum\":\"0\",\"parentId\":\"0\",\"locked\":\"0\",\"maxCoursePrice\":\"0.00\",\"minCoursePrice\":\"0.00\",\"teacherIds\":[\"2\"],\"creator\":\"2\",\"createdTime\":\"1557827185\",\"updatedTime\":\"1559960041\",\"defaultCourseId\":\"3\"}', '127.0.0.1', 'Chrome(72.0.3626.119)', 'Linux', 'computer', 'Mozilla/5.0 (X11; Linux x86_64) AppleWebKit/537.36 (KHTML, like Gecko) Chrome/72.0.3626.119 Safari/537.36', 1560186337, 'info'),
(434, 2, 'course', 'delete', '删除课程', '{\"id\":\"8\",\"type\":\"normal\",\"title\":\"\\u6d4b\\u8bd5\\u8bfe\\u7a0b4\",\"subtitle\":\"\",\"tags\":[],\"categoryId\":\"0\",\"serializeMode\":\"none\",\"status\":\"published\",\"summary\":null,\"goals\":[],\"audiences\":[],\"cover\":[],\"ratingNum\":\"0\",\"rating\":\"0\",\"noteNum\":\"0\",\"studentNum\":\"0\",\"hotSeq\":\"0\",\"recommended\":\"0\",\"recommendedSeq\":\"0\",\"recommendedTime\":\"0\",\"orgId\":\"1\",\"orgCode\":\"1.\",\"discountId\":\"0\",\"discount\":\"10.00\",\"hitNum\":\"0\",\"maxRate\":\"100\",\"materialNum\":\"0\",\"parentId\":\"0\",\"locked\":\"0\",\"maxCoursePrice\":\"0.00\",\"minCoursePrice\":\"0.00\",\"teacherIds\":[\"2\"],\"creator\":\"2\",\"createdTime\":\"1559031924\",\"updatedTime\":\"1559979983\",\"defaultCourseId\":\"8\"}', '127.0.0.1', 'Chrome(72.0.3626.119)', 'Linux', 'computer', 'Mozilla/5.0 (X11; Linux x86_64) AppleWebKit/537.36 (KHTML, like Gecko) Chrome/72.0.3626.119 Safari/537.36', 1560186343, 'info'),
(435, 2, 'course', 'publish', '发布课程', '{\"status\":{\"old\":\"closed\",\"new\":\"published\"},\"id\":\"9\",\"showTitle\":\"\\u7cfb\\u7edf\\u5b9e\\u73b0\\u8bfe\\u7a0b1\"}', '127.0.0.1', 'Chrome(72.0.3626.119)', 'Linux', 'computer', 'Mozilla/5.0 (X11; Linux x86_64) AppleWebKit/537.36 (KHTML, like Gecko) Chrome/72.0.3626.119 Safari/537.36', 1560186356, 'info'),
(436, 2, 'course', 'add_testpaper', '新增试卷', '{\"id\":\"13\",\"name\":\"ujtyuhgfg\",\"description\":\"<p>htfgfefffsf<\\/p>\\r\\n\",\"courseId\":\"0\",\"lessonId\":\"0\",\"limitedTime\":\"0\",\"pattern\":\"questionType\",\"target\":\"\",\"status\":\"draft\",\"score\":\"0.0\",\"passedCondition\":[0],\"itemCount\":\"0\",\"createdUserId\":\"2\",\"createdTime\":\"1560188745\",\"updatedUserId\":\"2\",\"updatedTime\":\"1560188745\",\"metas\":{\"mode\":\"rand\",\"ranges\":{\"courseId\":\"9\"},\"counts\":{\"single_choice\":\"3\",\"essay\":\"1\"},\"scores\":{\"single_choice\":\"2\",\"choice\":\"2\",\"essay\":\"2\",\"determine\":\"2\"},\"missScores\":{\"choice\":\"0\"},\"percentages\":{\"simple\":\"\",\"normal\":\"\",\"difficulty\":\"\"}},\"copyId\":\"0\",\"type\":\"testpaper\",\"courseSetId\":\"9\",\"migrateTestId\":\"0\"}', '127.0.0.1', 'Chrome(72.0.3626.119)', 'Linux', 'computer', 'Mozilla/5.0 (X11; Linux x86_64) AppleWebKit/537.36 (KHTML, like Gecko) Chrome/72.0.3626.119 Safari/537.36', 1560188745, 'info'),
(437, 2, 'course', 'delete_lesson', '删除考试', '{\"id\":\"28\",\"courseId\":\"9\",\"type\":\"lesson\",\"number\":\"1\",\"seq\":\"1\",\"title\":\"\\u6211\\u7ffb\\u4e86\\u7ffb\\u7d2f\",\"createdTime\":\"1560169866\",\"updatedTime\":\"1560190149\",\"copyId\":\"0\",\"status\":\"unpublished\",\"isOptional\":\"0\"}', '127.0.0.1', 'Chrome(72.0.3626.119)', 'Linux', 'computer', 'Mozilla/5.0 (X11; Linux x86_64) AppleWebKit/537.36 (KHTML, like Gecko) Chrome/72.0.3626.119 Safari/537.36', 1560190152, 'info'),
(438, 2, 'course', 'add_task', '添加学习任务', '{\"id\":\"27\",\"courseId\":\"9\",\"seq\":\"1\",\"categoryId\":\"29\",\"activityId\":\"27\",\"title\":\"\\u6211\\u7ffb\\u4e86\\u7ffb\\u7d2f\",\"isFree\":\"0\",\"isOptional\":\"0\",\"startTime\":\"0\",\"endTime\":\"0\",\"mode\":\"lesson\",\"status\":\"create\",\"number\":\"\",\"type\":\"testpaper\",\"mediaSource\":\"\",\"maxOnlineNum\":\"0\",\"fromCourseSetId\":\"9\",\"length\":\"0\",\"copyId\":\"0\",\"createdUserId\":\"2\",\"createdTime\":\"1560190245\",\"updatedTime\":\"1560190245\"}', '127.0.0.1', 'Chrome(72.0.3626.119)', 'Linux', 'computer', 'Mozilla/5.0 (X11; Linux x86_64) AppleWebKit/537.36 (KHTML, like Gecko) Chrome/72.0.3626.119 Safari/537.36', 1560190245, 'info'),
(439, 2, 'course', 'create_lesson', '创建考试', '[{\"id\":\"29\",\"courseId\":\"9\",\"type\":\"lesson\",\"number\":\"1\",\"seq\":\"1\",\"title\":\"\\u6211\\u7ffb\\u4e86\\u7ffb\\u7d2f\",\"createdTime\":\"1560190245\",\"updatedTime\":\"1560190245\",\"copyId\":\"0\",\"status\":\"created\",\"isOptional\":\"0\"},{\"id\":\"27\",\"courseId\":\"9\",\"seq\":\"1\",\"categoryId\":\"29\",\"activityId\":\"27\",\"title\":\"\\u6211\\u7ffb\\u4e86\\u7ffb\\u7d2f\",\"isFree\":\"0\",\"isOptional\":\"0\",\"startTime\":\"0\",\"endTime\":\"0\",\"mode\":\"lesson\",\"status\":\"create\",\"number\":\"\",\"type\":\"testpaper\",\"mediaSource\":\"\",\"maxOnlineNum\":\"0\",\"fromCourseSetId\":\"9\",\"length\":\"0\",\"copyId\":\"0\",\"createdUserId\":\"2\",\"createdTime\":\"1560190245\",\"updatedTime\":\"1560190245\"}]', '127.0.0.1', 'Chrome(72.0.3626.119)', 'Linux', 'computer', 'Mozilla/5.0 (X11; Linux x86_64) AppleWebKit/537.36 (KHTML, like Gecko) Chrome/72.0.3626.119 Safari/537.36', 1560190245, 'info'),
(440, 2, 'course', 'create_course', '创建教学计划', '{\"id\":\"12\",\"courseSetId\":\"12\",\"title\":\"\",\"subtitle\":\"\",\"courseSetTitle\":\"fhsjfljfsf\\u56de\\u590d\",\"learnMode\":\"freeMode\",\"expiryMode\":\"forever\",\"expiryDays\":\"0\",\"expiryStartDate\":\"0\",\"expiryEndDate\":\"0\",\"summary\":null,\"goals\":[],\"audiences\":[],\"isDefault\":\"1\",\"maxStudentNum\":\"0\",\"status\":\"draft\",\"seq\":\"0\",\"isFree\":\"1\",\"price\":\"0.00\",\"vipLevelId\":\"0\",\"buyable\":\"1\",\"tryLookable\":\"0\",\"tryLookLength\":\"0\",\"watchLimit\":\"0\",\"services\":[],\"taskNum\":\"0\",\"studentNum\":\"0\",\"teacherIds\":[],\"parentId\":\"0\",\"ratingNum\":\"0\",\"rating\":\"0\",\"noteNum\":\"0\",\"threadNum\":\"0\",\"type\":\"normal\",\"approval\":\"0\",\"income\":\"0.00\",\"originPrice\":\"0.00\",\"coinPrice\":\"0.00\",\"originCoinPrice\":\"0.00\",\"showStudentNumType\":\"opened\",\"serializeMode\":\"none\",\"giveCredit\":\"0\",\"about\":null,\"locationId\":\"0\",\"address\":\"\",\"deadlineNotify\":\"none\",\"daysOfNotifyBeforeDeadline\":\"0\",\"useInClassroom\":\"single\",\"singleBuy\":\"1\",\"freeStartTime\":\"0\",\"freeEndTime\":\"0\",\"locked\":\"0\",\"cover\":null,\"buyExpiryTime\":\"0\",\"enableFinish\":\"1\",\"maxRate\":\"100\",\"materialNum\":\"0\",\"compulsoryTaskNum\":\"0\",\"lessonNum\":\"0\",\"publishLessonNum\":\"0\",\"createdTime\":\"1560213137\",\"updatedTime\":\"1560213137\",\"creator\":\"2\",\"recommended\":\"0\",\"recommendedSeq\":\"0\",\"recommendedTime\":\"0\",\"categoryId\":\"0\",\"showServices\":\"0\",\"hitNum\":\"0\",\"courseType\":\"default\",\"enableAudio\":\"0\",\"isShowUnpublish\":\"1\",\"rewardPoint\":\"0\",\"taskRewardPoint\":\"0\"}', '127.0.0.1', 'Chrome(72.0.3626.119)', 'Linux', 'computer', 'Mozilla/5.0 (X11; Linux x86_64) AppleWebKit/537.36 (KHTML, like Gecko) Chrome/72.0.3626.119 Safari/537.36', 1560213137, 'info'),
(441, 2, 'course', 'create', '创建课程', '{\"id\":\"12\",\"type\":\"normal\",\"title\":\"fhsjfljfsf\\u56de\\u590d\",\"subtitle\":\"\",\"tags\":[],\"categoryId\":\"0\",\"serializeMode\":\"none\",\"status\":\"draft\",\"summary\":null,\"goals\":[],\"audiences\":[],\"cover\":[],\"ratingNum\":\"0\",\"rating\":\"0\",\"noteNum\":\"0\",\"studentNum\":\"0\",\"hotSeq\":\"0\",\"recommended\":\"0\",\"recommendedSeq\":\"0\",\"recommendedTime\":\"0\",\"orgId\":\"1\",\"orgCode\":\"1.\",\"discountId\":\"0\",\"discount\":\"10.00\",\"hitNum\":\"0\",\"maxRate\":\"100\",\"materialNum\":\"0\",\"parentId\":\"0\",\"locked\":\"0\",\"maxCoursePrice\":\"0.00\",\"minCoursePrice\":\"0.00\",\"teacherIds\":[\"2\"],\"creator\":\"2\",\"createdTime\":\"1560213137\",\"updatedTime\":\"1560213137\",\"defaultCourseId\":\"12\"}', '127.0.0.1', 'Chrome(72.0.3626.119)', 'Linux', 'computer', 'Mozilla/5.0 (X11; Linux x86_64) AppleWebKit/537.36 (KHTML, like Gecko) Chrome/72.0.3626.119 Safari/537.36', 1560213137, 'info'),
(442, 2, 'course', 'add_question', '新增题目', '{\"id\":\"29\",\"type\":\"single_choice\",\"stem\":\"<p>\\u65b9\\u6cd5\\u51af\\u7ecd\\u5cf0<\\/p>\\r\\n\",\"score\":\"2.0\",\"answer\":[\"0\"],\"analysis\":\"<p>\\u7c89\\u4e1d\\u7eb7\\u7eb7\\u8bf4<\\/p>\\n\",\"metas\":{\"choices\":[\"<p>\\u800c\\u51af\\u7ecd\\u5cf0<\\/p>\\r\\n\",\"<p>\\u65b9\\u5f0f\\u89c4\\u8303\\u6536\\u8d39<\\/p>\\r\\n\",\"<p>\\u65b9\\u5f0f\\u65b9\\u6cd5<\\/p>\\r\\n\",\"<p>\\u51af\\u7ecd\\u5cf0<\\/p>\\r\\n\"]},\"categoryId\":\"0\",\"difficulty\":\"normal\",\"target\":\"course-12\",\"courseId\":\"12\",\"lessonId\":\"0\",\"parentId\":\"0\",\"subCount\":\"0\",\"finishedTimes\":\"0\",\"passedTimes\":\"0\",\"createdUserId\":\"2\",\"updatedUserId\":\"2\",\"updatedTime\":\"1560213164\",\"createdTime\":\"1560213164\",\"copyId\":\"0\",\"courseSetId\":\"12\"}', '127.0.0.1', 'Chrome(72.0.3626.119)', 'Linux', 'computer', 'Mozilla/5.0 (X11; Linux x86_64) AppleWebKit/537.36 (KHTML, like Gecko) Chrome/72.0.3626.119 Safari/537.36', 1560213164, 'info'),
(443, 2, 'course', 'add_testpaper', '新增试卷', '{\"id\":\"14\",\"name\":\"\\u5965\\u98de\\u53d1\\u70e7\\u53cd\\u590d\\u53d1\",\"description\":\"<p>\\u73a9\\u6cd5\\u4e30\\u5bcc\\u4eba\\u7684\\u65b9\\u6cd5<\\/p>\\r\\n\",\"courseId\":\"0\",\"lessonId\":\"0\",\"limitedTime\":\"0\",\"pattern\":\"questionType\",\"target\":\"\",\"status\":\"draft\",\"score\":\"0.0\",\"passedCondition\":[0],\"itemCount\":\"0\",\"createdUserId\":\"2\",\"createdTime\":\"1560213182\",\"updatedUserId\":\"2\",\"updatedTime\":\"1560213182\",\"metas\":{\"mode\":\"rand\",\"ranges\":{\"courseId\":\"12\"},\"counts\":{\"single_choice\":\"1\"},\"scores\":{\"single_choice\":\"2\",\"choice\":\"2\",\"essay\":\"2\",\"determine\":\"2\"},\"missScores\":{\"choice\":\"0\"},\"percentages\":{\"simple\":\"\",\"normal\":\"\",\"difficulty\":\"\"}},\"copyId\":\"0\",\"type\":\"testpaper\",\"courseSetId\":\"12\",\"migrateTestId\":\"0\"}', '127.0.0.1', 'Chrome(72.0.3626.119)', 'Linux', 'computer', 'Mozilla/5.0 (X11; Linux x86_64) AppleWebKit/537.36 (KHTML, like Gecko) Chrome/72.0.3626.119 Safari/537.36', 1560213182, 'info'),
(444, 2, 'course', 'add_task', '添加学习任务', '{\"id\":\"28\",\"courseId\":\"12\",\"seq\":\"1\",\"categoryId\":\"30\",\"activityId\":\"28\",\"title\":\"\\u9644\\u8fd1\\u51cf\\u80a5\\u51cf\\u80a5\",\"isFree\":\"0\",\"isOptional\":\"0\",\"startTime\":\"0\",\"endTime\":\"0\",\"mode\":\"lesson\",\"status\":\"create\",\"number\":\"\",\"type\":\"testpaper\",\"mediaSource\":\"\",\"maxOnlineNum\":\"0\",\"fromCourseSetId\":\"12\",\"length\":\"0\",\"copyId\":\"0\",\"createdUserId\":\"2\",\"createdTime\":\"1560213242\",\"updatedTime\":\"1560213242\"}', '127.0.0.1', 'Chrome(72.0.3626.119)', 'Linux', 'computer', 'Mozilla/5.0 (X11; Linux x86_64) AppleWebKit/537.36 (KHTML, like Gecko) Chrome/72.0.3626.119 Safari/537.36', 1560213242, 'info'),
(445, 2, 'course', 'create_lesson', '创建考试', '[{\"id\":\"30\",\"courseId\":\"12\",\"type\":\"lesson\",\"number\":\"1\",\"seq\":\"1\",\"title\":\"\\u9644\\u8fd1\\u51cf\\u80a5\\u51cf\\u80a5\",\"createdTime\":\"1560213242\",\"updatedTime\":\"1560213242\",\"copyId\":\"0\",\"status\":\"created\",\"isOptional\":\"0\"},{\"id\":\"28\",\"courseId\":\"12\",\"seq\":\"1\",\"categoryId\":\"30\",\"activityId\":\"28\",\"title\":\"\\u9644\\u8fd1\\u51cf\\u80a5\\u51cf\\u80a5\",\"isFree\":\"0\",\"isOptional\":\"0\",\"startTime\":\"0\",\"endTime\":\"0\",\"mode\":\"lesson\",\"status\":\"create\",\"number\":\"\",\"type\":\"testpaper\",\"mediaSource\":\"\",\"maxOnlineNum\":\"0\",\"fromCourseSetId\":\"12\",\"length\":\"0\",\"copyId\":\"0\",\"createdUserId\":\"2\",\"createdTime\":\"1560213242\",\"updatedTime\":\"1560213242\"}]', '127.0.0.1', 'Chrome(72.0.3626.119)', 'Linux', 'computer', 'Mozilla/5.0 (X11; Linux x86_64) AppleWebKit/537.36 (KHTML, like Gecko) Chrome/72.0.3626.119 Safari/537.36', 1560213242, 'info'),
(446, 2, 'course', 'publish_course', '发布教学计划', '{\"status\":{\"old\":\"draft\",\"new\":\"published\"},\"id\":\"12\",\"showTitle\":\"fhsjfljfsf\\u56de\\u590d\"}', '127.0.0.1', 'Chrome(72.0.3626.119)', 'Linux', 'computer', 'Mozilla/5.0 (X11; Linux x86_64) AppleWebKit/537.36 (KHTML, like Gecko) Chrome/72.0.3626.119 Safari/537.36', 1560213249, 'info'),
(447, 2, 'course', 'publish', '发布课程', '{\"status\":{\"old\":\"draft\",\"new\":\"published\"},\"id\":\"12\",\"showTitle\":\"fhsjfljfsf\\u56de\\u590d\"}', '127.0.0.1', 'Chrome(72.0.3626.119)', 'Linux', 'computer', 'Mozilla/5.0 (X11; Linux x86_64) AppleWebKit/537.36 (KHTML, like Gecko) Chrome/72.0.3626.119 Safari/537.36', 1560213249, 'info'),
(448, 2, 'course', 'add_task', '添加学习任务', '{\"id\":\"29\",\"courseId\":\"12\",\"seq\":\"1\",\"categoryId\":\"31\",\"activityId\":\"29\",\"title\":\"\\u98ce\\u683c\\u7684\\u65b9\\u5f0f\",\"isFree\":\"0\",\"isOptional\":\"0\",\"startTime\":\"0\",\"endTime\":\"0\",\"mode\":\"lesson\",\"status\":\"create\",\"number\":\"\",\"type\":\"testpaper\",\"mediaSource\":\"\",\"maxOnlineNum\":\"0\",\"fromCourseSetId\":\"12\",\"length\":\"0\",\"copyId\":\"0\",\"createdUserId\":\"2\",\"createdTime\":\"1560213343\",\"updatedTime\":\"1560213343\"}', '127.0.0.1', 'Chrome(72.0.3626.119)', 'Linux', 'computer', 'Mozilla/5.0 (X11; Linux x86_64) AppleWebKit/537.36 (KHTML, like Gecko) Chrome/72.0.3626.119 Safari/537.36', 1560213343, 'info'),
(449, 2, 'course', 'create_lesson', '创建考试', '[{\"id\":\"31\",\"courseId\":\"12\",\"type\":\"lesson\",\"number\":\"1\",\"seq\":\"1\",\"title\":\"\\u98ce\\u683c\\u7684\\u65b9\\u5f0f\",\"createdTime\":\"1560213343\",\"updatedTime\":\"1560213343\",\"copyId\":\"0\",\"status\":\"created\",\"isOptional\":\"0\"},{\"id\":\"29\",\"courseId\":\"12\",\"seq\":\"1\",\"categoryId\":\"31\",\"activityId\":\"29\",\"title\":\"\\u98ce\\u683c\\u7684\\u65b9\\u5f0f\",\"isFree\":\"0\",\"isOptional\":\"0\",\"startTime\":\"0\",\"endTime\":\"0\",\"mode\":\"lesson\",\"status\":\"create\",\"number\":\"\",\"type\":\"testpaper\",\"mediaSource\":\"\",\"maxOnlineNum\":\"0\",\"fromCourseSetId\":\"12\",\"length\":\"0\",\"copyId\":\"0\",\"createdUserId\":\"2\",\"createdTime\":\"1560213343\",\"updatedTime\":\"1560213343\"}]', '127.0.0.1', 'Chrome(72.0.3626.119)', 'Linux', 'computer', 'Mozilla/5.0 (X11; Linux x86_64) AppleWebKit/537.36 (KHTML, like Gecko) Chrome/72.0.3626.119 Safari/537.36', 1560213343, 'info'),
(450, 2, 'course', 'delete_lesson', '删除考试', '{\"id\":\"31\",\"courseId\":\"12\",\"type\":\"lesson\",\"number\":\"1\",\"seq\":\"1\",\"title\":\"\\u98ce\\u683c\\u7684\\u65b9\\u5f0f\",\"createdTime\":\"1560213343\",\"updatedTime\":\"1560213343\",\"copyId\":\"0\",\"status\":\"created\",\"isOptional\":\"0\"}', '127.0.0.1', 'Chrome(72.0.3626.119)', 'Linux', 'computer', 'Mozilla/5.0 (X11; Linux x86_64) AppleWebKit/537.36 (KHTML, like Gecko) Chrome/72.0.3626.119 Safari/537.36', 1560213355, 'info'),
(451, 2, 'course', 'add_student', '《fhsjfljfsf回复》-(#12)，添加学员11111(#3)，备注：', '{\"courseSetId\":\"12\",\"courseId\":\"12\",\"title\":\"fhsjfljfsf\\u56de\\u590d\",\"userId\":\"3\",\"nickname\":\"11111\",\"remark\":\"\"}', '127.0.0.1', 'Chrome(72.0.3626.119)', 'Linux', 'computer', 'Mozilla/5.0 (X11; Linux x86_64) AppleWebKit/537.36 (KHTML, like Gecko) Chrome/72.0.3626.119 Safari/537.36', 1560213675, 'info'),
(452, 2, 'course', 'create_course', '创建教学计划', '{\"id\":\"13\",\"courseSetId\":\"13\",\"title\":\"\",\"subtitle\":\"\",\"courseSetTitle\":\"\\u6211\\u7ffb\\u4e86\\u7ffb\\u7d2f\\u6062\\u590d\\u901f\\u5ea6\\u8fdbjfsjsj fssffjfjf237478927983479\",\"learnMode\":\"freeMode\",\"expiryMode\":\"forever\",\"expiryDays\":\"0\",\"expiryStartDate\":\"0\",\"expiryEndDate\":\"0\",\"summary\":null,\"goals\":[],\"audiences\":[],\"isDefault\":\"1\",\"maxStudentNum\":\"0\",\"status\":\"draft\",\"seq\":\"0\",\"isFree\":\"1\",\"price\":\"0.00\",\"vipLevelId\":\"0\",\"buyable\":\"1\",\"tryLookable\":\"0\",\"tryLookLength\":\"0\",\"watchLimit\":\"0\",\"services\":[],\"taskNum\":\"0\",\"studentNum\":\"0\",\"teacherIds\":[],\"parentId\":\"0\",\"ratingNum\":\"0\",\"rating\":\"0\",\"noteNum\":\"0\",\"threadNum\":\"0\",\"type\":\"normal\",\"approval\":\"0\",\"income\":\"0.00\",\"originPrice\":\"0.00\",\"coinPrice\":\"0.00\",\"originCoinPrice\":\"0.00\",\"showStudentNumType\":\"opened\",\"serializeMode\":\"none\",\"giveCredit\":\"0\",\"about\":null,\"locationId\":\"0\",\"address\":\"\",\"deadlineNotify\":\"none\",\"daysOfNotifyBeforeDeadline\":\"0\",\"useInClassroom\":\"single\",\"singleBuy\":\"1\",\"freeStartTime\":\"0\",\"freeEndTime\":\"0\",\"locked\":\"0\",\"cover\":null,\"buyExpiryTime\":\"0\",\"enableFinish\":\"1\",\"maxRate\":\"100\",\"materialNum\":\"0\",\"compulsoryTaskNum\":\"0\",\"lessonNum\":\"0\",\"publishLessonNum\":\"0\",\"createdTime\":\"1560214412\",\"updatedTime\":\"1560214412\",\"creator\":\"2\",\"recommended\":\"0\",\"recommendedSeq\":\"0\",\"recommendedTime\":\"0\",\"categoryId\":\"0\",\"showServices\":\"0\",\"hitNum\":\"0\",\"courseType\":\"default\",\"enableAudio\":\"0\",\"isShowUnpublish\":\"1\",\"rewardPoint\":\"0\",\"taskRewardPoint\":\"0\"}', '127.0.0.1', 'Chrome(72.0.3626.119)', 'Linux', 'computer', 'Mozilla/5.0 (X11; Linux x86_64) AppleWebKit/537.36 (KHTML, like Gecko) Chrome/72.0.3626.119 Safari/537.36', 1560214412, 'info'),
(453, 2, 'course', 'create', '创建课程', '{\"id\":\"13\",\"type\":\"normal\",\"title\":\"\\u6211\\u7ffb\\u4e86\\u7ffb\\u7d2f\\u6062\\u590d\\u901f\\u5ea6\\u8fdbjfsjsj fssffjfjf237478927983479\",\"subtitle\":\"\",\"tags\":[],\"categoryId\":\"0\",\"serializeMode\":\"none\",\"status\":\"draft\",\"summary\":null,\"goals\":[],\"audiences\":[],\"cover\":[],\"ratingNum\":\"0\",\"rating\":\"0\",\"noteNum\":\"0\",\"studentNum\":\"0\",\"hotSeq\":\"0\",\"recommended\":\"0\",\"recommendedSeq\":\"0\",\"recommendedTime\":\"0\",\"orgId\":\"1\",\"orgCode\":\"1.\",\"discountId\":\"0\",\"discount\":\"10.00\",\"hitNum\":\"0\",\"maxRate\":\"100\",\"materialNum\":\"0\",\"parentId\":\"0\",\"locked\":\"0\",\"maxCoursePrice\":\"0.00\",\"minCoursePrice\":\"0.00\",\"teacherIds\":[\"2\"],\"creator\":\"2\",\"createdTime\":\"1560214412\",\"updatedTime\":\"1560214412\",\"defaultCourseId\":\"13\"}', '127.0.0.1', 'Chrome(72.0.3626.119)', 'Linux', 'computer', 'Mozilla/5.0 (X11; Linux x86_64) AppleWebKit/537.36 (KHTML, like Gecko) Chrome/72.0.3626.119 Safari/537.36', 1560214412, 'info'),
(454, 2, 'course', 'add_task', '添加学习任务', '{\"id\":\"30\",\"courseId\":\"12\",\"seq\":\"1\",\"categoryId\":\"32\",\"activityId\":\"30\",\"title\":\"jfshfjsfjks\",\"isFree\":\"0\",\"isOptional\":\"0\",\"startTime\":\"0\",\"endTime\":\"0\",\"mode\":\"lesson\",\"status\":\"create\",\"number\":\"\",\"type\":\"testpaper\",\"mediaSource\":\"\",\"maxOnlineNum\":\"0\",\"fromCourseSetId\":\"12\",\"length\":\"0\",\"copyId\":\"0\",\"createdUserId\":\"2\",\"createdTime\":\"1560215935\",\"updatedTime\":\"1560215935\"}', '127.0.0.1', 'Chrome(72.0.3626.119)', 'Linux', 'computer', 'Mozilla/5.0 (X11; Linux x86_64) AppleWebKit/537.36 (KHTML, like Gecko) Chrome/72.0.3626.119 Safari/537.36', 1560215935, 'info'),
(455, 2, 'course', 'create_lesson', '创建考试', '[{\"id\":\"32\",\"courseId\":\"12\",\"type\":\"lesson\",\"number\":\"1\",\"seq\":\"1\",\"title\":\"jfshfjsfjks\",\"createdTime\":\"1560215935\",\"updatedTime\":\"1560215935\",\"copyId\":\"0\",\"status\":\"created\",\"isOptional\":\"0\"},{\"id\":\"30\",\"courseId\":\"12\",\"seq\":\"1\",\"categoryId\":\"32\",\"activityId\":\"30\",\"title\":\"jfshfjsfjks\",\"isFree\":\"0\",\"isOptional\":\"0\",\"startTime\":\"0\",\"endTime\":\"0\",\"mode\":\"lesson\",\"status\":\"create\",\"number\":\"\",\"type\":\"testpaper\",\"mediaSource\":\"\",\"maxOnlineNum\":\"0\",\"fromCourseSetId\":\"12\",\"length\":\"0\",\"copyId\":\"0\",\"createdUserId\":\"2\",\"createdTime\":\"1560215935\",\"updatedTime\":\"1560215935\"}]', '127.0.0.1', 'Chrome(72.0.3626.119)', 'Linux', 'computer', 'Mozilla/5.0 (X11; Linux x86_64) AppleWebKit/537.36 (KHTML, like Gecko) Chrome/72.0.3626.119 Safari/537.36', 1560215935, 'info'),
(456, 2, 'course', 'delete_lesson', '删除考试', '{\"id\":\"32\",\"courseId\":\"12\",\"type\":\"lesson\",\"number\":\"1\",\"seq\":\"1\",\"title\":\"jfshfjsfjks\",\"createdTime\":\"1560215935\",\"updatedTime\":\"1560215935\",\"copyId\":\"0\",\"status\":\"created\",\"isOptional\":\"0\"}', '127.0.0.1', 'Chrome(72.0.3626.119)', 'Linux', 'computer', 'Mozilla/5.0 (X11; Linux x86_64) AppleWebKit/537.36 (KHTML, like Gecko) Chrome/72.0.3626.119 Safari/537.36', 1560215951, 'info'),
(457, 2, 'course', 'add_task', '添加学习任务', '{\"id\":\"31\",\"courseId\":\"12\",\"seq\":\"1\",\"categoryId\":\"33\",\"activityId\":\"31\",\"title\":\"ffyghkhkgkhkhk\",\"isFree\":\"0\",\"isOptional\":\"0\",\"startTime\":\"0\",\"endTime\":\"0\",\"mode\":\"lesson\",\"status\":\"create\",\"number\":\"\",\"type\":\"testpaper\",\"mediaSource\":\"\",\"maxOnlineNum\":\"0\",\"fromCourseSetId\":\"12\",\"length\":\"0\",\"copyId\":\"0\",\"createdUserId\":\"2\",\"createdTime\":\"1560216000\",\"updatedTime\":\"1560216000\"}', '127.0.0.1', 'Chrome(72.0.3626.119)', 'Linux', 'computer', 'Mozilla/5.0 (X11; Linux x86_64) AppleWebKit/537.36 (KHTML, like Gecko) Chrome/72.0.3626.119 Safari/537.36', 1560216000, 'info'),
(458, 2, 'course', 'create_lesson', '创建考试', '[{\"id\":\"33\",\"courseId\":\"12\",\"type\":\"lesson\",\"number\":\"1\",\"seq\":\"1\",\"title\":\"ffyghkhkgkhkhk\",\"createdTime\":\"1560216000\",\"updatedTime\":\"1560216000\",\"copyId\":\"0\",\"status\":\"created\",\"isOptional\":\"0\"},{\"id\":\"31\",\"courseId\":\"12\",\"seq\":\"1\",\"categoryId\":\"33\",\"activityId\":\"31\",\"title\":\"ffyghkhkgkhkhk\",\"isFree\":\"0\",\"isOptional\":\"0\",\"startTime\":\"0\",\"endTime\":\"0\",\"mode\":\"lesson\",\"status\":\"create\",\"number\":\"\",\"type\":\"testpaper\",\"mediaSource\":\"\",\"maxOnlineNum\":\"0\",\"fromCourseSetId\":\"12\",\"length\":\"0\",\"copyId\":\"0\",\"createdUserId\":\"2\",\"createdTime\":\"1560216000\",\"updatedTime\":\"1560216000\"}]', '127.0.0.1', 'Chrome(72.0.3626.119)', 'Linux', 'computer', 'Mozilla/5.0 (X11; Linux x86_64) AppleWebKit/537.36 (KHTML, like Gecko) Chrome/72.0.3626.119 Safari/537.36', 1560216000, 'info');

-- --------------------------------------------------------

--
-- 表的结构 `member_operation_record`
--

CREATE TABLE `member_operation_record` (
  `id` int(11) UNSIGNED NOT NULL,
  `title` varchar(1024) NOT NULL DEFAULT '' COMMENT '标题',
  `member_id` int(10) UNSIGNED NOT NULL COMMENT '成员ID',
  `user_id` int(11) NOT NULL DEFAULT '0' COMMENT '用户Id',
  `member_type` varchar(32) NOT NULL DEFAULT 'student' COMMENT '成员身份',
  `target_id` int(10) UNSIGNED NOT NULL DEFAULT '0' COMMENT '类型ID',
  `parent_id` int(10) NOT NULL DEFAULT '0' COMMENT '班级课程的被复制的计划Id',
  `course_set_id` int(10) NOT NULL DEFAULT '0' COMMENT '课程Id',
  `target_type` varchar(32) NOT NULL DEFAULT '' COMMENT '类型（classroom, course）',
  `operate_type` varchar(32) NOT NULL DEFAULT '' COMMENT '操作类型（join, exit）',
  `exit_course_set` tinyint(1) NOT NULL DEFAULT '0' COMMENT '退出的课程的最后教学计划，算退出课程',
  `join_course_set` tinyint(1) NOT NULL DEFAULT '0' COMMENT '加入的课程的第一个教学计划，算加入课程',
  `operate_time` int(10) UNSIGNED NOT NULL DEFAULT '0' COMMENT '操作时间',
  `operator_id` int(10) UNSIGNED NOT NULL DEFAULT '0' COMMENT '操作用户ID',
  `data` text COMMENT 'extra data',
  `order_id` int(11) NOT NULL DEFAULT '0' COMMENT '订单ID',
  `refund_id` int(11) NOT NULL DEFAULT '0' COMMENT '退款ID',
  `reason` varchar(256) NOT NULL DEFAULT '' COMMENT '加入理由或退出理由',
  `reason_type` varchar(255) NOT NULL DEFAULT '' COMMENT '用户退出或加入的类型：refund, remove, exit',
  `created_time` int(10) UNSIGNED NOT NULL DEFAULT '0'
) ENGINE=InnoDB DEFAULT CHARSET=utf8;

--
-- 转存表中的数据 `member_operation_record`
--

INSERT INTO `member_operation_record` (`id`, `title`, `member_id`, `user_id`, `member_type`, `target_id`, `parent_id`, `course_set_id`, `target_type`, `operate_type`, `exit_course_set`, `join_course_set`, `operate_time`, `operator_id`, `data`, `order_id`, `refund_id`, `reason`, `reason_type`, `created_time`) VALUES
(1, '', 2, 3, 'student', 1, 0, 1, 'course', 'join', 0, 1, 1557628892, 3, '{\"member\":{\"id\":\"2\",\"courseId\":\"1\",\"classroomId\":\"0\",\"joinedType\":\"course\",\"userId\":\"3\",\"orderId\":\"0\",\"deadline\":\"0\",\"refundDeadline\":\"1558492892\",\"levelId\":\"0\",\"learnedNum\":\"0\",\"learnedCompulsoryTaskNum\":\"0\",\"credit\":\"0\",\"noteNum\":\"0\",\"noteLastUpdateTime\":\"0\",\"isLearned\":\"0\",\"finishedTime\":\"0\",\"seq\":\"0\",\"remark\":\"\",\"isVisible\":\"1\",\"role\":\"student\",\"locked\":\"0\",\"deadlineNotified\":\"0\",\"createdTime\":\"1557628892\",\"lastLearnTime\":null,\"updatedTime\":\"1557628892\",\"lastViewTime\":\"0\",\"courseSetId\":\"1\"}}', 0, 0, 'site.join_by_free', 'free_join', 1557628892),
(2, '计算机班级1', 2, 3, 'student', 1, 0, 0, 'classroom', 'join', 0, 0, 1557632641, 2, '{\"member\":{\"id\":\"2\",\"classroomId\":\"1\",\"userId\":\"3\",\"orderId\":\"0\",\"levelId\":\"0\",\"noteNum\":\"0\",\"threadNum\":\"0\",\"locked\":\"0\",\"remark\":\"\\u7ba1\\u7406\\u5458\\u6dfb\\u52a0\",\"role\":[\"student\"],\"createdTime\":\"1557632641\",\"lastLearnTime\":null,\"learnedNum\":null,\"updatedTime\":\"1557632641\",\"deadline\":\"0\",\"refundDeadline\":\"1558496641\",\"deadlineNotified\":\"0\"}}', 0, 0, 'site.join_by_free', 'free_join', 1557632641),
(3, '', 4, 3, 'student', 2, 1, 2, 'course', 'join', 0, 1, 1557632641, 2, '{\"member\":{\"id\":\"4\",\"courseId\":\"2\",\"classroomId\":\"1\",\"joinedType\":\"classroom\",\"userId\":\"3\",\"orderId\":\"0\",\"deadline\":\"0\",\"refundDeadline\":\"0\",\"levelId\":\"0\",\"learnedNum\":\"0\",\"learnedCompulsoryTaskNum\":\"0\",\"credit\":\"0\",\"noteNum\":\"0\",\"noteLastUpdateTime\":\"0\",\"isLearned\":\"0\",\"finishedTime\":\"0\",\"seq\":\"0\",\"remark\":\"\\u7ba1\\u7406\\u5458\\u6dfb\\u52a0\",\"isVisible\":\"1\",\"role\":\"student\",\"locked\":\"0\",\"deadlineNotified\":\"0\",\"createdTime\":\"1557632641\",\"lastLearnTime\":null,\"updatedTime\":\"1557632641\",\"lastViewTime\":\"0\",\"courseSetId\":\"2\"}}', 0, 0, 'course.member.operation.reason.join_classroom', 'classroom_join', 1557632641),
(4, '', 6, 3, 'student', 3, 0, 3, 'course', 'join', 0, 1, 1557994560, 2, '{\"member\":{\"id\":\"6\",\"courseId\":\"3\",\"classroomId\":\"0\",\"joinedType\":\"course\",\"userId\":\"3\",\"orderId\":\"0\",\"deadline\":\"0\",\"refundDeadline\":\"1558858560\",\"levelId\":\"0\",\"learnedNum\":\"0\",\"learnedCompulsoryTaskNum\":\"0\",\"credit\":\"0\",\"noteNum\":\"0\",\"noteLastUpdateTime\":\"0\",\"isLearned\":\"0\",\"finishedTime\":\"0\",\"seq\":\"0\",\"remark\":\"\\u6d4b\\u8bd5\\u7ba1\\u7406\\u5458\\u6dfb\\u52a0\",\"isVisible\":\"1\",\"role\":\"student\",\"locked\":\"0\",\"deadlineNotified\":\"0\",\"createdTime\":\"1557994560\",\"lastLearnTime\":null,\"updatedTime\":\"1557994560\",\"lastViewTime\":\"0\",\"courseSetId\":\"3\"}}', 0, 0, 'site.join_by_import', 'import_join', 1557994560),
(5, '', 17, 4, 'student', 3, 0, 3, 'course', 'join', 0, 1, 1558515253, 2, '{\"member\":{\"id\":\"17\",\"courseId\":\"3\",\"classroomId\":\"0\",\"joinedType\":\"course\",\"userId\":\"4\",\"orderId\":\"0\",\"deadline\":\"0\",\"refundDeadline\":\"1559379253\",\"levelId\":\"0\",\"learnedNum\":\"0\",\"learnedCompulsoryTaskNum\":\"0\",\"credit\":\"0\",\"noteNum\":\"0\",\"noteLastUpdateTime\":\"0\",\"isLearned\":\"0\",\"finishedTime\":\"0\",\"seq\":\"0\",\"remark\":\"\\u6d4b\\u8bd5\\u7ba1\\u7406\\u5458\\u6dfb\\u52a0\",\"isVisible\":\"1\",\"role\":\"student\",\"locked\":\"0\",\"deadlineNotified\":\"0\",\"createdTime\":\"1558515253\",\"lastLearnTime\":null,\"updatedTime\":\"1558515253\",\"lastViewTime\":\"0\",\"courseSetId\":\"3\"}}', 0, 0, 'site.join_by_import', 'import_join', 1558515253),
(6, '', 20, 3, 'student', 9, 0, 9, 'course', 'join', 0, 1, 1559446745, 2, '{\"member\":{\"id\":\"20\",\"courseId\":\"9\",\"classroomId\":\"0\",\"joinedType\":\"course\",\"userId\":\"3\",\"orderId\":\"0\",\"deadline\":\"0\",\"refundDeadline\":\"1560310745\",\"levelId\":\"0\",\"learnedNum\":\"0\",\"learnedCompulsoryTaskNum\":\"0\",\"credit\":\"0\",\"noteNum\":\"0\",\"noteLastUpdateTime\":\"0\",\"isLearned\":\"0\",\"finishedTime\":\"0\",\"seq\":\"0\",\"remark\":\"\\u6d4b\\u8bd5\\u7ba1\\u7406\\u5458\\u6dfb\\u52a0\",\"isVisible\":\"1\",\"role\":\"student\",\"locked\":\"0\",\"deadlineNotified\":\"0\",\"createdTime\":\"1559446745\",\"lastLearnTime\":null,\"updatedTime\":\"1559446745\",\"lastViewTime\":\"0\",\"courseSetId\":\"9\"}}', 0, 0, 'site.join_by_import', 'import_join', 1559446745),
(7, '', 20, 3, 'student', 9, 0, 9, 'course', 'exit', 1, 0, 1559804977, 2, '{\"member\":{\"id\":\"20\",\"courseId\":\"9\",\"classroomId\":\"0\",\"joinedType\":\"course\",\"userId\":\"3\",\"orderId\":\"0\",\"deadline\":\"0\",\"refundDeadline\":\"1560310745\",\"levelId\":\"0\",\"learnedNum\":\"0\",\"learnedCompulsoryTaskNum\":\"0\",\"credit\":\"0\",\"noteNum\":\"0\",\"noteLastUpdateTime\":\"1559446745\",\"isLearned\":\"0\",\"finishedTime\":\"0\",\"seq\":\"0\",\"remark\":\"\\u6d4b\\u8bd5\\u7ba1\\u7406\\u5458\\u6dfb\\u52a0\",\"isVisible\":\"1\",\"role\":\"student\",\"locked\":\"0\",\"deadlineNotified\":\"0\",\"createdTime\":\"1559446745\",\"lastLearnTime\":null,\"updatedTime\":\"1559462552\",\"lastViewTime\":\"1559462552\",\"courseSetId\":\"9\"}}', 0, 0, 'course.member.operation.admin_remove_course_student', 'remove', 1559804977),
(8, '', 21, 3, 'student', 9, 0, 9, 'course', 'join', 0, 1, 1559804993, 2, '{\"member\":{\"id\":\"21\",\"courseId\":\"9\",\"classroomId\":\"0\",\"joinedType\":\"course\",\"userId\":\"3\",\"orderId\":\"0\",\"deadline\":\"0\",\"refundDeadline\":\"1560668993\",\"levelId\":\"0\",\"learnedNum\":\"0\",\"learnedCompulsoryTaskNum\":\"0\",\"credit\":\"0\",\"noteNum\":\"0\",\"noteLastUpdateTime\":\"0\",\"isLearned\":\"0\",\"finishedTime\":\"0\",\"seq\":\"0\",\"remark\":\"\\u6d4b\\u8bd5\\u7ba1\\u7406\\u5458\\u6dfb\\u52a0\",\"isVisible\":\"1\",\"role\":\"student\",\"locked\":\"0\",\"deadlineNotified\":\"0\",\"createdTime\":\"1559804993\",\"lastLearnTime\":null,\"updatedTime\":\"1559804993\",\"lastViewTime\":\"0\",\"courseSetId\":\"9\"}}', 0, 0, 'site.join_by_import', 'import_join', 1559804993),
(10, '', 23, 4, 'student', 9, 0, 9, 'course', 'join', 0, 1, 1559991847, 2, '{\"member\":{\"id\":\"23\",\"courseId\":\"9\",\"classroomId\":\"0\",\"joinedType\":\"course\",\"userId\":\"4\",\"orderId\":\"0\",\"deadline\":\"0\",\"refundDeadline\":\"1560855847\",\"levelId\":\"0\",\"learnedNum\":\"0\",\"learnedCompulsoryTaskNum\":\"0\",\"credit\":\"0\",\"noteNum\":\"0\",\"noteLastUpdateTime\":\"0\",\"isLearned\":\"0\",\"finishedTime\":\"0\",\"seq\":\"0\",\"remark\":\"\\u6d4b\\u8bd5\\u7ba1\\u7406\\u5458\\u6dfb\\u52a0\",\"isVisible\":\"1\",\"role\":\"student\",\"locked\":\"0\",\"deadlineNotified\":\"0\",\"createdTime\":\"1559991847\",\"lastLearnTime\":null,\"updatedTime\":\"1559991847\",\"lastViewTime\":\"0\",\"courseSetId\":\"9\"}}', 0, 0, 'site.join_by_import', 'import_join', 1559991847),
(11, '', 23, 4, 'student', 9, 0, 9, 'course', 'exit', 1, 0, 1559991863, 2, '{\"member\":{\"id\":\"23\",\"courseId\":\"9\",\"classroomId\":\"0\",\"joinedType\":\"course\",\"userId\":\"4\",\"orderId\":\"0\",\"deadline\":\"0\",\"refundDeadline\":\"1560855847\",\"levelId\":\"0\",\"learnedNum\":\"0\",\"learnedCompulsoryTaskNum\":\"0\",\"credit\":\"0\",\"noteNum\":\"0\",\"noteLastUpdateTime\":\"1559991847\",\"isLearned\":\"0\",\"finishedTime\":\"0\",\"seq\":\"0\",\"remark\":\"\\u6d4b\\u8bd5\\u7ba1\\u7406\\u5458\\u6dfb\\u52a0\",\"isVisible\":\"1\",\"role\":\"student\",\"locked\":\"0\",\"deadlineNotified\":\"0\",\"createdTime\":\"1559991847\",\"lastLearnTime\":null,\"updatedTime\":\"1559991847\",\"lastViewTime\":\"0\",\"courseSetId\":\"9\"}}', 0, 0, 'course.member.operation.admin_remove_course_student', 'remove', 1559991863),
(15, '', 47, 3, 'student', 12, 0, 12, 'course', 'join', 0, 1, 1560213675, 2, '{\"member\":{\"id\":\"47\",\"courseId\":\"12\",\"classroomId\":\"0\",\"joinedType\":\"course\",\"userId\":\"3\",\"orderId\":\"0\",\"deadline\":\"0\",\"refundDeadline\":\"1561077675\",\"levelId\":\"0\",\"learnedNum\":\"0\",\"learnedCompulsoryTaskNum\":\"0\",\"credit\":\"0\",\"noteNum\":\"0\",\"noteLastUpdateTime\":\"0\",\"isLearned\":\"0\",\"finishedTime\":\"0\",\"seq\":\"0\",\"remark\":\"\",\"isVisible\":\"1\",\"role\":\"student\",\"locked\":\"0\",\"deadlineNotified\":\"0\",\"createdTime\":\"1560213675\",\"lastLearnTime\":null,\"updatedTime\":\"1560213675\",\"lastViewTime\":\"0\",\"courseSetId\":\"12\"}}', 0, 0, 'site.join_by_import', 'import_join', 1560213675);

-- --------------------------------------------------------

--
-- 表的结构 `migrations`
--

CREATE TABLE `migrations` (
  `version` varchar(255) COLLATE utf8_unicode_ci NOT NULL
) ENGINE=InnoDB DEFAULT CHARSET=utf8 COLLATE=utf8_unicode_ci;

--
-- 转存表中的数据 `migrations`
--

INSERT INTO `migrations` (`version`) VALUES
('20161014163431'),
('20161017114325'),
('20161017154132'),
('20161018133129'),
('20161018133136'),
('20161018134458'),
('20161024105737'),
('20161028104548'),
('20161031155758'),
('20161101142204'),
('20161101161103'),
('20161102153238'),
('20161102165249'),
('20161103150349'),
('20161103153846'),
('20161104104223'),
('20161107094305'),
('20161107145730'),
('20161110164619'),
('20161115103556'),
('20161117163912'),
('20161118004343'),
('20161121114926'),
('20161121114931'),
('20161122155313'),
('20161122170800'),
('20161128112037'),
('20161128112052'),
('20161128112114'),
('20161130135057'),
('20161130153312'),
('20161209161758'),
('20161212115331'),
('20161212140125'),
('20161213205946'),
('20161220102245'),
('20161220163102'),
('20161223113814'),
('20161223151620'),
('20161224134523'),
('20161228164828'),
('20161228170932'),
('20170109115303'),
('20170110140333'),
('20170110161344'),
('20170119110850'),
('20170119113943'),
('20170120115917'),
('20170121172602'),
('20170215150253'),
('20170215153721'),
('20170222094317'),
('20170222110832'),
('20170223120217'),
('20170228102541'),
('20170307103940'),
('20170307201552'),
('20170308101240'),
('20170310103856'),
('20170310141829'),
('20170310165745'),
('20170311145159'),
('20170311175150'),
('20170316174755'),
('20170325135014'),
('20170328171233'),
('20170329105055'),
('20170329115500'),
('20170329151403'),
('20170330212902'),
('20170331110219'),
('20170406100805'),
('20170406113612'),
('20170407110606'),
('20170410192318'),
('20170411233730'),
('20170413105243'),
('20170417201930'),
('20170419155230'),
('20170420172713'),
('20170523162603'),
('20170524195846'),
('20170531163658'),
('20170601185953'),
('20170612093936'),
('20170612100238'),
('20170612100350'),
('20170615161050'),
('20170615161337'),
('20170620101345'),
('20170628165210'),
('20170629144413'),
('20170629171214'),
('20170630114256'),
('20170719102333'),
('20170719164931'),
('20170719201815'),
('20170811061121'),
('20170830142020'),
('20170902211028'),
('20170904161832'),
('20170907075659'),
('20170907114815'),
('20170911032520'),
('20170912185627'),
('20170914111103'),
('20170914111104'),
('20170914111124'),
('20170914111132'),
('20170922094120'),
('20170924083814'),
('20170925093439'),
('20170925093454'),
('20170925093510'),
('20170926031641'),
('20170926151841'),
('20170927165412'),
('20170927165423'),
('20170927192147'),
('20171018181850'),
('20171019094233'),
('20171019105135'),
('20171019113743'),
('20171019170734'),
('20171023052504'),
('20171023053102'),
('20171023071915'),
('20171030112529'),
('20171101144735'),
('20171106105109'),
('20171107093929'),
('20171114135238'),
('20171114135543'),
('20171121152205'),
('20171122100139'),
('20171122112618'),
('20171123152823'),
('20171130104921'),
('20171205094505'),
('20171205135216'),
('20171205150037'),
('20171213144347'),
('20171220103932'),
('20171221110956'),
('20171228203325'),
('20180104104739'),
('20180109102802'),
('20180109161018'),
('20180111143824'),
('20180115172114'),
('20180118020639'),
('20180118100055'),
('20180123152048'),
('20180123152319'),
('20180131033241'),
('20180131033242'),
('20180131112945'),
('20180131164609'),
('20180203112203'),
('20180206163424'),
('20180208021443'),
('20180208170252'),
('20180305101118'),
('20180312171356'),
('20180313114927'),
('20180314085958'),
('20180314111837'),
('20180320140329'),
('20180321092901'),
('20180322154537'),
('20180323101015'),
('20180403175513'),
('20180410113353'),
('20180410160034'),
('20180411033527'),
('20180418134139'),
('20180418140634'),
('20180418145532'),
('20180418145542'),
('20180418145543'),
('20180418145652'),
('20180418145655'),
('20180425110029'),
('20180503135309'),
('20180503145913'),
('20180504111332'),
('20180607150506'),
('20180612084757'),
('20180711142325'),
('20180724165425'),
('20180807180516'),
('20180821101333'),
('20180904102334'),
('20180904110455'),
('20180904112006'),
('20180917104653'),
('20180917143715'),
('20180918105106'),
('20181211200913');

-- --------------------------------------------------------

--
-- 表的结构 `migration_versions`
--

CREATE TABLE `migration_versions` (
  `version` varchar(255) COLLATE utf8_unicode_ci NOT NULL
) ENGINE=InnoDB DEFAULT CHARSET=utf8 COLLATE=utf8_unicode_ci;

-- --------------------------------------------------------

--
-- 表的结构 `navigation`
--

CREATE TABLE `navigation` (
  `id` int(11) UNSIGNED NOT NULL COMMENT '导航ID',
  `name` varchar(255) NOT NULL COMMENT '导航名称',
  `url` varchar(300) NOT NULL COMMENT '链接地址',
  `sequence` tinyint(4) UNSIGNED NOT NULL COMMENT '显示顺序',
  `parentId` int(10) UNSIGNED NOT NULL DEFAULT '0' COMMENT '父导航ID',
  `createdTime` int(11) NOT NULL COMMENT '创建时间',
  `updateTime` int(10) UNSIGNED NOT NULL DEFAULT '0' COMMENT '最后更新时间',
  `type` varchar(30) NOT NULL COMMENT '类型',
  `isOpen` tinyint(2) NOT NULL DEFAULT '1' COMMENT '默认1，为开启',
  `isNewWin` tinyint(2) NOT NULL DEFAULT '1' COMMENT '默认为1,另开窗口',
  `orgId` int(10) UNSIGNED NOT NULL DEFAULT '1' COMMENT '组织机构ID',
  `orgCode` varchar(255) NOT NULL DEFAULT '1.' COMMENT '组织机构内部编码'
) ENGINE=InnoDB DEFAULT CHARSET=utf8 COMMENT='导航数据表';

-- --------------------------------------------------------

--
-- 表的结构 `notification`
--

CREATE TABLE `notification` (
  `id` int(10) UNSIGNED NOT NULL COMMENT '通知ID',
  `userId` int(10) UNSIGNED NOT NULL COMMENT '被通知的用户ID',
  `type` varchar(64) NOT NULL DEFAULT 'default' COMMENT '通知类型',
  `content` text COMMENT '通知内容',
  `batchId` int(10) NOT NULL DEFAULT '0' COMMENT '群发通知表中的ID',
  `createdTime` int(10) UNSIGNED NOT NULL COMMENT '通知时间',
  `isRead` tinyint(1) NOT NULL DEFAULT '0' COMMENT '是否已读'
) ENGINE=InnoDB DEFAULT CHARSET=utf8;

--
-- 转存表中的数据 `notification`
--

INSERT INTO `notification` (`id`, `userId`, `type`, `content`, `batchId`, `createdTime`, `isRead`) VALUES
(1, 3, 'classroom-student', '{\"classroomId\":\"1\",\"classroomTitle\":\"\\u8ba1\\u7b97\\u673a\\u73ed\\u7ea71\",\"userId\":\"2\",\"userName\":\"\\u6d4b\\u8bd5\\u7ba1\\u7406\\u5458\",\"type\":\"create\"}', 0, 1557632641, 0),
(2, 2, 'test-paper', '{\"id\":\"4\",\"courseId\":\"3\",\"name\":\"\\u8ba1\\u7b97\\u673a\\u7f51\\u7edc2019\\u671f\\u672b\\u8003\\u8bd5\",\"userId\":\"3\",\"userName\":\"11111\",\"testpaperType\":\"testpaper\",\"type\":\"perusal\"}', 0, 1557994682, 0),
(3, 3, 'test-paper', '{\"id\":\"4\",\"courseId\":\"3\",\"name\":\"\\u8ba1\\u7b97\\u673a\\u7f51\\u7edc2019\\u671f\\u672b\\u8003\\u8bd5\",\"userId\":\"2\",\"userName\":\"\\u6d4b\\u8bd5\\u7ba1\\u7406\\u5458\",\"type\":\"read\",\"testpaperType\":\"testpaper\"}', 0, 1557994806, 0),
(4, 2, 'test-paper', '{\"id\":\"5\",\"courseId\":\"3\",\"name\":\"\\u8ba1\\u7b97\\u673a\\u7f51\\u7edc2019\\u671f\\u672b\\u8003\\u8bd5\",\"userId\":\"3\",\"userName\":\"11111\",\"testpaperType\":\"testpaper\",\"type\":\"perusal\"}', 0, 1558080171, 0),
(5, 3, 'test-paper', '{\"id\":\"5\",\"courseId\":\"3\",\"name\":\"\\u8ba1\\u7b97\\u673a\\u7f51\\u7edc2019\\u671f\\u672b\\u8003\\u8bd5\",\"userId\":\"2\",\"userName\":\"\\u6d4b\\u8bd5\\u7ba1\\u7406\\u5458\",\"type\":\"read\",\"testpaperType\":\"testpaper\"}', 0, 1558080305, 0),
(6, 2, 'test-paper', '{\"id\":\"6\",\"courseId\":\"3\",\"name\":\"\\u8ba1\\u7b97\\u673a\\u7f51\\u7edc2019\\u671f\\u672b\\u8003\\u8bd5\",\"userId\":\"3\",\"userName\":\"11111\",\"testpaperType\":\"testpaper\",\"type\":\"perusal\"}', 0, 1558169984, 0),
(7, 2, 'test-paper', '{\"id\":\"7\",\"courseId\":\"3\",\"name\":\"\\u8ba1\\u7b97\\u673a\\u7f51\\u7edc2019\\u671f\\u672b\\u8003\\u8bd5\",\"userId\":\"3\",\"userName\":\"11111\",\"testpaperType\":\"testpaper\",\"type\":\"perusal\"}', 0, 1558178703, 0),
(8, 3, 'test-paper', '{\"id\":\"6\",\"courseId\":\"3\",\"name\":\"\\u8ba1\\u7b97\\u673a\\u7f51\\u7edc2019\\u671f\\u672b\\u8003\\u8bd5\",\"userId\":\"2\",\"userName\":\"\\u6d4b\\u8bd5\\u7ba1\\u7406\\u5458\",\"type\":\"read\",\"testpaperType\":\"testpaper\"}', 0, 1558179025, 0),
(9, 3, 'test-paper', '{\"id\":\"7\",\"courseId\":\"3\",\"name\":\"\\u8ba1\\u7b97\\u673a\\u7f51\\u7edc2019\\u671f\\u672b\\u8003\\u8bd5\",\"userId\":\"2\",\"userName\":\"\\u6d4b\\u8bd5\\u7ba1\\u7406\\u5458\",\"type\":\"read\",\"testpaperType\":\"testpaper\"}', 0, 1558179031, 0),
(10, 2, 'test-paper', '{\"id\":\"8\",\"courseId\":\"3\",\"name\":\"\\u8ba1\\u7b97\\u673a\\u7f51\\u7edc2019\\u671f\\u672b\\u8003\\u8bd5\",\"userId\":\"3\",\"userName\":\"11111\",\"testpaperType\":\"testpaper\",\"type\":\"perusal\"}', 0, 1558179167, 0),
(11, 3, 'test-paper', '{\"id\":\"8\",\"courseId\":\"3\",\"name\":\"\\u8ba1\\u7b97\\u673a\\u7f51\\u7edc2019\\u671f\\u672b\\u8003\\u8bd5\",\"userId\":\"2\",\"userName\":\"\\u6d4b\\u8bd5\\u7ba1\\u7406\\u5458\",\"type\":\"read\",\"testpaperType\":\"testpaper\"}', 0, 1558179229, 0),
(12, 2, 'test-paper', '{\"id\":\"9\",\"courseId\":\"3\",\"name\":\"\\u8ba1\\u7b97\\u673a\\u7f51\\u7edc2019\\u671f\\u672b\\u8003\\u8bd5\",\"userId\":\"3\",\"userName\":\"11111\",\"testpaperType\":\"testpaper\",\"type\":\"perusal\"}', 0, 1558179442, 0),
(13, 2, 'test-paper', '{\"id\":\"10\",\"courseId\":\"3\",\"name\":\"\\u8ba1\\u7b97\\u673a\\u7f51\\u7edc2019\\u671f\\u672b\\u8003\\u8bd5\",\"userId\":\"3\",\"userName\":\"11111\",\"testpaperType\":\"testpaper\",\"type\":\"perusal\"}', 0, 1558252890, 0),
(14, 2, 'test-paper', '{\"id\":\"11\",\"courseId\":\"3\",\"name\":\"\\u8ba1\\u7b97\\u673a\\u7f51\\u7edc2019\\u671f\\u672b\\u8003\\u8bd5\",\"userId\":\"3\",\"userName\":\"11111\",\"testpaperType\":\"testpaper\",\"type\":\"perusal\"}', 0, 1558335797, 0),
(15, 2, 'test-paper', '{\"id\":\"13\",\"courseId\":\"3\",\"name\":\"\\u8ba1\\u7b97\\u673a\\u7f51\\u7edc2019\\u671f\\u672b\\u8003\\u8bd5\",\"userId\":\"2\",\"userName\":\"\\u6d4b\\u8bd5\\u7ba1\\u7406\\u5458\",\"testpaperType\":\"testpaper\",\"type\":\"perusal\"}', 0, 1558338703, 0),
(16, 3, 'test-paper', '{\"id\":\"9\",\"courseId\":\"3\",\"name\":\"\\u8ba1\\u7b97\\u673a\\u7f51\\u7edc2019\\u671f\\u672b\\u8003\\u8bd5\",\"userId\":\"2\",\"userName\":\"\\u6d4b\\u8bd5\\u7ba1\\u7406\\u5458\",\"type\":\"read\",\"testpaperType\":\"testpaper\"}', 0, 1558343025, 0),
(17, 3, 'test-paper', '{\"id\":\"10\",\"courseId\":\"3\",\"name\":\"\\u8ba1\\u7b97\\u673a\\u7f51\\u7edc2019\\u671f\\u672b\\u8003\\u8bd5\",\"userId\":\"2\",\"userName\":\"\\u6d4b\\u8bd5\\u7ba1\\u7406\\u5458\",\"type\":\"read\",\"testpaperType\":\"testpaper\"}', 0, 1558350929, 0),
(18, 3, 'test-paper', '{\"id\":\"11\",\"courseId\":\"3\",\"name\":\"\\u8ba1\\u7b97\\u673a\\u7f51\\u7edc2019\\u671f\\u672b\\u8003\\u8bd5\",\"userId\":\"2\",\"userName\":\"\\u6d4b\\u8bd5\\u7ba1\\u7406\\u5458\",\"type\":\"read\",\"testpaperType\":\"testpaper\"}', 0, 1558351472, 0),
(19, 2, 'test-paper', '{\"id\":\"13\",\"courseId\":\"3\",\"name\":\"\\u8ba1\\u7b97\\u673a\\u7f51\\u7edc2019\\u671f\\u672b\\u8003\\u8bd5\",\"userId\":\"2\",\"userName\":\"\\u6d4b\\u8bd5\\u7ba1\\u7406\\u5458\",\"type\":\"read\",\"testpaperType\":\"testpaper\"}', 0, 1558351935, 0),
(20, 2, 'test-paper', '{\"id\":\"14\",\"courseId\":\"3\",\"name\":\"\\u8ba1\\u7b97\\u673a\\u7f51\\u7edc2019\\u671f\\u672b\\u8003\\u8bd5\",\"userId\":\"2\",\"userName\":\"\\u6d4b\\u8bd5\\u7ba1\\u7406\\u5458\",\"testpaperType\":\"testpaper\",\"type\":\"perusal\"}', 0, 1558355490, 0),
(21, 2, 'test-paper', '{\"id\":\"14\",\"courseId\":\"3\",\"name\":\"\\u8ba1\\u7b97\\u673a\\u7f51\\u7edc2019\\u671f\\u672b\\u8003\\u8bd5\",\"userId\":\"2\",\"userName\":\"\\u6d4b\\u8bd5\\u7ba1\\u7406\\u5458\",\"type\":\"read\",\"testpaperType\":\"testpaper\"}', 0, 1558356807, 0),
(22, 2, 'test-paper', '{\"id\":\"15\",\"courseId\":\"3\",\"name\":\"\\u8ba1\\u7b97\\u673a\\u7f51\\u7edc2019\\u671f\\u672b\\u8003\\u8bd5\",\"userId\":\"4\",\"userName\":\"22222\",\"testpaperType\":\"testpaper\",\"type\":\"perusal\"}', 0, 1558515392, 0),
(23, 2, 'test-paper', '{\"id\":\"16\",\"courseId\":\"3\",\"name\":\"\\u8ba1\\u7b97\\u673a\\u7f51\\u7edc2019\\u671f\\u672b\\u8003\\u8bd5\",\"userId\":\"4\",\"userName\":\"22222\",\"testpaperType\":\"testpaper\",\"type\":\"perusal\"}', 0, 1558515574, 0),
(24, 2, 'test-paper', '{\"id\":\"17\",\"courseId\":\"4\",\"name\":\"\\u8ba1\\u7b97\\u673a\\u7f51\\u7edc2019\\u671f\\u672b\\u8003\\u8bd5\",\"userId\":\"3\",\"userName\":\"11111\",\"testpaperType\":\"testpaper\",\"type\":\"perusal\"}', 0, 1558785225, 0),
(25, 4, 'test-paper', '{\"id\":\"15\",\"courseId\":\"3\",\"name\":\"\\u8ba1\\u7b97\\u673a\\u7f51\\u7edc2019\\u671f\\u672b\\u8003\\u8bd5\",\"userId\":\"2\",\"userName\":\"\\u6d4b\\u8bd5\\u7ba1\\u7406\\u5458\",\"type\":\"read\",\"testpaperType\":\"testpaper\"}', 0, 1558787828, 0),
(26, 4, 'test-paper', '{\"id\":\"16\",\"courseId\":\"3\",\"name\":\"\\u8ba1\\u7b97\\u673a\\u7f51\\u7edc2019\\u671f\\u672b\\u8003\\u8bd5\",\"userId\":\"2\",\"userName\":\"\\u6d4b\\u8bd5\\u7ba1\\u7406\\u5458\",\"type\":\"read\",\"testpaperType\":\"testpaper\"}', 0, 1558789169, 0),
(27, 3, 'test-paper', '{\"id\":\"17\",\"courseId\":\"4\",\"name\":\"\\u8ba1\\u7b97\\u673a\\u7f51\\u7edc2019\\u671f\\u672b\\u8003\\u8bd5\",\"userId\":\"2\",\"userName\":\"\\u6d4b\\u8bd5\\u7ba1\\u7406\\u5458\",\"type\":\"read\",\"testpaperType\":\"testpaper\"}', 0, 1558856940, 0),
(28, 2, 'test-paper', '{\"id\":\"18\",\"courseId\":\"4\",\"name\":\"\\u8ba1\\u7b97\\u673a\\u7f51\\u7edc2019\\u671f\\u672b\\u8003\\u8bd5\",\"userId\":\"3\",\"userName\":\"11111\",\"testpaperType\":\"testpaper\",\"type\":\"perusal\"}', 0, 1558857288, 0),
(29, 3, 'test-paper', '{\"id\":\"18\",\"courseId\":\"4\",\"name\":\"\\u8ba1\\u7b97\\u673a\\u7f51\\u7edc2019\\u671f\\u672b\\u8003\\u8bd5\",\"userId\":\"2\",\"userName\":\"\\u6d4b\\u8bd5\\u7ba1\\u7406\\u5458\",\"type\":\"read\",\"testpaperType\":\"testpaper\"}', 0, 1558857334, 0),
(30, 3, 'role', '{\"userId\":\"2\",\"userName\":\"\\u6d4b\\u8bd5\\u7ba1\\u7406\\u5458\",\"role\":\"\\u5b66\\u5458,\\u8d85\\u7ea7\\u7ba1\\u7406\\u5458\"}', 0, 1558859571, 0),
(31, 3, 'role', '{\"userId\":\"2\",\"userName\":\"\\u6d4b\\u8bd5\\u7ba1\\u7406\\u5458\",\"role\":\"\\u5b66\\u5458\"}', 0, 1558872547, 0),
(32, 2, 'test-paper', '{\"id\":\"19\",\"courseId\":\"4\",\"name\":\"\\u8ba1\\u7b97\\u673a\\u7f51\\u7edc2019\\u671f\\u672b\\u8003\\u8bd5\",\"userId\":\"3\",\"userName\":\"11111\",\"testpaperType\":\"testpaper\",\"type\":\"perusal\"}', 0, 1558953541, 0),
(33, 2, 'test-paper', '{\"id\":\"23\",\"courseId\":\"9\",\"name\":\"2019\\u5e74\\u836f\\u5b66\\u8bd5\\u5377\",\"userId\":\"3\",\"userName\":\"11111\",\"testpaperType\":\"testpaper\",\"type\":\"perusal\"}', 0, 1559462642, 0),
(34, 3, 'test-paper', '{\"id\":\"23\",\"courseId\":\"9\",\"name\":\"2019\\u5e74\\u836f\\u5b66\\u8bd5\\u5377\",\"userId\":\"2\",\"userName\":\"\\u6d4b\\u8bd5\\u7ba1\\u7406\\u5458\",\"type\":\"read\",\"testpaperType\":\"testpaper\"}', 0, 1559465117, 0),
(35, 5, 'role', '{\"userId\":\"2\",\"userName\":\"\\u6d4b\\u8bd5\\u7ba1\\u7406\\u5458\",\"role\":\"\\u5b66\\u5458,\\u6559\\u5e08\"}', 0, 1559804960, 0),
(36, 3, 'student-remove', '{\"courseId\":\"9\",\"courseTitle\":\"\\u7cfb\\u7edf\\u5b9e\\u73b0\\u8bfe\\u7a0b1\"}', 0, 1559804977, 0),
(37, 3, 'test-paper', '{\"id\":\"19\",\"courseId\":\"4\",\"name\":\"\\u8ba1\\u7b97\\u673a\\u7f51\\u7edc2019\\u671f\\u672b\\u8003\\u8bd5\",\"userId\":\"2\",\"userName\":\"\\u6d4b\\u8bd5\\u7ba1\\u7406\\u5458\",\"type\":\"read\",\"testpaperType\":\"testpaper\"}', 0, 1559970734, 0),
(38, 4, 'student-remove', '{\"courseId\":\"9\",\"courseTitle\":\"\\u7cfb\\u7edf\\u5b9e\\u73b0\\u8bfe\\u7a0b1\"}', 0, 1559991863, 0);

-- --------------------------------------------------------

--
-- 表的结构 `question`
--

CREATE TABLE `question` (
  `id` int(10) UNSIGNED NOT NULL COMMENT '题目ID',
  `type` varchar(64) NOT NULL DEFAULT '' COMMENT '题目类型',
  `stem` text COMMENT '题干',
  `score` float(10,1) UNSIGNED NOT NULL DEFAULT '0.0' COMMENT '分数',
  `answer` text COMMENT '参考答案',
  `analysis` text COMMENT '解析',
  `metas` text COMMENT '题目元信息',
  `categoryId` int(10) UNSIGNED NOT NULL DEFAULT '0' COMMENT '类别',
  `difficulty` varchar(64) NOT NULL DEFAULT 'normal' COMMENT '难度',
  `target` varchar(255) NOT NULL DEFAULT '' COMMENT '从属于',
  `courseId` int(10) UNSIGNED NOT NULL DEFAULT '0',
  `lessonId` int(10) UNSIGNED NOT NULL DEFAULT '0',
  `parentId` int(10) UNSIGNED DEFAULT '0' COMMENT '材料父ID',
  `subCount` int(10) UNSIGNED NOT NULL DEFAULT '0' COMMENT '子题数量',
  `finishedTimes` int(10) UNSIGNED NOT NULL DEFAULT '0' COMMENT '完成次数',
  `passedTimes` int(10) UNSIGNED NOT NULL DEFAULT '0' COMMENT '成功次数',
  `createdUserId` int(10) UNSIGNED NOT NULL DEFAULT '0',
  `updatedUserId` int(10) UNSIGNED NOT NULL DEFAULT '0',
  `updatedTime` int(10) UNSIGNED NOT NULL DEFAULT '0' COMMENT '更新时间',
  `createdTime` int(10) UNSIGNED NOT NULL DEFAULT '0' COMMENT '创建时间',
  `copyId` int(10) NOT NULL DEFAULT '0' COMMENT '复制问题对应Id',
  `courseSetId` int(10) NOT NULL DEFAULT '0'
) ENGINE=InnoDB DEFAULT CHARSET=utf8 COMMENT='问题表';

--
-- 转存表中的数据 `question`
--

INSERT INTO `question` (`id`, `type`, `stem`, `score`, `answer`, `analysis`, `metas`, `categoryId`, `difficulty`, `target`, `courseId`, `lessonId`, `parentId`, `subCount`, `finishedTimes`, `passedTimes`, `createdUserId`, `updatedUserId`, `updatedTime`, `createdTime`, `copyId`, `courseSetId`) VALUES
(3, 'single_choice', '<p>规划局副角色开放和</p>\r\n', 2.0, '[\"0\"]', '', '{\"choices\":[\"<p>\\u89e3\\u653e\\u6d43\\u9ad3\\u6ca6\\u808c\\u526f\\u53f8\\u4ee4\\u517c\\u8ddd\\u79bb\\u7f29\\u77ed<\\/p>\\r\\n\",\"<p>\\u7684\\u73af\\u5883\\u98ce\\u53e3\\u6d6a\\u5c16\\u4e09\\u5efa\\u7acb\\u4e09\\u7ea7\\u72ec\\u7acb\\u964d\\u843d\\u4f1e<\\/p>\\r\\n\",\"<p>\\u7684\\u98ce\\u4fd7\\u98ce\\u4fd7\\u98ce\\u4fd7<\\/p>\\r\\n\",\"<p>\\u4f5b\\u5bfa\\u9053\\u89c2\\u4e09\\u6cd5\\u53f8\\u516c\\u53f8\\u526f<\\/p>\\r\\n\"]}', 0, 'normal', '', 2, 0, 0, 0, 0, 0, 2, 2, 1557632506, 1557632506, 1, 2),
(4, 'single_choice', '<p>通过过的方法</p>\r\n', 2.0, '[\"0\"]', '', '{\"choices\":[\"<p>&nbsp;\\u53cd\\u5bf9\\u85e9\\u65b9\\u6cd5\\u65af\\u8482\\u82ac<\\/p>\\r\\n\",\"<p>\\u53cd\\u5bf9\\u98ce\\u4fd7\\u53cd\\u5bf9\\u85e9\\u56db\\u65b9<\\/p>\\r\\n\",\"<p>\\u98ce\\u4fd7\\u5730\\u65b9\\u98ce\\u4fd7\\u5730\\u65b9<\\/p>\\r\\n\",\"<p>\\u4f5b\\u5851\\u80a1\\u4efd\\u526f\\u4e09\\u7ffb\\u56db\\u8986<\\/p>\\r\\n\"]}', 0, 'normal', '', 2, 0, 0, 0, 0, 0, 2, 2, 1557632506, 1557632506, 2, 2),
(10, 'single_choice', '<p>的方法丽江凉粉</p>\r\n', 2.0, '[\"0\"]', '', '{\"choices\":[\"<p>\\u98ce\\u4fd7\\u4e09\\u56db\\u4e09<\\/p>\\r\\n\",\"<p>\\u975e\\u8bc9\\u8bbc\\u7684\\u7684<\\/p>\\r\\n\",\"<p>\\u98ce\\u4fd7\\u800c\\u6cd5\\u56fd<\\/p>\\r\\n\",\"<p>\\u53cd\\u53cd\\u590d\\u590d\\u51e4\\u98de\\u98de<\\/p>\\r\\n\"]}', 0, 'normal', '', 4, 0, 0, 0, 0, 0, 2, 2, 1558422207, 1558422207, 5, 4),
(11, 'choice', '<p>建立佛教森林里？</p>\r\n', 10.0, '[\"0\",\"1\"]', '', '{\"choices\":[\"<p>\\u4efd\\u989d\\u65b9\\u6cd5<\\/p>\\n\",\"<p>\\u53cd\\u53cd\\u590d\\u590d<\\/p>\\n\",\"<p>\\u53cd\\u53cd\\u590d\\u590d<\\/p>\\n\",\"<p>\\u5168\\u7403\\u8bf7\\u6c42\\u6743<\\/p>\\n\"]}', 0, 'normal', '', 0, 0, 0, 0, 0, 0, 2, 2, 1558422207, 1558422207, 6, 4),
(12, 'essay', '<p>加速了金时期佛教？</p>\r\n', 2.0, '[\"<p>\\u4e00\\u66f2\\u548c\\u7e41\\u82b1\\u4f3c\\u9526\\u53efushhuqufjs\\u3002\\u9632\\u62a4\\u4fc4\\u3002<\\/p>\\n\"]', '', '', 0, 'normal', '', 4, 0, 0, 0, 0, 0, 2, 2, 1558422207, 1558422207, 7, 4),
(13, 'determine', '<p>及防护气体今阿合奇风景区提阿解放后。</p>\r\n', 2.0, '[\"1\"]', '<p>去itiaj解放后文库刊刻。</p>\n', '', 0, 'normal', '', 0, 0, 0, 0, 0, 0, 2, 2, 1558422207, 1558422207, 8, 4),
(15, 'single_choice', '<p>的方法丽江凉粉</p>\r\n', 2.0, '[\"0\"]', '', '{\"choices\":[\"<p>\\u98ce\\u4fd7\\u4e09\\u56db\\u4e09<\\/p>\\r\\n\",\"<p>\\u975e\\u8bc9\\u8bbc\\u7684\\u7684<\\/p>\\r\\n\",\"<p>\\u98ce\\u4fd7\\u800c\\u6cd5\\u56fd<\\/p>\\r\\n\",\"<p>\\u53cd\\u53cd\\u590d\\u590d\\u51e4\\u98de\\u98de<\\/p>\\r\\n\"]}', 0, 'normal', '', 5, 0, 0, 0, 0, 0, 2, 2, 1558438214, 1558438214, 5, 5),
(16, 'choice', '<p>建立佛教森林里？</p>\r\n', 10.0, '[\"0\",\"1\"]', '', '{\"choices\":[\"<p>\\u4efd\\u989d\\u65b9\\u6cd5<\\/p>\\n\",\"<p>\\u53cd\\u53cd\\u590d\\u590d<\\/p>\\n\",\"<p>\\u53cd\\u53cd\\u590d\\u590d<\\/p>\\n\",\"<p>\\u5168\\u7403\\u8bf7\\u6c42\\u6743<\\/p>\\n\"]}', 0, 'normal', '', 0, 0, 0, 0, 0, 0, 2, 2, 1558438214, 1558438214, 6, 5),
(17, 'essay', '<p>加速了金时期佛教？</p>\r\n', 2.0, '[\"<p>\\u4e00\\u66f2\\u548c\\u7e41\\u82b1\\u4f3c\\u9526\\u53efushhuqufjs\\u3002\\u9632\\u62a4\\u4fc4\\u3002<\\/p>\\n\"]', '', '', 0, 'normal', '', 5, 0, 0, 0, 0, 0, 2, 2, 1558438214, 1558438214, 7, 5),
(18, 'determine', '<p>及防护气体今阿合奇风景区提阿解放后。</p>\r\n', 2.0, '[\"1\"]', '<p>去itiaj解放后文库刊刻。</p>\n', '', 0, 'normal', '', 0, 0, 0, 0, 0, 0, 2, 2, 1558438214, 1558438214, 8, 5),
(20, 'single_choice', '<p>规划局副角色开放和</p>\r\n', 2.0, '[\"0\"]', '', '{\"choices\":[\"<p>\\u89e3\\u653e\\u6d43\\u9ad3\\u6ca6\\u808c\\u526f\\u53f8\\u4ee4\\u517c\\u8ddd\\u79bb\\u7f29\\u77ed<\\/p>\\r\\n\",\"<p>\\u7684\\u73af\\u5883\\u98ce\\u53e3\\u6d6a\\u5c16\\u4e09\\u5efa\\u7acb\\u4e09\\u7ea7\\u72ec\\u7acb\\u964d\\u843d\\u4f1e<\\/p>\\r\\n\",\"<p>\\u7684\\u98ce\\u4fd7\\u98ce\\u4fd7\\u98ce\\u4fd7<\\/p>\\r\\n\",\"<p>\\u4f5b\\u5bfa\\u9053\\u89c2\\u4e09\\u6cd5\\u53f8\\u516c\\u53f8\\u526f<\\/p>\\r\\n\"]}', 0, 'normal', '', 6, 0, 0, 0, 0, 0, 2, 2, 1558438245, 1558438245, 1, 6),
(21, 'single_choice', '<p>通过过的方法</p>\r\n', 2.0, '[\"0\"]', '', '{\"choices\":[\"<p>&nbsp;\\u53cd\\u5bf9\\u85e9\\u65b9\\u6cd5\\u65af\\u8482\\u82ac<\\/p>\\r\\n\",\"<p>\\u53cd\\u5bf9\\u98ce\\u4fd7\\u53cd\\u5bf9\\u85e9\\u56db\\u65b9<\\/p>\\r\\n\",\"<p>\\u98ce\\u4fd7\\u5730\\u65b9\\u98ce\\u4fd7\\u5730\\u65b9<\\/p>\\r\\n\",\"<p>\\u4f5b\\u5851\\u80a1\\u4efd\\u526f\\u4e09\\u7ffb\\u56db\\u8986<\\/p>\\r\\n\"]}', 0, 'normal', '', 6, 0, 0, 0, 0, 0, 2, 2, 1558438245, 1558438245, 2, 6),
(23, 'single_choice', '<p>开封府就睡觉了？</p>\r\n', 2.0, '[\"0\"]', '', '{\"choices\":[\"<p>\\u53d1\\u54e5\\u53d1\\u6492<\\/p>\\r\\n\",\"<p>\\u6211\\u5676\\u662f\\u7684\\u53d1\\u751f<\\/p>\\r\\n\",\"<p>\\u5676\\u4f5b\\u5c71\\u5e02<\\/p>\\r\\n\",\"<p>\\u54e5\\u54e5\\u7279\\u533a\\u524d\\u65b9\\u53d1\\u751f<\\/p>\\r\\n\"]}', 0, 'normal', 'course-3', 4, 0, 0, 0, 0, 0, 2, 2, 1559301744, 1559301744, 22, 4),
(24, 'single_choice', '<p>开封府就睡觉了？</p>\r\n', 2.0, '[\"0\"]', '', '{\"choices\":[\"<p>\\u53d1\\u54e5\\u53d1\\u6492<\\/p>\\r\\n\",\"<p>\\u6211\\u5676\\u662f\\u7684\\u53d1\\u751f<\\/p>\\r\\n\",\"<p>\\u5676\\u4f5b\\u5c71\\u5e02<\\/p>\\r\\n\",\"<p>\\u54e5\\u54e5\\u7279\\u533a\\u524d\\u65b9\\u53d1\\u751f<\\/p>\\r\\n\"]}', 0, 'normal', 'course-3', 5, 0, 0, 0, 0, 0, 2, 2, 1559301744, 1559301744, 22, 5),
(25, 'single_choice', '<p>下面四人中谁不是王？</p>\r\n', 2.0, '[\"3\"]', '', '{\"choices\":[\"<p>\\u91d1\\u95ea\\u95ea<\\/p>\\r\\n\",\"<p>Saber<\\/p>\\r\\n\",\"<p>\\u4f0a\\u65af\\u574e\\u8fbe\\u5c14<\\/p>\\r\\n\",\"<p>\\u536b\\u5bab\\u5207\\u55e3<\\/p>\\r\\n\"]}', 0, 'normal', 'course-9', 9, 0, 0, 0, 0, 0, 2, 2, 1559376690, 1559376690, 0, 9),
(26, 'essay', '<p>药水哥名场面西鼠霸王是对哪一历史人物的致敬？</p>\r\n', 5.0, '[\"<p>\\u9879\\u7fbd<\\/p>\\n\"]', '', NULL, 0, 'normal', 'course-9', 9, 0, 0, 0, 0, 0, 2, 2, 1559462260, 1559462260, 0, 9),
(27, 'single_choice', '<p>回复说好看加快大家来看</p>\r\n', 2.0, '[\"0\"]', '<p>放松放松法</p>\n', '{\"choices\":[\"<p>\\u98ce\\u98de\\u6c99<\\/p>\\r\\n\",\"<p>\\u53d1\\u987a\\u4e30<\\/p>\\r\\n\",\"<p>\\u51af\\u7ecd\\u5cf0<\\/p>\\r\\n\",\"<p>\\u51af\\u7ecd\\u5cf0<\\/p>\\r\\n\"]}', 0, 'normal', 'course-9', 9, 0, 0, 0, 0, 0, 2, 2, 1559895535, 1559895535, 0, 9),
(28, 'single_choice', '<pre>\r\n<code class=\"language-cpp\">fjsjsfsefj </code></pre>\r\n\r\n<p>fjsfufkshf?</p>\r\n', 2.0, '[\"0\"]', '<p>fsefgewwf</p>\n', '{\"choices\":[\"<p>sfgsfsef<\\/p>\\r\\n\",\"<p>fsegsfs<\\/p>\\r\\n\",\"<p>fesfsf<\\/p>\\r\\n\",\"<p>fsefsef<\\/p>\\r\\n\"]}', 0, 'normal', 'course-9', 9, 0, 0, 0, 0, 0, 2, 2, 1560061378, 1560061378, 0, 9),
(29, 'single_choice', '<p>方法冯绍峰</p>\r\n', 2.0, '[\"0\"]', '<p>粉丝纷纷说</p>\n', '{\"choices\":[\"<p>\\u800c\\u51af\\u7ecd\\u5cf0<\\/p>\\r\\n\",\"<p>\\u65b9\\u5f0f\\u89c4\\u8303\\u6536\\u8d39<\\/p>\\r\\n\",\"<p>\\u65b9\\u5f0f\\u65b9\\u6cd5<\\/p>\\r\\n\",\"<p>\\u51af\\u7ecd\\u5cf0<\\/p>\\r\\n\"]}', 0, 'normal', 'course-12', 12, 0, 0, 0, 0, 0, 2, 2, 1560213164, 1560213164, 0, 12);

-- --------------------------------------------------------

--
-- 表的结构 `question_analysis`
--

CREATE TABLE `question_analysis` (
  `id` int(10) NOT NULL,
  `targetId` int(10) UNSIGNED NOT NULL DEFAULT '0',
  `targetType` varchar(30) NOT NULL,
  `activityId` int(10) UNSIGNED NOT NULL DEFAULT '0',
  `questionId` int(10) UNSIGNED NOT NULL,
  `choiceIndex` int(10) UNSIGNED NOT NULL DEFAULT '0' COMMENT '选项key',
  `firstAnswerCount` int(10) UNSIGNED NOT NULL DEFAULT '0',
  `totalAnswerCount` int(10) UNSIGNED NOT NULL DEFAULT '0' COMMENT '全部答题人数',
  `createdTime` int(10) UNSIGNED NOT NULL DEFAULT '0',
  `updatedTime` int(10) UNSIGNED NOT NULL DEFAULT '0'
) ENGINE=InnoDB DEFAULT CHARSET=utf8 COMMENT='答题分析表';

--
-- 转存表中的数据 `question_analysis`
--

INSERT INTO `question_analysis` (`id`, `targetId`, `targetType`, `activityId`, `questionId`, `choiceIndex`, `firstAnswerCount`, `totalAnswerCount`, `createdTime`, `updatedTime`) VALUES
(1, 1, 'testpaper', 1, 1, 0, 2, 3, 1557545229, 1557545229),
(2, 1, 'testpaper', 1, 1, 1, 0, 0, 1557545229, 1557545229),
(3, 1, 'testpaper', 1, 1, 2, 0, 0, 1557545229, 1557545229),
(4, 1, 'testpaper', 1, 1, 3, 0, 0, 1557545229, 1557545229),
(5, 1, 'testpaper', 1, 2, 0, 0, 1, 1557545229, 1557545229),
(6, 1, 'testpaper', 1, 2, 1, 2, 2, 1557545229, 1557545229),
(7, 1, 'testpaper', 1, 2, 2, 0, 0, 1557545229, 1557545229),
(8, 1, 'testpaper', 1, 2, 3, 0, 0, 1557545229, 1557545229),
(9, 3, 'testpaper', 3, 5, 0, 1, 1, 1557994806, 1557994806),
(10, 3, 'testpaper', 3, 5, 1, 0, 1, 1557994806, 1557994806),
(11, 3, 'testpaper', 3, 5, 2, 2, 2, 1557994806, 1557994806),
(12, 3, 'testpaper', 3, 5, 3, 0, 0, 1557994806, 1557994806),
(13, 3, 'testpaper', 3, 6, 0, 2, 2, 1557994806, 1557994806),
(14, 3, 'testpaper', 3, 6, 1, 2, 3, 1557994806, 1557994806),
(15, 3, 'testpaper', 3, 6, 2, 1, 1, 1557994806, 1557994806),
(16, 3, 'testpaper', 3, 6, 3, 0, 0, 1557994806, 1557994806),
(17, 3, 'testpaper', 3, 7, 0, 0, 2, 1557994806, 1557994806),
(18, 3, 'testpaper', 3, 7, 1, 0, 0, 1557994806, 1557994806),
(19, 3, 'testpaper', 3, 7, 2, 3, 3, 1557994806, 1557994806),
(20, 3, 'testpaper', 3, 8, 0, 0, 0, 1557994806, 1557994806),
(21, 3, 'testpaper', 3, 8, 1, 3, 4, 1557994806, 1557994806),
(22, 3, 'testpaper', 3, 9, 0, 0, 0, 1557994806, 1557994806),
(23, 3, 'testpaper', 4, 5, 0, 0, 0, 1558179031, 1558179031),
(24, 3, 'testpaper', 4, 5, 1, 1, 1, 1558179031, 1558179031),
(25, 3, 'testpaper', 4, 5, 2, 0, 1, 1558179031, 1558179031),
(26, 3, 'testpaper', 4, 5, 3, 0, 0, 1558179031, 1558179031),
(27, 3, 'testpaper', 4, 6, 0, 1, 1, 1558179031, 1558179031),
(28, 3, 'testpaper', 4, 6, 1, 0, 1, 1558179031, 1558179031),
(29, 3, 'testpaper', 4, 6, 2, 0, 0, 1558179031, 1558179031),
(30, 3, 'testpaper', 4, 6, 3, 0, 0, 1558179031, 1558179031),
(31, 3, 'testpaper', 4, 7, 0, 1, 2, 1558179031, 1558179031),
(32, 3, 'testpaper', 4, 7, 1, 0, 0, 1558179031, 1558179031),
(33, 3, 'testpaper', 4, 7, 2, 0, 0, 1558179031, 1558179031),
(34, 3, 'testpaper', 4, 8, 0, 0, 0, 1558179031, 1558179031),
(35, 3, 'testpaper', 4, 8, 1, 0, 1, 1558179031, 1558179031),
(36, 3, 'testpaper', 4, 9, 0, 0, 0, 1558179031, 1558179031),
(37, 2, 'testpaper', 2, 3, 0, 0, 0, 1558336931, 1558336931),
(38, 2, 'testpaper', 2, 3, 1, 0, 0, 1558336931, 1558336931),
(39, 2, 'testpaper', 2, 3, 2, 1, 1, 1558336931, 1558336931),
(40, 2, 'testpaper', 2, 3, 3, 0, 0, 1558336931, 1558336931),
(41, 2, 'testpaper', 2, 4, 0, 0, 0, 1558336931, 1558336931),
(42, 2, 'testpaper', 2, 4, 1, 1, 1, 1558336931, 1558336931),
(43, 2, 'testpaper', 2, 4, 2, 0, 0, 1558336931, 1558336931),
(44, 2, 'testpaper', 2, 4, 3, 0, 0, 1558336931, 1558336931),
(45, 3, 'testpaper', 6, 5, 0, 0, 0, 1558343025, 1558343025),
(46, 3, 'testpaper', 6, 5, 1, 0, 0, 1558343025, 1558343025),
(47, 3, 'testpaper', 6, 5, 2, 1, 1, 1558343025, 1558343025),
(48, 3, 'testpaper', 6, 5, 3, 0, 0, 1558343025, 1558343025),
(49, 3, 'testpaper', 6, 6, 0, 0, 0, 1558343025, 1558343025),
(50, 3, 'testpaper', 6, 6, 1, 1, 1, 1558343025, 1558343025),
(51, 3, 'testpaper', 6, 6, 2, 0, 0, 1558343025, 1558343025),
(52, 3, 'testpaper', 6, 6, 3, 0, 0, 1558343025, 1558343025),
(53, 3, 'testpaper', 6, 7, 0, 0, 0, 1558343025, 1558343025),
(54, 3, 'testpaper', 6, 7, 1, 1, 1, 1558343025, 1558343025),
(55, 3, 'testpaper', 6, 7, 2, 0, 0, 1558343025, 1558343025),
(56, 3, 'testpaper', 6, 8, 0, 0, 0, 1558343025, 1558343025),
(57, 3, 'testpaper', 6, 8, 1, 1, 1, 1558343025, 1558343025),
(58, 3, 'testpaper', 6, 9, 0, 0, 0, 1558343025, 1558343025),
(59, 3, 'testpaper', 9, 5, 0, 1, 1, 1558350929, 1558350929),
(60, 3, 'testpaper', 9, 5, 1, 1, 1, 1558350929, 1558350929),
(61, 3, 'testpaper', 9, 5, 2, 0, 0, 1558350929, 1558350929),
(62, 3, 'testpaper', 9, 5, 3, 0, 0, 1558350929, 1558350929),
(63, 3, 'testpaper', 9, 6, 0, 0, 0, 1558350929, 1558350929),
(64, 3, 'testpaper', 9, 6, 1, 1, 1, 1558350929, 1558350929),
(65, 3, 'testpaper', 9, 6, 2, 0, 0, 1558350929, 1558350929),
(66, 3, 'testpaper', 9, 6, 3, 0, 0, 1558350929, 1558350929),
(67, 3, 'testpaper', 9, 7, 0, 3, 3, 1558350929, 1558350929),
(68, 3, 'testpaper', 9, 7, 1, 0, 0, 1558350929, 1558350929),
(69, 3, 'testpaper', 9, 7, 2, 0, 0, 1558350929, 1558350929),
(70, 3, 'testpaper', 9, 8, 0, 0, 0, 1558350929, 1558350929),
(71, 3, 'testpaper', 9, 8, 1, 1, 1, 1558350929, 1558350929),
(72, 3, 'testpaper', 9, 9, 0, 0, 0, 1558350929, 1558350929),
(73, 3, 'testpaper', 7, 5, 0, 1, 1, 1558351472, 1558351472),
(74, 3, 'testpaper', 7, 5, 1, 0, 0, 1558351472, 1558351472),
(75, 3, 'testpaper', 7, 5, 2, 0, 0, 1558351472, 1558351472),
(76, 3, 'testpaper', 7, 5, 3, 0, 0, 1558351472, 1558351472),
(77, 3, 'testpaper', 7, 6, 0, 1, 1, 1558351472, 1558351472),
(78, 3, 'testpaper', 7, 6, 1, 0, 0, 1558351472, 1558351472),
(79, 3, 'testpaper', 7, 6, 2, 0, 0, 1558351472, 1558351472),
(80, 3, 'testpaper', 7, 6, 3, 0, 0, 1558351472, 1558351472),
(81, 3, 'testpaper', 7, 7, 0, 1, 1, 1558351472, 1558351472),
(82, 3, 'testpaper', 7, 7, 1, 0, 0, 1558351472, 1558351472),
(83, 3, 'testpaper', 7, 7, 2, 0, 0, 1558351472, 1558351472),
(84, 3, 'testpaper', 7, 8, 0, 1, 1, 1558351472, 1558351472),
(85, 3, 'testpaper', 7, 8, 1, 0, 0, 1558351472, 1558351472),
(86, 3, 'testpaper', 7, 9, 0, 0, 0, 1558351472, 1558351472),
(87, 4, 'testpaper', 11, 10, 0, 0, 0, 1558856940, 1558856940),
(88, 4, 'testpaper', 11, 10, 1, 1, 1, 1558856940, 1558856940),
(89, 4, 'testpaper', 11, 10, 2, 0, 0, 1558856940, 1558856940),
(90, 4, 'testpaper', 11, 10, 3, 0, 0, 1558856940, 1558856940),
(91, 4, 'testpaper', 11, 11, 0, 0, 0, 1558856940, 1558856940),
(92, 4, 'testpaper', 11, 11, 1, 0, 0, 1558856940, 1558856940),
(93, 4, 'testpaper', 11, 11, 2, 0, 0, 1558856940, 1558856940),
(94, 4, 'testpaper', 11, 11, 3, 1, 1, 1558856940, 1558856940),
(95, 4, 'testpaper', 11, 12, 0, 0, 0, 1558856940, 1558856940),
(96, 4, 'testpaper', 11, 12, 1, 0, 0, 1558856940, 1558856940),
(97, 4, 'testpaper', 11, 12, 2, 1, 1, 1558856940, 1558856940),
(98, 4, 'testpaper', 11, 13, 0, 1, 1, 1558856940, 1558856940),
(99, 4, 'testpaper', 11, 13, 1, 0, 0, 1558856940, 1558856940),
(100, 4, 'testpaper', 13, 10, 0, 0, 0, 1558857334, 1558857334),
(101, 4, 'testpaper', 13, 10, 1, 1, 1, 1558857334, 1558857334),
(102, 4, 'testpaper', 13, 10, 2, 0, 0, 1558857334, 1558857334),
(103, 4, 'testpaper', 13, 10, 3, 0, 0, 1558857334, 1558857334),
(104, 4, 'testpaper', 13, 11, 0, 0, 0, 1558857334, 1558857334),
(105, 4, 'testpaper', 13, 11, 1, 0, 0, 1558857334, 1558857334),
(106, 4, 'testpaper', 13, 11, 2, 0, 0, 1558857334, 1558857334),
(107, 4, 'testpaper', 13, 11, 3, 1, 1, 1558857334, 1558857334),
(108, 4, 'testpaper', 13, 12, 0, 0, 0, 1558857334, 1558857334),
(109, 4, 'testpaper', 13, 12, 1, 0, 0, 1558857334, 1558857334),
(110, 4, 'testpaper', 13, 12, 2, 1, 1, 1558857334, 1558857334),
(111, 4, 'testpaper', 13, 13, 0, 1, 1, 1558857334, 1558857334),
(112, 4, 'testpaper', 13, 13, 1, 0, 0, 1558857334, 1558857334),
(113, 8, 'testpaper', 21, 25, 0, 0, 0, 1559449750, 1559449750),
(114, 8, 'testpaper', 21, 25, 1, 1, 1, 1559449750, 1559449750),
(115, 8, 'testpaper', 21, 25, 2, 0, 0, 1559449750, 1559449750),
(116, 8, 'testpaper', 21, 25, 3, 0, 0, 1559449750, 1559449750),
(117, 8, 'testpaper', 19, 25, 0, 0, 0, 1559450358, 1559450358),
(118, 8, 'testpaper', 19, 25, 1, 0, 0, 1559450358, 1559450358),
(119, 8, 'testpaper', 19, 25, 2, 0, 0, 1559450358, 1559450358),
(120, 8, 'testpaper', 19, 25, 3, 1, 1, 1559450358, 1559450358),
(121, 8, 'testpaper', 22, 25, 0, 1, 1, 1559461103, 1559461103),
(122, 8, 'testpaper', 22, 25, 1, 0, 0, 1559461103, 1559461103),
(123, 8, 'testpaper', 22, 25, 2, 0, 0, 1559461103, 1559461103),
(124, 8, 'testpaper', 22, 25, 3, 0, 0, 1559461103, 1559461103),
(125, 10, 'testpaper', 23, 26, 0, 1, 1, 1559465117, 1559465117),
(126, 10, 'testpaper', 23, 26, 1, 0, 0, 1559465117, 1559465117),
(127, 10, 'testpaper', 23, 26, 2, 0, 0, 1559465117, 1559465117),
(128, 8, 'testpaper', 24, 25, 0, 0, 0, 1559962309, 1559962309),
(129, 8, 'testpaper', 24, 25, 1, 1, 1, 1559962309, 1559962309),
(130, 8, 'testpaper', 24, 25, 2, 0, 0, 1559962309, 1559962309),
(131, 8, 'testpaper', 24, 25, 3, 0, 0, 1559962309, 1559962309),
(132, 4, 'testpaper', 10, 10, 0, 0, 0, 1559970734, 1559970734),
(133, 4, 'testpaper', 10, 10, 1, 1, 1, 1559970734, 1559970734),
(134, 4, 'testpaper', 10, 10, 2, 0, 0, 1559970734, 1559970734),
(135, 4, 'testpaper', 10, 10, 3, 0, 0, 1559970734, 1559970734),
(136, 4, 'testpaper', 10, 11, 0, 0, 0, 1559970734, 1559970734),
(137, 4, 'testpaper', 10, 11, 1, 1, 1, 1559970734, 1559970734),
(138, 4, 'testpaper', 10, 11, 2, 0, 0, 1559970734, 1559970734),
(139, 4, 'testpaper', 10, 11, 3, 0, 0, 1559970734, 1559970734),
(140, 4, 'testpaper', 10, 12, 0, 0, 0, 1559970734, 1559970734),
(141, 4, 'testpaper', 10, 12, 1, 0, 0, 1559970734, 1559970734),
(142, 4, 'testpaper', 10, 12, 2, 1, 1, 1559970734, 1559970734),
(143, 4, 'testpaper', 10, 13, 0, 0, 0, 1559970734, 1559970734),
(144, 4, 'testpaper', 10, 13, 1, 1, 1, 1559970734, 1559970734),
(145, 14, 'testpaper', 28, 29, 0, 1, 1, 1560213710, 1560213710),
(146, 14, 'testpaper', 28, 29, 1, 0, 0, 1560213710, 1560213710),
(147, 14, 'testpaper', 28, 29, 2, 0, 0, 1560213710, 1560213710),
(148, 14, 'testpaper', 28, 29, 3, 0, 0, 1560213710, 1560213710),
(149, 14, 'testpaper', 31, 29, 0, 0, 0, 1560217405, 1560217405),
(150, 14, 'testpaper', 31, 29, 1, 1, 1, 1560217405, 1560217405),
(151, 14, 'testpaper', 31, 29, 2, 0, 0, 1560217405, 1560217405),
(152, 14, 'testpaper', 31, 29, 3, 0, 0, 1560217405, 1560217405);

-- --------------------------------------------------------

--
-- 表的结构 `ratelimit`
--

CREATE TABLE `ratelimit` (
  `id` int(10) UNSIGNED NOT NULL,
  `_key` varchar(64) NOT NULL,
  `data` varchar(32) NOT NULL,
  `deadline` int(10) UNSIGNED NOT NULL
) ENGINE=InnoDB DEFAULT CHARSET=utf8;

--
-- 转存表中的数据 `ratelimit`
--

INSERT INTO `ratelimit` (`id`, `_key`, `data`, `deadline`) VALUES
(1, 'rate-limit:drag_captcha:reset_password_127.0.0.1', '99,1558441402', 1558445002);

-- --------------------------------------------------------

--
-- 表的结构 `role`
--

CREATE TABLE `role` (
  `id` int(10) UNSIGNED NOT NULL,
  `name` varchar(32) NOT NULL COMMENT '权限名称',
  `code` varchar(32) NOT NULL COMMENT '权限代码',
  `data` text COMMENT '权限配置',
  `createdTime` int(10) UNSIGNED NOT NULL DEFAULT '0' COMMENT '创建时间',
  `createdUserId` int(10) UNSIGNED NOT NULL COMMENT '创建用户ID',
  `updatedTime` int(10) UNSIGNED NOT NULL DEFAULT '0' COMMENT '更新时间'
) ENGINE=InnoDB DEFAULT CHARSET=utf8;

--
-- 转存表中的数据 `role`
--

INSERT INTO `role` (`id`, `name`, `code`, `data`, `createdTime`, `createdUserId`, `updatedTime`) VALUES
(1, '学员', 'ROLE_USER', '', 1557541028, 2, 0),
(2, '教师', 'ROLE_TEACHER', '[\"web\",\"course_manage\",\"course_manage_info\",\"course_manage_base\",\"course_manage_detail\",\"course_manage_picture\",\"course_manage_lesson\",\"live_course_manage_replay\",\"course_manage_files\",\"course_manage_setting\",\"course_manage_price\",\"course_manage_teachers\",\"course_manage_students\",\"course_manage_student_create\",\"course_manage_questions\",\"course_manage_question\",\"course_manage_testpaper\",\"course_manange_operate\",\"course_manage_data\",\"course_manage_order\",\"classroom_manage\",\"classroom_manage_settings\",\"classroom_manage_set_info\",\"classroom_manage_set_price\",\"classroom_manage_set_picture\",\"classroom_manage_service\",\"classroom_manage_headteacher\",\"classroom_manage_teachers\",\"classroom_manage_assistants\",\"classroom_manage_content\",\"classroom_manage_courses\",\"classroom_manage_students\",\"classroom_manage_testpaper\"]', 1557541028, 2, 0),
(3, '管理员', 'ROLE_ADMIN', '[\"admin\",\"admin_user\",\"admin_user_show\",\"admin_user_manage\",\"admin_user_create\",\"admin_user_edit\",\"admin_user_roles\",\"admin_user_send_passwordreset_email\",\"admin_user_send_emailverify_email\",\"admin_user_lock\",\"admin_user_unlock\",\"admin_user_org_update\",\"admin_online\",\"admin_login_record\",\"admin_user_learn_statistics_manage\",\"admin_user_learn_statistics\",\"admin_teacher\",\"admin_teacher_manage\",\"admin_teacher_promote\",\"admin_teacher_promote_cancel\",\"admin_teacher_promote_list\",\"admin_approval_manage\",\"admin_approval_approvals\",\"admin_approval_cancel\",\"admin_message_manage\",\"admin_message\",\"admin_course\",\"admin_course_show\",\"admin_course_manage\",\"admin_course_content_manage\",\"admin_course_add\",\"admin_course_set_recommend\",\"admin_course_set_cancel_recommend\",\"admin_course_guest_member_preview\",\"admin_course_set_close\",\"admin_course_sms_prepare\",\"admin_course_set_clone\",\"admin_course_set_publish\",\"admin_course_set_delete\",\"admin_course_set_recommend_list\",\"admin_course_set_data\",\"admin_classroom\",\"admin_classroom_manage\",\"admin_classroom_content_manage\",\"admin_classroom_create\",\"admin_classroom_cancel_recommend\",\"admin_classroom_set_recommend\",\"admin_classroom_close\",\"admin_sms_prepare\",\"admin_classroom_open\",\"admin_classroom_delete\",\"admin_classroom_recommend\",\"admin_open_course_manage\",\"admin_open_course\",\"admin_open_course_recommend_list\",\"admin_opencourse_analysis\",\"admin_live_course\",\"admin_live_course_manage\",\"admin_course_thread\",\"admin_course_thread_manage\",\"admin_classroom_thread_manage\",\"admin_course_question\",\"admin_course_question_manage\",\"admin_course_note\",\"admin_course_note_manage\",\"admin_course_review\",\"admin_course_review_tab\",\"admin_classroom_review_tab\",\"admin_course_category\",\"admin_course_category_manage\",\"admin_classroom_category_manage\",\"admin_classroom_category_create\",\"admin_course_tag\",\"admin_course_tag_manage\",\"admin_course_tag_add\",\"admin_course_tag_group_manage\",\"admin_course_tag_group_add\",\"admin_course_scratch_work\",\"admin_course_scratch_work_publish_manage\",\"admin_course_scratch_work_publish_recommend\",\"admin_course_scratch_work_publish_cancel_recommended\",\"admin_course_scratch_work_publish_cancel_publish\",\"admin_course_scratch_work_verify_manage\",\"admin_course_scratch_work_verify_publish\",\"admin_course_python_work\",\"admin_course_python_work_manage\",\"admin_course_python_work_publish_recommend\",\"admin_course_python_work_publish_cancel_recommended\",\"admin_operation\",\"admin_operation_article\",\"admin_operation_article_manage\",\"admin_operation_article_create\",\"admin_operation_article_category\",\"admin_operation_category_create\",\"admin_operation_group\",\"admin_operation_group_manage\",\"admin_operation_group_create\",\"admin_operation_group_thread\",\"admin_operation_invite\",\"admin_operation_invite_record\",\"admin_operation_invite_user\",\"admin_operation_invite_coupon\",\"admin_announcement\",\"admin_announcement_manage\",\"admin_announcement_create\",\"admin_operation_notification\",\"admin_batch_notification\",\"admin_batch_notification_create\",\"admin_block_manage\",\"admin_block\",\"admin_block_visual_edit\",\"admin_operation_content\",\"admin_content\",\"admin_operation_mobile\",\"admin_operation_mobile_banner_manage\",\"admin_operation_mobile_select_manage\",\"admin_discovery_column_index\",\"admin_discovery_column_create\",\"admin_operation_analysis_register\",\"admin_operation_analysis\",\"admin_operation_keyword\",\"admin_keyword\",\"admin_keyword_create\",\"admin_keyword_banlogs\",\"admin_operation_scratch_material\",\"admin_operation_scratch_material_manage\",\"admin_operation_scratch_material_create\",\"admin_operation_scratch_material_publish\",\"admin_operation_scratch_material_close\",\"admin_operation_scratch_material_delete\",\"admin_operation_scratch_material_category_manage\",\"admin_category_create\",\"admin_operation_scratch_material_record_manage\",\"admin_leave_message\",\"admin_leave_message_manage\",\"admin_finance\",\"admin_orders\",\"admin_order_manage\",\"admin_order_refunds\",\"admin_order_refunds_manage\",\"admin_bills\",\"admin_bill_cash\",\"admin_bill_coin\",\"admin_coin_user\",\"admin_coin_user_records\",\"admin_app\",\"admin_cloud_edulive_setting\",\"admin_cloud_edulive_overview\",\"admin_setting_cloud_edulive\",\"admin_edu_cloud_email\",\"admin_edu_cloud_email_overview\",\"admin_edu_cloud_email_setting\",\"admin_app_im\",\"admin_app_im_setting\",\"admin_cloud_file_manage\",\"admin_cloud_file\",\"admin_app_center_show\",\"admin_app_center\",\"admin_app_installed\",\"admin_app_upgrades\",\"admin_app_logs\",\"admin_cloud_attachment_manage\",\"admin_cloud_attachment\",\"admin_cloud_consult\",\"admin_cloud_consult_setting\",\"admin_cloud_data_lab_manage\",\"admin_cloud_data_lab\",\"admin_cloud_data_lab_setting\",\"admin_marketing_top\",\"_admin_marketing_marketing_menu\",\"_marketing_marketing_page\",\"admin_distributor_top\",\"_admin_distributor_menu\",\"_distributor_page\",\"admin_mobile\",\"admin_wechat_app_manage\",\"admin_wechat_app\",\"admin_setting_mobile\",\"admin_setting_mobile_settings\",\"admin_h5_set\",\"admin_wap_set\",\"web\",\"course_manage\",\"course_manage_info\",\"course_manage_base\",\"course_manage_detail\",\"course_manage_picture\",\"course_manage_lesson\",\"live_course_manage_replay\",\"course_manage_files\",\"course_manage_setting\",\"course_manage_price\",\"course_manage_teachers\",\"course_manage_students\",\"course_manage_student_create\",\"course_manage_questions\",\"course_manage_question\",\"course_manage_testpaper\",\"course_manange_operate\",\"course_manage_data\",\"course_manage_order\",\"classroom_manage\",\"classroom_manage_settings\",\"classroom_manage_set_info\",\"classroom_manage_set_price\",\"classroom_manage_set_picture\",\"classroom_manage_service\",\"classroom_manage_headteacher\",\"classroom_manage_teachers\",\"classroom_manage_assistants\",\"classroom_manage_content\",\"classroom_manage_courses\",\"classroom_manage_students\",\"classroom_manage_testpaper\"]', 1557541028, 2, 0),
(4, '超级管理员', 'ROLE_SUPER_ADMIN', '[\"admin\",\"admin_user\",\"admin_user_show\",\"admin_user_manage\",\"admin_user_create\",\"admin_user_edit\",\"admin_user_roles\",\"admin_user_avatar\",\"admin_user_change_password\",\"admin_user_send_passwordreset_email\",\"admin_user_send_emailverify_email\",\"admin_user_lock\",\"admin_user_unlock\",\"admin_user_org_update\",\"admin_online\",\"admin_login_record\",\"admin_user_learn_statistics_manage\",\"admin_user_learn_statistics\",\"admin_teacher\",\"admin_teacher_manage\",\"admin_teacher_promote\",\"admin_teacher_promote_cancel\",\"admin_teacher_promote_list\",\"admin_approval_manage\",\"admin_approval_approvals\",\"admin_approval_cancel\",\"admin_message_manage\",\"admin_message\",\"admin_course\",\"admin_course_show\",\"admin_course_manage\",\"admin_course_content_manage\",\"admin_course_add\",\"admin_course_set_recommend\",\"admin_course_set_cancel_recommend\",\"admin_course_guest_member_preview\",\"admin_course_set_close\",\"admin_course_sms_prepare\",\"admin_course_set_clone\",\"admin_course_set_publish\",\"admin_course_set_delete\",\"admin_course_set_recommend_list\",\"admin_course_set_data\",\"admin_classroom\",\"admin_classroom_manage\",\"admin_classroom_content_manage\",\"admin_classroom_create\",\"admin_classroom_cancel_recommend\",\"admin_classroom_set_recommend\",\"admin_classroom_close\",\"admin_sms_prepare\",\"admin_classroom_open\",\"admin_classroom_delete\",\"admin_classroom_recommend\",\"admin_open_course_manage\",\"admin_open_course\",\"admin_open_course_recommend_list\",\"admin_opencourse_analysis\",\"admin_live_course\",\"admin_live_course_manage\",\"admin_course_thread\",\"admin_course_thread_manage\",\"admin_classroom_thread_manage\",\"admin_course_question\",\"admin_course_question_manage\",\"admin_course_note\",\"admin_course_note_manage\",\"admin_course_review\",\"admin_course_review_tab\",\"admin_classroom_review_tab\",\"admin_course_category\",\"admin_course_category_manage\",\"admin_classroom_category_manage\",\"admin_classroom_category_create\",\"admin_course_tag\",\"admin_course_tag_manage\",\"admin_course_tag_add\",\"admin_course_tag_group_manage\",\"admin_course_tag_group_add\",\"admin_course_scratch_work\",\"admin_course_scratch_work_publish_manage\",\"admin_course_scratch_work_publish_recommend\",\"admin_course_scratch_work_publish_cancel_recommended\",\"admin_course_scratch_work_publish_cancel_publish\",\"admin_course_scratch_work_verify_manage\",\"admin_course_scratch_work_verify_publish\",\"admin_course_python_work\",\"admin_course_python_work_manage\",\"admin_course_python_work_publish_recommend\",\"admin_course_python_work_publish_cancel_recommended\",\"admin_operation\",\"admin_operation_article\",\"admin_operation_article_manage\",\"admin_operation_article_create\",\"admin_operation_article_category\",\"admin_operation_category_create\",\"admin_operation_group\",\"admin_operation_group_manage\",\"admin_operation_group_create\",\"admin_operation_group_thread\",\"admin_operation_invite\",\"admin_operation_invite_record\",\"admin_operation_invite_user\",\"admin_operation_invite_coupon\",\"admin_announcement\",\"admin_announcement_manage\",\"admin_announcement_create\",\"admin_operation_notification\",\"admin_batch_notification\",\"admin_batch_notification_create\",\"admin_block_manage\",\"admin_block\",\"admin_block_visual_edit\",\"admin_operation_content\",\"admin_content\",\"admin_operation_mobile\",\"admin_operation_mobile_banner_manage\",\"admin_operation_mobile_select_manage\",\"admin_discovery_column_index\",\"admin_discovery_column_create\",\"admin_operation_analysis_register\",\"admin_operation_analysis\",\"admin_operation_keyword\",\"admin_keyword\",\"admin_keyword_create\",\"admin_keyword_banlogs\",\"admin_operation_scratch_material\",\"admin_operation_scratch_material_manage\",\"admin_operation_scratch_material_create\",\"admin_operation_scratch_material_publish\",\"admin_operation_scratch_material_close\",\"admin_operation_scratch_material_delete\",\"admin_operation_scratch_material_category_manage\",\"admin_category_create\",\"admin_operation_scratch_material_record_manage\",\"admin_leave_message\",\"admin_leave_message_manage\",\"admin_finance\",\"admin_orders\",\"admin_order_manage\",\"admin_order_refunds\",\"admin_order_refunds_manage\",\"admin_bills\",\"admin_bill_cash\",\"admin_bill_coin\",\"admin_coin_user\",\"admin_coin_user_records\",\"admin_app\",\"admin_my_cloud\",\"admin_my_cloud_overview\",\"admin_cloud_video_setting\",\"admin_cloud_video_overview\",\"admin_cloud_setting_video\",\"admin_cloud_edulive_setting\",\"admin_cloud_edulive_overview\",\"admin_setting_cloud_edulive\",\"admin_edu_cloud_sms\",\"admin_edu_cloud_sms_overview\",\"admin_edu_cloud_setting_sms\",\"admin_edu_cloud_email\",\"admin_edu_cloud_email_overview\",\"admin_edu_cloud_email_setting\",\"admin_edu_cloud_search_setting\",\"admin_edu_cloud_search_overview\",\"admin_edu_cloud_setting_search\",\"admin_app_im\",\"admin_app_im_setting\",\"admin_cloud_file_manage\",\"admin_cloud_file\",\"admin_setting_cloud_attachment\",\"admin_edu_cloud_attachment\",\"admin_app_center_show\",\"admin_app_center\",\"admin_app_installed\",\"admin_app_upgrades\",\"admin_app_logs\",\"admin_cloud_attachment_manage\",\"admin_cloud_attachment\",\"admin_cloud_consult\",\"admin_cloud_consult_setting\",\"admin_cloud_data_lab_manage\",\"admin_cloud_data_lab\",\"admin_cloud_data_lab_setting\",\"admin_setting_cloud\",\"admin_setting_my_cloud\",\"admin_marketing_top\",\"_admin_marketing_marketing_menu\",\"_marketing_marketing_page\",\"admin_distributor_top\",\"_admin_distributor_menu\",\"_distributor_page\",\"admin_mobile\",\"admin_wechat_app_manage\",\"admin_wechat_app\",\"admin_setting_mobile\",\"admin_setting_mobile_settings\",\"admin_h5_set\",\"admin_wap_set\",\"admin_system\",\"admin_setting\",\"admin_setting_message\",\"admin_setting_theme\",\"admin_setting_mailer\",\"admin_top_navigation\",\"admin_foot_navigation\",\"admin_friendlyLink_navigation\",\"admin_setting_consult_setting\",\"admin_setting_es_bar\",\"admin_setting_share\",\"admin_setting_security\",\"admin_setting_user\",\"admin_user_auth\",\"admin_setting_login_bind\",\"admin_setting_user_center\",\"admin_setting_user_fields\",\"admin_setting_avatar\",\"admin_setting_user_message\",\"admin_roles\",\"admin_role_manage\",\"admin_role_create\",\"admin_role_edit\",\"admin_role_delete\",\"admin_setting_course_setting\",\"admin_setting_course\",\"admin_setting_questions_setting\",\"admin_setting_course_avatar\",\"admin_classroom_setting\",\"admin_setting_operation\",\"admin_article_setting\",\"admin_group_set\",\"admin_invite_set\",\"admin_setting_finance\",\"admin_payment\",\"admin_coin_settings\",\"admin_setting_refund\",\"admin_setting_mobile_iap_product\",\"admin_setting_mobile_iap_product_list\",\"admin_optimize\",\"admin_optimize_settings\",\"admin_setting_ip_blacklist\",\"admin_setting_ip_blacklist_manage\",\"admin_setting_post_num_rules\",\"admin_setting_post_num_rules_settings\",\"admin_report_status\",\"admin_report_status_list\",\"admin_logs\",\"admin_logs_query\",\"admin_logs_prod\",\"admin_org_manage\",\"admin_org\",\"admin_jobs_manage\",\"admin_jobs\",\"admin_job_logs\",\"admin_crontab\",\"admin_xapi_manage\",\"admin_xapi_setting\",\"admin_xapi_statement_list\",\"admin_queue_menege\",\"admin_queue_failed_logs\",\"web\",\"course_manage\",\"course_manage_info\",\"course_manage_base\",\"course_manage_detail\",\"course_manage_picture\",\"course_manage_lesson\",\"live_course_manage_replay\",\"course_manage_files\",\"course_manage_setting\",\"course_manage_price\",\"course_manage_teachers\",\"course_manage_students\",\"course_manage_student_create\",\"course_manage_questions\",\"course_manage_question\",\"course_manage_testpaper\",\"course_manange_operate\",\"course_manage_data\",\"course_manage_order\",\"classroom_manage\",\"classroom_manage_settings\",\"classroom_manage_set_info\",\"classroom_manage_set_price\",\"classroom_manage_set_picture\",\"classroom_manage_service\",\"classroom_manage_headteacher\",\"classroom_manage_teachers\",\"classroom_manage_assistants\",\"classroom_manage_content\",\"classroom_manage_courses\",\"classroom_manage_students\",\"classroom_manage_testpaper\"]', 1557541028, 2, 0);

-- --------------------------------------------------------

--
-- 表的结构 `setting`
--

CREATE TABLE `setting` (
  `id` int(10) UNSIGNED NOT NULL COMMENT '系统设置ID',
  `name` varchar(64) NOT NULL DEFAULT '' COMMENT '系统设置名',
  `value` longblob COMMENT '系统设置值',
  `namespace` varchar(255) NOT NULL DEFAULT 'default'
) ENGINE=InnoDB DEFAULT CHARSET=utf8;

--
-- 转存表中的数据 `setting`
--

INSERT INTO `setting` (`id`, `name`, `value`, `namespace`) VALUES
(1, 'theme', 0x613a313a7b733a333a22757269223b733a363a226a69616e6d6f223b7d, 'default'),
(2, 'coin', 0x613a333a7b733a31303a22636173685f6d6f64656c223b733a343a226e6f6e65223b733a393a22636173685f72617465223b693a313b733a31323a22636f696e5f656e61626c6564223b693a303b7d, 'default'),
(3, 'default', 0x613a333a7b733a31323a22636861707465725f6e616d65223b733a333a22e7aba0223b733a393a22757365725f6e616d65223b733a363a22e5ada6e59198223b733a393a22706172745f6e616d65223b733a333a22e88a82223b7d, 'default'),
(4, 'post_num_rules', 0x613a313a7b733a353a2272756c6573223b613a323a7b733a363a22746872656164223b613a313a7b733a31343a22666976654d756e69746552756c65223b613a323a7b733a383a22696e74657276616c223b693a3330303b733a373a22706f73744e756d223b693a3130303b7d7d733a31373a227468726561644c6f67696e656455736572223b613a313a7b733a31343a22666976654d756e69746552756c65223b613a323a7b733a383a22696e74657276616c223b693a3330303b733a373a22706f73744e756d223b693a35303b7d7d7d7d, 'default'),
(5, 'developer', 0x613a313a7b733a31383a22636c6f75645f6170695f6661696c6f766572223b693a313b7d, 'default'),
(7, 'mailer', 0x613a373a7b733a373a22656e61626c6564223b693a303b733a343a22686f7374223b733a31383a22736d74702e65786d61696c2e71712e636f6d223b733a343a22706f7274223b733a323a223235223b733a383a22757365726e616d65223b733a31363a2275736572406578616d706c652e636f6d223b733a383a2270617373776f7264223b733a303a22223b733a343a2266726f6d223b733a31363a2275736572406578616d706c652e636f6d223b733a343a226e616d65223b733a303a22223b7d, 'default'),
(8, 'contact', 0x613a383a7b733a373a22656e61626c6564223b693a303b733a383a22776f726b74696d65223b733a31323a22393a3030202d2031373a3030223b733a323a227171223b613a313a7b693a303b613a323a7b733a343a226e616d65223b733a303a22223b733a363a226e756d626572223b733a303a22223b7d7d733a373a22717167726f7570223b613a313a7b693a303b613a323a7b733a343a226e616d65223b733a303a22223b733a363a226e756d626572223b733a303a22223b7d7d733a353a2270686f6e65223b613a313a7b693a303b613a323a7b733a343a226e616d65223b733a303a22223b733a363a226e756d626572223b733a303a22223b7d7d733a31303a2277656263686174555249223b733a303a22223b733a353a22656d61696c223b733a303a22223b733a353a22636f6c6f72223b733a373a2264656661756c74223b7d, 'default'),
(9, 'payment', 0x613a363a7b733a373a22656e61626c6564223b693a303b733a31323a2262616e6b5f67617465776179223b733a343a226e6f6e65223b733a31343a22616c697061795f656e61626c6564223b693a303b733a31303a22616c697061795f6b6579223b733a303a22223b733a31363a22616c697061795f6163636573734b6579223b733a303a22223b733a31363a22616c697061795f7365637265744b6579223b733a303a22223b7d, 'default'),
(10, 'refund', 0x613a343a7b733a31333a226d6178526566756e6444617973223b693a31303b733a31373a226170706c794e6f74696669636174696f6e223b733a3130373a22e682a8e5a5bdefbc8ce682a8e98080e6acbee79a847b7b6974656d7d7defbc8ce7aea1e79086e59198e5b7b2e694b6e588b0e682a8e79a84e98080e6acbee794b3e8afb7efbc8ce8afb7e88090e5bf83e7ad89e5be85e98080e6acbee5aea1e6a0b8e7bb93e69e9ce38082223b733a31393a22737563636573734e6f74696669636174696f6e223b733a38323a22e682a8e5a5bdefbc8ce682a8e794b3e8afb7e98080e6acbee79a847b7b6974656d7d7d20e5aea1e6a0b8e9809ae8bf87efbc8ce5b086e4b8bae682a8e98080e6acbe7b7b616d6f756e747d7de58583e38082223b733a31383a226661696c65644e6f74696669636174696f6e223b733a39333a22e682a8e5a5bdefbc8ce682a8e794b3e8afb7e98080e6acbee79a847b7b6974656d7d7d20e5aea1e6a0b8e69caae9809ae8bf87efbc8ce8afb7e4b88ee7aea1e79086e59198e5868de58d8fe59586e8a7a3e586b3e7baa0e7bab7e38082223b7d, 'default'),
(12, 'storage', 0x613a353a7b733a31313a2275706c6f61645f6d6f6465223b733a353a226c6f63616c223b733a31363a22636c6f75645f6170695f736572766572223b733a32323a22687474703a2f2f6170692e656475736f686f2e6e6574223b733a31363a22636c6f75645f6163636573735f6b6579223b733a303a22223b733a31363a22636c6f75645f7365637265745f6b6579223b733a303a22223b733a31353a22766964656f5f68355f656e61626c65223b693a313b7d, 'default'),
(13, 'auth', 0x613a383a7b733a31333a2272656769737465725f6d6f6465223b733a353a22656d61696c223b733a32323a22656d61696c5f61637469766174696f6e5f7469746c65223b733a33333a22e8afb7e6bf80e6b4bbe682a8e79a847b7b736974656e616d657d7de5b890e58fb7223b733a32313a22656d61696c5f61637469766174696f6e5f626f6479223b733a3336363a2248692c207b7b6e69636b6e616d657d7d0a0ae6aca2e8bf8ee58aa0e585a57b7b736974656e616d657d7d210a0ae8afb7e782b9e587bbe4b88be99da2e79a84e993bee68ea5e5ae8ce68890e6b3a8e5868cefbc9a0a0a7b7b76657269667975726c7d7d0a0ae5a682e69e9ce4bba5e4b88ae993bee68ea5e697a0e6b395e782b9e587bbefbc8ce8afb7e5b086e4b88ae99da2e79a84e59cb0e59d80e5a48de588b6e588b0e4bda0e79a84e6b58fe8a788e599a828e5a682494529e79a84e59cb0e59d80e6a08fe4b8ade68993e5bc80efbc8ce8afa5e993bee68ea5e59cb0e59d803234e5b08fe697b6e58685e68993e5bc80e69c89e69588e380820a0ae6849fe8b0a2e5afb97b7b736974656e616d657d7de79a84e694afe68c81efbc810a0a7b7b736974656e616d657d7d207b7b7369746575726c7d7d0a0a28e8bf99e698afe4b880e5b081e887aae58aa8e4baa7e7949fe79a84656d61696cefbc8ce8afb7e58bbfe59b9ee5a48de3808229223b733a31353a2277656c636f6d655f656e61626c6564223b733a363a226f70656e6564223b733a31343a2277656c636f6d655f73656e646572223b733a31353a22e6b58be8af95e7aea1e79086e59198223b733a31353a2277656c636f6d655f6d6574686f6473223b613a303a7b7d733a31333a2277656c636f6d655f7469746c65223b733a32343a22e6aca2e8bf8ee58aa0e585a57b7b736974656e616d657d7d223b733a31323a2277656c636f6d655f626f6479223b733a3133383a22e682a8e5a5bd7b7b6e69636b6e616d657d7defbc8ce68891e698af7b7b736974656e616d657d7de79a84e7aea1e79086e59198efbc8ce6aca2e8bf8ee58aa0e585a57b7b736974656e616d657d7defbc8ce7a59de682a8e5ada6e4b9a0e68489e5bfabe38082e5a682e69c89e997aee9a298efbc8ce99a8fe697b6e4b88ee68891e88194e7b3bbe38082223b7d, 'default'),
(14, 'magic', 0x613a343a7b733a31383a226578706f72745f616c6c6f775f636f756e74223b693a3130303030303b733a31323a226578706f72745f6c696d6974223b693a31303030303b733a31303a22656e61626c655f6f7267223b693a303b733a31393a2264697361626c655f7765625f63726f6e746162223b693a313b7d, 'default'),
(17, 'learn_statistics', 0x613a333a7b733a31313a2263757272656e7454696d65223b693a313535373530343030303b733a383a2274696d657370616e223b693a33313533363030303b733a31393a2273796e63546f74616c44617461537461747573223b693a313b7d, 'default'),
(20, 'sms_account', 0x613a313a7b733a363a22737461747573223b733a363a226e6f726d616c223b7d, 'default'),
(24, '_app_last_check', 0x693a313535383335313939393b, 'default'),
(25, 'esBar', 0x613a313a7b733a373a22656e61626c6564223b733a313a2230223b7d, 'default'),
(26, 'site', 0x613a31333a7b733a343a226e616d65223b733a31383a22e59ca8e7babfe88083e8af95e7b3bbe7bb9f223b733a363a22736c6f67616e223b733a33333a22e5bcbae5a4a7e79a84e59ca8e7babfe69599e882b2e8a7a3e586b3e696b9e6a188223b733a333a2275726c223b733a32333a22687474703a2f2f64656d6f2e656475736f686f2e636f6d223b733a343a226c6f676f223b733a303a22223b733a373a2266617669636f6e223b733a303a22223b733a31323a2273656f5f6b6579776f726473223b733a35393a22656475736f686f2c20e59ca8e7babfe69599e882b2e8bdafe4bbb62c20e59ca8e7babfe59ca8e7babfe69599e882b2e8a7a3e586b3e696b9e6a188223b733a31353a2273656f5f6465736372697074696f6e223b733a34333a22656475736f686fe698afe5bcbae5a4a7e79a84e59ca8e7babfe69599e882b2e5bc80e6ba90e8bdafe4bbb6223b733a31323a226d61737465725f656d61696c223b733a31363a227465737440656475736f686f2e636f6d223b733a393a22636f70797269676874223b733a303a22223b733a333a22696370223b733a32333a2220e6b599494350e5a4873133303036383532e58fb72d31223b733a393a22616e616c7974696373223b733a303a22223b733a363a22737461747573223b733a343a226f70656e223b733a31313a22636c6f7365645f6e6f7465223b733a303a22223b7d, 'default');

-- --------------------------------------------------------

--
-- 表的结构 `testpaper_item_result_v8`
--

CREATE TABLE `testpaper_item_result_v8` (
  `id` int(10) UNSIGNED NOT NULL,
  `itemId` int(10) UNSIGNED NOT NULL DEFAULT '0' COMMENT '试卷题目id',
  `testId` int(10) UNSIGNED NOT NULL DEFAULT '0',
  `resultId` int(10) NOT NULL DEFAULT '0' COMMENT '试卷结果ID',
  `userId` int(10) UNSIGNED NOT NULL DEFAULT '0',
  `questionId` int(10) UNSIGNED NOT NULL DEFAULT '0',
  `status` enum('none','right','partRight','wrong','noAnswer') NOT NULL DEFAULT 'none',
  `score` float(10,1) NOT NULL DEFAULT '0.0',
  `answer` text,
  `teacherSay` text,
  `pId` int(10) UNSIGNED NOT NULL DEFAULT '0' COMMENT '复制试卷题目Id',
  `migrateItemResultId` int(11) UNSIGNED NOT NULL DEFAULT '0',
  `type` varchar(32) NOT NULL DEFAULT 'testpaper' COMMENT '测验类型'
) ENGINE=InnoDB DEFAULT CHARSET=utf8;

--
-- 转存表中的数据 `testpaper_item_result_v8`
--

INSERT INTO `testpaper_item_result_v8` (`id`, `itemId`, `testId`, `resultId`, `userId`, `questionId`, `status`, `score`, `answer`, `teacherSay`, `pId`, `migrateItemResultId`, `type`) VALUES
(1, 0, 1, 1, 2, 1, 'right', 2.0, '[\"0\"]', NULL, 0, 0, 'testpaper'),
(2, 0, 1, 1, 2, 2, 'wrong', 0.0, '[\"1\"]', NULL, 0, 0, 'testpaper'),
(3, 0, 1, 2, 3, 1, 'right', 2.0, '[\"0\"]', NULL, 0, 0, 'testpaper'),
(4, 0, 1, 2, 3, 2, 'wrong', 0.0, '[\"1\"]', NULL, 0, 0, 'testpaper'),
(5, 0, 1, 3, 3, 1, 'right', 2.0, '[\"0\"]', NULL, 0, 0, 'testpaper'),
(6, 0, 1, 3, 3, 2, 'right', 2.0, '[\"0\"]', NULL, 0, 0, 'testpaper'),
(7, 0, 3, 4, 3, 5, 'right', 2.0, '[\"0\"]', NULL, 0, 0, 'testpaper'),
(8, 0, 3, 4, 3, 6, 'right', 2.0, '[\"0\",\"1\"]', NULL, 0, 0, 'testpaper'),
(9, 0, 3, 4, 3, 7, 'right', 2.0, '[\"<p>\\u5b98\\u65b9\\u7c89\\u4e1d<\\/p>\\n\"]', '<p>法三国四方</p>\n', 0, 0, 'testpaper'),
(10, 0, 3, 4, 3, 8, 'right', 2.0, '[\"1\"]', NULL, 0, 0, 'testpaper'),
(11, 0, 3, 4, 3, 9, 'wrong', 0.0, '[\"\\u8033\\u585e\\u798f\\u5bfa\"]', NULL, 0, 0, 'testpaper'),
(12, 0, 3, 5, 3, 5, 'wrong', 0.0, '[\"1\"]', NULL, 0, 0, 'testpaper'),
(13, 0, 3, 5, 3, 6, 'partRight', 0.0, '[\"1\"]', NULL, 0, 0, 'testpaper'),
(14, 0, 3, 5, 3, 7, 'noAnswer', 0.0, '[\"\"]', '', 0, 0, 'testpaper'),
(15, 0, 3, 5, 3, 8, 'right', 2.0, '[\"1\"]', NULL, 0, 0, 'testpaper'),
(16, 0, 3, 5, 3, 9, 'noAnswer', 0.0, '[\"\"]', NULL, 0, 0, 'testpaper'),
(17, 0, 3, 6, 3, 5, 'noAnswer', 0.0, '', NULL, 0, 0, 'testpaper'),
(18, 0, 3, 6, 3, 6, 'noAnswer', 0.0, '', NULL, 0, 0, 'testpaper'),
(19, 0, 3, 6, 3, 7, 'noAnswer', 0.0, '[\"\"]', '', 0, 0, 'testpaper'),
(20, 0, 3, 6, 3, 8, 'noAnswer', 0.0, '', NULL, 0, 0, 'testpaper'),
(21, 0, 3, 6, 3, 9, 'noAnswer', 0.0, '[\"\"]', NULL, 0, 0, 'testpaper'),
(22, 0, 3, 7, 3, 5, 'wrong', 0.0, '[\"1\"]', NULL, 0, 0, 'testpaper'),
(23, 0, 3, 7, 3, 6, 'partRight', 0.0, '[\"0\"]', NULL, 0, 0, 'testpaper'),
(24, 0, 3, 7, 3, 7, 'noAnswer', 0.0, '[\"\"]', '', 0, 0, 'testpaper'),
(25, 0, 3, 7, 3, 8, 'noAnswer', 0.0, '', NULL, 0, 0, 'testpaper'),
(26, 0, 3, 7, 3, 9, 'noAnswer', 0.0, '[\"\"]', NULL, 0, 0, 'testpaper'),
(27, 0, 3, 8, 3, 5, 'wrong', 0.0, '[\"2\"]', NULL, 0, 0, 'testpaper'),
(28, 0, 3, 8, 3, 6, 'partRight', 0.0, '[\"1\"]', NULL, 0, 0, 'testpaper'),
(29, 0, 3, 8, 3, 7, 'noAnswer', 0.0, '[\"\"]', '', 0, 0, 'testpaper'),
(30, 0, 3, 8, 3, 8, 'right', 2.0, '[\"1\"]', NULL, 0, 0, 'testpaper'),
(31, 0, 3, 8, 3, 9, 'noAnswer', 0.0, '[\"\"]', NULL, 0, 0, 'testpaper'),
(32, 0, 3, 9, 3, 5, 'wrong', 0.0, '[\"2\"]', NULL, 0, 0, 'testpaper'),
(33, 0, 3, 9, 3, 6, 'partRight', 0.0, '[\"1\"]', NULL, 0, 0, 'testpaper'),
(34, 0, 3, 9, 3, 7, 'noAnswer', 1.0, '[\"\"]', '', 0, 0, 'testpaper'),
(35, 0, 3, 9, 3, 8, 'right', 2.0, '[\"1\"]', NULL, 0, 0, 'testpaper'),
(36, 0, 3, 9, 3, 9, 'noAnswer', 0.0, '[\"\"]', NULL, 0, 0, 'testpaper'),
(37, 0, 3, 10, 3, 5, 'wrong', 0.0, '[\"1\"]', NULL, 0, 0, 'testpaper'),
(38, 0, 3, 10, 3, 6, 'noAnswer', 0.0, '', NULL, 0, 0, 'testpaper'),
(39, 0, 3, 10, 3, 7, 'noAnswer', 0.0, '[\"\"]', '', 0, 0, 'testpaper'),
(40, 0, 3, 10, 3, 8, 'noAnswer', 0.0, '', NULL, 0, 0, 'testpaper'),
(41, 0, 3, 10, 3, 9, 'noAnswer', 0.0, '[\"\"]', NULL, 0, 0, 'testpaper'),
(42, 0, 3, 11, 3, 5, 'right', 2.0, '[\"0\"]', NULL, 0, 0, 'testpaper'),
(43, 0, 3, 11, 3, 6, 'partRight', 0.0, '[\"0\"]', NULL, 0, 0, 'testpaper'),
(44, 0, 3, 11, 3, 7, 'noAnswer', 0.0, '[\"\"]', '', 0, 0, 'testpaper'),
(45, 0, 3, 11, 3, 8, 'wrong', 0.0, '[\"0\"]', NULL, 0, 0, 'testpaper'),
(46, 0, 3, 11, 3, 9, 'noAnswer', 0.0, '[\"\"]', NULL, 0, 0, 'testpaper'),
(47, 0, 2, 12, 3, 3, 'wrong', 0.0, '[\"2\"]', NULL, 0, 0, 'testpaper'),
(48, 0, 2, 12, 3, 4, 'wrong', 0.0, '[\"1\"]', NULL, 0, 0, 'testpaper'),
(49, 0, 3, 13, 2, 5, 'noAnswer', 0.0, '', NULL, 0, 0, 'testpaper'),
(50, 0, 3, 13, 2, 6, 'noAnswer', 0.0, '', NULL, 0, 0, 'testpaper'),
(51, 0, 3, 13, 2, 7, 'noAnswer', 0.0, '[\"\"]', '', 0, 0, 'testpaper'),
(52, 0, 3, 13, 2, 8, 'noAnswer', 0.0, '', NULL, 0, 0, 'testpaper'),
(53, 0, 3, 13, 2, 9, 'noAnswer', 0.0, '[\"\"]', NULL, 0, 0, 'testpaper'),
(54, 0, 3, 14, 2, 5, 'wrong', 0.0, '[\"2\"]', NULL, 0, 0, 'testpaper'),
(55, 0, 3, 14, 2, 6, 'partRight', 0.0, '[\"0\"]', NULL, 0, 0, 'testpaper'),
(56, 0, 3, 14, 2, 7, 'right', 2.0, '[\"<p>fqqreeq<\\/p>\\n\"]', '', 0, 0, 'testpaper'),
(57, 0, 3, 14, 2, 8, 'right', 2.0, '[\"1\"]', NULL, 0, 0, 'testpaper'),
(58, 0, 3, 14, 2, 9, 'noAnswer', 0.0, '[\"\"]', NULL, 0, 0, 'testpaper'),
(59, 0, 3, 15, 4, 5, 'wrong', 0.0, '[\"2\"]', NULL, 0, 0, 'testpaper'),
(60, 0, 3, 15, 4, 6, 'wrong', 0.0, '[\"1\",\"2\"]', NULL, 0, 0, 'testpaper'),
(61, 0, 3, 15, 4, 7, 'noAnswer', 2.0, '[\"\"]', '<p>更何况反抗和</p>\n', 0, 0, 'testpaper'),
(62, 0, 3, 15, 4, 8, 'right', 2.0, '[\"1\"]', NULL, 0, 0, 'testpaper'),
(63, 0, 3, 15, 4, 9, 'noAnswer', 0.0, '[\"\"]', NULL, 0, 0, 'testpaper'),
(64, 0, 3, 16, 4, 5, 'right', 2.0, '[\"0\"]', NULL, 0, 0, 'testpaper'),
(65, 0, 3, 16, 4, 6, 'partRight', 0.0, '[\"1\"]', NULL, 0, 0, 'testpaper'),
(66, 0, 3, 16, 4, 7, 'noAnswer', 0.0, '[\"\"]', '', 0, 0, 'testpaper'),
(67, 0, 3, 16, 4, 8, 'right', 2.0, '[\"1\"]', NULL, 0, 0, 'testpaper'),
(68, 0, 3, 16, 4, 9, 'noAnswer', 0.0, '[\"\"]', NULL, 0, 0, 'testpaper'),
(69, 0, 4, 17, 3, 10, 'wrong', 0.0, '[\"1\"]', NULL, 0, 0, 'testpaper'),
(70, 0, 4, 17, 3, 11, 'wrong', 0.0, '[\"3\"]', NULL, 0, 0, 'testpaper'),
(71, 0, 4, 17, 3, 12, 'right', 2.0, '[\"<p>\\u98ce\\u683c\\u526f<\\/p>\\n\"]', '', 0, 0, 'testpaper'),
(72, 0, 4, 17, 3, 13, 'wrong', 0.0, '[\"0\"]', NULL, 0, 0, 'testpaper'),
(73, 0, 4, 18, 3, 10, 'wrong', 0.0, '[\"1\"]', NULL, 0, 0, 'testpaper'),
(74, 0, 4, 18, 3, 11, 'wrong', 0.0, '[\"3\"]', NULL, 0, 0, 'testpaper'),
(75, 0, 4, 18, 3, 12, 'noAnswer', 2.0, '[\"\"]', '', 0, 0, 'testpaper'),
(76, 0, 4, 18, 3, 13, 'wrong', 0.0, '[\"0\"]', NULL, 0, 0, 'testpaper'),
(77, 0, 4, 19, 3, 10, 'wrong', 0.0, '[\"1\"]', NULL, 0, 0, 'testpaper'),
(78, 0, 4, 19, 3, 11, 'partRight', 0.0, '[\"1\"]', NULL, 0, 0, 'testpaper'),
(79, 0, 4, 19, 3, 12, 'right', 2.0, '[\"<p><strong>4846124512<\\/strong><em>555156<\\/em><\\/p>\\n\"]', '<p>gsfseffes</p>\n', 0, 0, 'testpaper'),
(80, 0, 4, 19, 3, 13, 'right', 2.0, '[\"1\"]', NULL, 0, 0, 'testpaper'),
(81, 0, 8, 20, 3, 25, 'wrong', 0.0, '[\"1\"]', NULL, 0, 0, 'testpaper'),
(82, 0, 8, 21, 3, 25, 'right', 5.0, '[\"3\"]', NULL, 0, 0, 'testpaper'),
(83, 0, 8, 22, 3, 25, 'wrong', 0.0, '[\"0\"]', NULL, 0, 0, 'testpaper'),
(84, 0, 10, 23, 3, 26, 'wrong', 0.0, '[\"<p>\\u5218\\u90a6<\\/p>\\n\"]', '<p>继续努力。</p>\n', 0, 0, 'testpaper'),
(85, 0, 8, 24, 3, 25, 'wrong', 0.0, '[\"1\"]', NULL, 0, 0, 'testpaper'),
(86, 0, 10, 25, 3, 26, 'none', 0.0, '[\"<p>hghsfsf<\\/p>\\n\"]', NULL, 0, 0, 'testpaper'),
(87, 0, 12, 26, 3, 25, 'wrong', 0.0, '[\"1\"]', NULL, 0, 0, 'testpaper'),
(88, 0, 12, 26, 3, 27, 'wrong', 0.0, '[\"1\"]', NULL, 0, 0, 'testpaper'),
(89, 0, 12, 26, 3, 28, 'wrong', 0.0, '[\"1\"]', NULL, 0, 0, 'testpaper'),
(90, 0, 8, 27, 3, 25, 'noAnswer', 0.0, '', NULL, 0, 0, 'testpaper'),
(91, 0, 14, 28, 3, 29, 'right', 2.0, '[\"0\"]', NULL, 0, 0, 'testpaper'),
(92, 0, 14, 29, 3, 29, 'wrong', 0.0, '[\"1\"]', NULL, 0, 0, 'testpaper');

-- --------------------------------------------------------

--
-- 表的结构 `testpaper_item_v8`
--

CREATE TABLE `testpaper_item_v8` (
  `id` int(10) UNSIGNED NOT NULL COMMENT '题目',
  `testId` int(10) UNSIGNED NOT NULL DEFAULT '0' COMMENT '所属试卷',
  `seq` int(10) UNSIGNED NOT NULL DEFAULT '0' COMMENT '题目顺序',
  `questionId` int(10) UNSIGNED NOT NULL DEFAULT '0' COMMENT '题目id',
  `questionType` varchar(64) NOT NULL DEFAULT '' COMMENT '题目类别',
  `parentId` int(10) UNSIGNED NOT NULL DEFAULT '0',
  `score` float(10,1) UNSIGNED NOT NULL DEFAULT '0.0' COMMENT '分值',
  `missScore` float(10,1) UNSIGNED NOT NULL DEFAULT '0.0',
  `copyId` int(10) NOT NULL DEFAULT '0' COMMENT '复制来源testpaper_item的id',
  `migrateItemId` int(11) UNSIGNED NOT NULL DEFAULT '0',
  `type` varchar(32) NOT NULL DEFAULT 'testpaper' COMMENT '测验类型'
) ENGINE=InnoDB DEFAULT CHARSET=utf8;

--
-- 转存表中的数据 `testpaper_item_v8`
--

INSERT INTO `testpaper_item_v8` (`id`, `testId`, `seq`, `questionId`, `questionType`, `parentId`, `score`, `missScore`, `copyId`, `migrateItemId`, `type`) VALUES
(5, 2, 1, 3, 'single_choice', 0, 2.0, 0.0, 3, 0, 'testpaper'),
(6, 2, 2, 4, 'single_choice', 0, 2.0, 0.0, 4, 0, 'testpaper'),
(17, 4, 1, 10, 'single_choice', 0, 2.0, 0.0, 12, 0, 'testpaper'),
(18, 4, 2, 11, 'choice', 0, 2.0, 0.0, 13, 0, 'testpaper'),
(19, 4, 3, 12, 'essay', 0, 2.0, 0.0, 14, 0, 'testpaper'),
(20, 4, 4, 14, 'fill', 0, 2.0, 0.0, 15, 0, 'testpaper'),
(21, 4, 5, 13, 'determine', 0, 2.0, 0.0, 16, 0, 'testpaper'),
(22, 5, 1, 15, 'single_choice', 0, 2.0, 0.0, 12, 0, 'testpaper'),
(23, 5, 2, 16, 'choice', 0, 2.0, 0.0, 13, 0, 'testpaper'),
(24, 5, 3, 17, 'essay', 0, 2.0, 0.0, 14, 0, 'testpaper'),
(25, 5, 4, 19, 'fill', 0, 2.0, 0.0, 15, 0, 'testpaper'),
(26, 5, 5, 18, 'determine', 0, 2.0, 0.0, 16, 0, 'testpaper'),
(27, 6, 1, 20, 'single_choice', 0, 2.0, 0.0, 3, 0, 'testpaper'),
(28, 6, 2, 21, 'single_choice', 0, 2.0, 0.0, 4, 0, 'testpaper'),
(31, 8, 1, 25, 'single_choice', 0, 5.0, 0.0, 0, 0, 'testpaper'),
(35, 10, 1, 26, 'essay', 0, 5.0, 0.0, 0, 0, 'testpaper'),
(39, 11, 1, 25, 'single_choice', 0, 2.0, 0.0, 0, 0, 'testpaper'),
(40, 11, 2, 27, 'single_choice', 0, 2.0, 0.0, 0, 0, 'testpaper'),
(41, 11, 3, 26, 'essay', 0, 2.0, 0.0, 0, 0, 'testpaper'),
(45, 12, 1, 27, 'single_choice', 0, 2.0, 0.0, 0, 0, 'testpaper'),
(46, 12, 2, 25, 'single_choice', 0, 2.0, 0.0, 0, 0, 'testpaper'),
(47, 12, 3, 28, 'single_choice', 0, 2.0, 0.0, 0, 0, 'testpaper'),
(52, 13, 1, 27, 'single_choice', 0, 2.0, 0.0, 0, 0, 'testpaper'),
(53, 13, 2, 25, 'single_choice', 0, 2.0, 0.0, 0, 0, 'testpaper'),
(54, 13, 3, 28, 'single_choice', 0, 2.0, 0.0, 0, 0, 'testpaper'),
(55, 13, 4, 26, 'essay', 0, 2.0, 0.0, 0, 0, 'testpaper'),
(57, 14, 1, 29, 'single_choice', 0, 2.0, 0.0, 0, 0, 'testpaper');

-- --------------------------------------------------------

--
-- 表的结构 `testpaper_result_v8`
--

CREATE TABLE `testpaper_result_v8` (
  `id` int(10) UNSIGNED NOT NULL COMMENT 'id',
  `paperName` varchar(255) NOT NULL DEFAULT '',
  `testId` int(10) UNSIGNED NOT NULL DEFAULT '0' COMMENT 'testId',
  `userId` int(10) UNSIGNED NOT NULL DEFAULT '0' COMMENT 'UserId',
  `courseId` int(10) NOT NULL DEFAULT '0',
  `lessonId` int(10) NOT NULL DEFAULT '0',
  `score` float(10,1) UNSIGNED NOT NULL DEFAULT '0.0' COMMENT '分数',
  `objectiveScore` float(10,1) UNSIGNED NOT NULL DEFAULT '0.0',
  `subjectiveScore` float(10,1) UNSIGNED NOT NULL DEFAULT '0.0',
  `teacherSay` text,
  `rightItemCount` int(10) UNSIGNED NOT NULL DEFAULT '0',
  `passedStatus` enum('none','excellent','good','passed','unpassed') NOT NULL DEFAULT 'none' COMMENT '考试通过状态，none表示该考试没有',
  `limitedTime` int(10) UNSIGNED NOT NULL DEFAULT '0' COMMENT '试卷限制时间(秒)',
  `beginTime` int(10) UNSIGNED NOT NULL DEFAULT '0' COMMENT '开始时间',
  `endTime` int(10) UNSIGNED NOT NULL DEFAULT '0' COMMENT '结束时间',
  `updateTime` int(10) UNSIGNED NOT NULL DEFAULT '0',
  `metas` text COMMENT '练习的题型排序等附属信息',
  `active` tinyint(3) UNSIGNED NOT NULL DEFAULT '0',
  `status` enum('doing','paused','reviewing','finished') NOT NULL COMMENT '状态',
  `target` varchar(255) NOT NULL DEFAULT '',
  `checkTeacherId` int(10) UNSIGNED NOT NULL DEFAULT '0',
  `checkedTime` int(11) NOT NULL DEFAULT '0',
  `usedTime` int(10) UNSIGNED NOT NULL DEFAULT '0',
  `type` varchar(32) NOT NULL DEFAULT 'testpaper' COMMENT '测验类型',
  `courseSetId` int(11) UNSIGNED NOT NULL DEFAULT '0',
  `migrateResultId` int(11) UNSIGNED NOT NULL DEFAULT '0'
) ENGINE=InnoDB DEFAULT CHARSET=utf8;

--
-- 转存表中的数据 `testpaper_result_v8`
--

INSERT INTO `testpaper_result_v8` (`id`, `paperName`, `testId`, `userId`, `courseId`, `lessonId`, `score`, `objectiveScore`, `subjectiveScore`, `teacherSay`, `rightItemCount`, `passedStatus`, `limitedTime`, `beginTime`, `endTime`, `updateTime`, `metas`, `active`, `status`, `target`, `checkTeacherId`, `checkedTime`, `usedTime`, `type`, `courseSetId`, `migrateResultId`) VALUES
(1, '试卷42342', 1, 2, 1, 1, 2.0, 2.0, 0.0, NULL, 1, 'passed', 0, 1557545219, 1557545229, 1557545229, NULL, 0, 'finished', '', 0, 1557545229, 8, 'testpaper', 1, 0),
(2, '试卷42342', 1, 3, 1, 1, 2.0, 2.0, 0.0, NULL, 1, 'passed', 0, 1557628898, 1557628906, 1557628906, NULL, 0, 'finished', '', 0, 1557628906, 7, 'testpaper', 1, 0),
(3, '试卷42342', 1, 3, 1, 1, 4.0, 4.0, 0.0, NULL, 2, 'passed', 0, 1557628961, 1557628970, 1557628970, NULL, 0, 'finished', '', 0, 1557628970, 7, 'testpaper', 1, 0),
(4, '计算机网络2019期末考试', 3, 3, 3, 3, 8.0, 6.0, 2.0, '继续努力，继续进步！', 4, 'passed', 30, 1557994612, 1557994682, 1557994806, NULL, 0, 'finished', '', 2, 1557994806, 62, 'testpaper', 3, 0),
(5, '计算机网络2019期末考试', 3, 3, 3, 3, 2.0, 2.0, 0.0, '继续努力，继续进步！', 1, 'passed', 30, 1558079830, 1558080171, 1558080305, '{\"orders\":[]}', 0, 'finished', '', 2, 1558080305, 201, 'testpaper', 3, 0),
(6, '计算机网络2019期末考试', 3, 3, 3, 3, 0.0, 0.0, 0.0, '继续努力，继续进步！', 0, 'passed', 30, 1558081829, 1558169984, 1558179025, '{\"orders\":[]}', 0, 'finished', '', 2, 1558179025, 1800, 'testpaper', 3, 0),
(7, '计算机网络2019期末考试', 3, 3, 3, 4, 0.0, 0.0, 0.0, '不错，有进步，再努力些就会更棒！', 0, 'passed', 0, 1558178678, 1558178703, 1558179031, '{\"orders\":[]}', 0, 'finished', '', 2, 1558179031, 180, 'testpaper', 3, 0),
(8, '计算机网络2019期末考试', 3, 3, 3, 4, 2.0, 2.0, 0.0, '继续努力，继续进步！', 1, 'passed', 0, 1558179136, 1558179167, 1558179229, NULL, 0, 'finished', '', 2, 1558179229, 30, 'testpaper', 3, 0),
(9, '计算机网络2019期末考试', 3, 3, 3, 6, 3.0, 2.0, 1.0, '继续努力，继续进步！', 1, 'passed', 20, 1558179414, 1558179442, 1558343025, NULL, 0, 'finished', '', 2, 1558343025, 26, 'testpaper', 3, 0),
(10, '计算机网络2019期末考试', 3, 3, 3, 9, 0.0, 0.0, 0.0, '继续努力，继续进步！', 0, 'passed', 1, 1558252829, 1558252890, 1558350929, NULL, 0, 'finished', '', 2, 1558350929, 60, 'testpaper', 3, 0),
(11, '计算机网络2019期末考试', 3, 3, 3, 7, 2.0, 2.0, 0.0, '不错，有进步，再努力些就会更棒！', 1, 'passed', 1, 1558270398, 1558335797, 1558351472, '{\"orders\":[]}', 0, 'finished', '', 2, 1558351472, 181, 'testpaper', 3, 0),
(12, '试卷42342', 2, 3, 2, 2, 0.0, 0.0, 0.0, NULL, 0, 'passed', 0, 1558335923, 1558336931, 1558336931, '{\"orders\":[]}', 0, 'finished', '', 0, 1558336931, 863, 'testpaper', 2, 0),
(13, '计算机网络2019期末考试', 3, 2, 3, 9, 0.0, 0.0, 0.0, '不错，有进步，再努力些就会更棒！', 0, 'passed', 1, 1558338642, 1558338703, 1558351935, NULL, 0, 'finished', '', 2, 1558351935, 60, 'testpaper', 3, 0),
(14, '计算机网络2019期末考试', 3, 2, 3, 3, 4.0, 2.0, 2.0, '继续努力，继续进步！', 2, 'passed', 30, 1558338855, 1558355490, 1558356807, '{\"orders\":[]}', 0, 'finished', '', 2, 1558356807, 674, 'testpaper', 3, 0),
(15, '计算机网络2019期末考试', 3, 4, 3, 3, 4.0, 2.0, 2.0, '继续努力，继续进步！', 1, 'passed', 30, 1558515351, 1558515392, 1558787828, NULL, 0, 'finished', '', 2, 1558787828, 12, 'testpaper', 3, 0),
(16, '计算机网络2019期末考试', 3, 4, 3, 9, 4.0, 4.0, 0.0, '继续努力，继续进步！', 2, 'passed', 1, 1558515564, 1558515574, 1558789169, NULL, 0, 'finished', '', 2, 1558789169, 9, 'testpaper', 3, 0),
(17, '计算机网络2019期末考试', 4, 3, 4, 11, 2.0, 0.0, 2.0, '继续努力，继续进步！', 1, 'passed', 1, 1558784773, 1558785225, 1558856940, '{\"orders\":[]}', 0, 'finished', '', 2, 1558856940, 17, 'testpaper', 4, 0),
(18, '计算机网络2019期末考试', 4, 3, 4, 13, 2.0, 0.0, 2.0, '有点松懈了吧？继续加油吧！', 0, 'passed', 1, 1558857280, 1558857288, 1558857334, NULL, 0, 'finished', '', 2, 1558857334, 7, 'testpaper', 4, 0),
(19, '计算机网络2019期末考试', 4, 3, 4, 10, 4.0, 2.0, 2.0, '', 2, 'passed', 30, 1558953451, 1558953541, 1559970734, NULL, 0, 'finished', '', 2, 1559970734, 84, 'testpaper', 4, 0),
(20, '2019年春季大学英语期末考试', 8, 3, 9, 21, 0.0, 0.0, 0.0, NULL, 0, 'passed', 11, 1559448826, 1559449750, 1559449750, '{\"orders\":[]}', 0, 'finished', '', 0, 1559449750, 660, 'testpaper', 9, 0),
(21, '2019年春季大学英语期末考试', 8, 3, 9, 19, 5.0, 5.0, 0.0, NULL, 1, 'passed', 5, 1559450183, 1559450358, 1559450358, NULL, 0, 'finished', '', 0, 1559450358, 25, 'testpaper', 9, 0),
(22, '2019年春季大学英语期末考试', 8, 3, 9, 22, 0.0, 0.0, 0.0, NULL, 0, 'passed', 7, 1559460683, 1559461103, 1559461103, '{\"orders\":[]}', 0, 'finished', '', 0, 1559461103, 420, 'testpaper', 9, 0),
(23, '2019年药学试卷', 10, 3, 9, 23, 0.0, 0.0, 0.0, '分给你了。', 0, 'passed', 0, 1559462555, 1559462642, 1559465117, NULL, 0, 'finished', '', 2, 1559465117, 86, 'testpaper', 9, 0),
(24, '2019年春季大学英语期末考试', 8, 3, 9, 24, 0.0, 0.0, 0.0, NULL, 0, 'passed', 0, 1559809054, 1559962309, 1559962309, '{\"orders\":[]}', 0, 'finished', '', 0, 1559962309, 4588, 'testpaper', 9, 0),
(25, '2019年药学试卷', 10, 3, 9, 24, 0.0, 0.0, 0.0, NULL, 0, 'passed', 0, 1560090991, 1560091304, 1560100787, '{\"orders\":[]}', 0, 'reviewing', '', 0, 0, 9540, 'testpaper', 9, 0),
(26, '2019年药学试卷fsgsfsf', 12, 3, 9, 25, 0.0, 0.0, 0.0, NULL, 0, 'passed', 0, 1560099303, 1560099369, 1560099484, '{\"orders\":[]}', 0, 'finished', '', 0, 1560099369, 180, 'testpaper', 9, 0),
(27, '2019年春季大学英语期末考试', 8, 3, 9, 26, 0.0, 0.0, 0.0, NULL, 0, 'passed', 10, 1560177186, 1560177786, 1560180187, '{\"orders\":[]}', 0, 'finished', '', 0, 1560177786, 599, 'testpaper', 9, 0),
(28, '奥飞发烧反复发', 14, 3, 12, 28, 2.0, 2.0, 0.0, NULL, 1, 'passed', 0, 1560213701, 1560213710, 1560213710, NULL, 0, 'finished', '', 0, 1560213710, 8, 'testpaper', 12, 0),
(29, '奥飞发烧反复发', 14, 3, 12, 31, 0.0, 0.0, 0.0, NULL, 0, 'passed', 0, 1560216018, 1560217405, 1560217405, '{\"orders\":[]}', 0, 'finished', '', 0, 1560217405, 1386, 'testpaper', 12, 0);

-- --------------------------------------------------------

--
-- 表的结构 `testpaper_v8`
--

CREATE TABLE `testpaper_v8` (
  `id` int(10) UNSIGNED NOT NULL COMMENT 'id',
  `name` varchar(255) NOT NULL DEFAULT '' COMMENT '试卷名称',
  `description` text COMMENT '试卷说明',
  `courseId` int(10) NOT NULL DEFAULT '0',
  `lessonId` int(10) NOT NULL DEFAULT '0',
  `limitedTime` int(10) UNSIGNED NOT NULL DEFAULT '0' COMMENT '限时(单位：秒)',
  `pattern` varchar(255) NOT NULL DEFAULT '' COMMENT '试卷生成/显示模式',
  `target` varchar(255) NOT NULL DEFAULT '',
  `status` varchar(32) NOT NULL DEFAULT 'draft' COMMENT '试卷状态：draft,open,closed',
  `score` float(10,1) UNSIGNED NOT NULL DEFAULT '0.0' COMMENT '总分',
  `passedCondition` text,
  `itemCount` int(10) UNSIGNED NOT NULL DEFAULT '0' COMMENT '题目数量',
  `createdUserId` int(10) UNSIGNED NOT NULL DEFAULT '0' COMMENT '创建人',
  `createdTime` int(10) UNSIGNED NOT NULL DEFAULT '0' COMMENT '创建时间',
  `updatedUserId` int(10) UNSIGNED NOT NULL DEFAULT '0' COMMENT '修改人',
  `updatedTime` int(10) UNSIGNED NOT NULL DEFAULT '0' COMMENT '修改时间',
  `metas` text COMMENT '题型排序',
  `copyId` int(10) NOT NULL DEFAULT '0' COMMENT '复制试卷对应Id',
  `type` varchar(32) NOT NULL DEFAULT 'testpaper' COMMENT '测验类型',
  `courseSetId` int(11) UNSIGNED NOT NULL DEFAULT '0',
  `migrateTestId` int(11) UNSIGNED NOT NULL DEFAULT '0'
) ENGINE=InnoDB DEFAULT CHARSET=utf8;

--
-- 转存表中的数据 `testpaper_v8`
--

INSERT INTO `testpaper_v8` (`id`, `name`, `description`, `courseId`, `lessonId`, `limitedTime`, `pattern`, `target`, `status`, `score`, `passedCondition`, `itemCount`, `createdUserId`, `createdTime`, `updatedUserId`, `updatedTime`, `metas`, `copyId`, `type`, `courseSetId`, `migrateTestId`) VALUES
(2, '试卷42342', '<p>反对方法三法司斯蒂芬斯</p>\r\n', 0, 0, 0, 'questionType', 'course-2', 'open', 4.0, '[\"0\"]', 2, 2, 1557632506, 2, 1557632506, '{\"mode\":\"rand\",\"ranges\":{\"courseId\":\"1\"},\"counts\":{\"single_choice\":2},\"scores\":{\"single_choice\":\"2\",\"choice\":\"2\",\"essay\":\"2\",\"uncertain_choice\":\"2\",\"determine\":\"2\",\"fill\":\"2\",\"material\":\"2\"},\"missScores\":{\"choice\":\"0\",\"uncertain_choice\":\"0\"},\"percentages\":{\"simple\":\"30\",\"normal\":\"40\",\"difficulty\":\"30\"},\"question_type_seq\":[]}', 1, 'testpaper', 2, 0),
(4, '计算机网络2019期末考试', '<p>躯体阿解放后其胡椒粉林斯基。</p>\r\n', 0, 0, 0, 'questionType', '', 'open', 10.0, '[\"0\"]', 5, 2, 1558422207, 2, 1558775084, '{\"mode\":\"rand\",\"ranges\":{\"courseId\":\"0\"},\"counts\":{\"single_choice\":1,\"choice\":1,\"essay\":1,\"fill\":1,\"determine\":1},\"scores\":{\"single_choice\":\"2\",\"choice\":\"2\",\"essay\":\"2\",\"uncertain_choice\":\"2\",\"fill\":\"2\",\"determine\":\"2\",\"material\":\"2\"},\"missScores\":{\"choice\":\"0\",\"uncertain_choice\":\"0\"},\"percentages\":{\"simple\":\"30\",\"normal\":\"40\",\"difficulty\":\"30\"},\"question_type_seq\":[]}', 3, 'testpaper', 4, 0),
(5, '计算机网络2019期末考试', '<p>躯体阿解放后其胡椒粉林斯基。</p>\r\n', 0, 0, 0, 'questionType', '', 'open', 10.0, '[\"0\"]', 5, 2, 1558438214, 2, 1558775084, '{\"mode\":\"rand\",\"ranges\":{\"courseId\":\"0\"},\"counts\":{\"single_choice\":1,\"choice\":1,\"essay\":1,\"fill\":1,\"determine\":1},\"scores\":{\"single_choice\":\"2\",\"choice\":\"2\",\"essay\":\"2\",\"uncertain_choice\":\"2\",\"fill\":\"2\",\"determine\":\"2\",\"material\":\"2\"},\"missScores\":{\"choice\":\"0\",\"uncertain_choice\":\"0\"},\"percentages\":{\"simple\":\"30\",\"normal\":\"40\",\"difficulty\":\"30\"},\"question_type_seq\":[]}', 3, 'testpaper', 5, 0),
(6, '试卷42342', '<p>反对方法三法司斯蒂芬斯</p>\r\n', 0, 0, 0, 'questionType', 'course-6', 'open', 4.0, '[\"0\"]', 2, 2, 1558438245, 2, 1558438245, '{\"mode\":\"rand\",\"ranges\":{\"courseId\":\"1\"},\"counts\":{\"single_choice\":2},\"scores\":{\"single_choice\":\"2\",\"choice\":\"2\",\"essay\":\"2\",\"uncertain_choice\":\"2\",\"determine\":\"2\",\"fill\":\"2\",\"material\":\"2\"},\"missScores\":{\"choice\":\"0\",\"uncertain_choice\":\"0\"},\"percentages\":{\"simple\":\"30\",\"normal\":\"40\",\"difficulty\":\"30\"},\"question_type_seq\":[]}', 1, 'testpaper', 6, 0),
(8, '2019年春季大学英语期末考试', '<p>忽而家里了世界诶发生了。</p>\r\n', 0, 0, 0, 'questionType', '', 'open', 5.0, '[0]', 1, 2, 1559378439, 2, 1559383590, '{\"mode\":\"rand\",\"ranges\":{\"courseId\":\"9\"},\"counts\":{\"single_choice\":\"1\"},\"scores\":{\"single_choice\":\"5\",\"choice\":\"2\",\"essay\":\"2\",\"determine\":\"2\",\"fill\":\"2\"},\"missScores\":{\"choice\":\"0\"},\"percentages\":{\"simple\":\"\",\"normal\":\"\",\"difficulty\":\"\"}}', 0, 'testpaper', 9, 0),
(10, '2019年药学试卷', '<p>和附件三色哦我就死了复活。</p>\r\n', 0, 0, 0, 'questionType', '', 'open', 5.0, '[\"0\"]', 1, 2, 1559462455, 2, 1559462500, '{\"mode\":\"rand\",\"ranges\":{\"courseId\":\"9\"},\"counts\":{\"essay\":1},\"scores\":{\"single_choice\":\"2\",\"choice\":\"2\",\"essay\":\"2\",\"determine\":\"2\",\"fill\":\"2\"},\"missScores\":{\"choice\":\"0\"},\"percentages\":{\"simple\":\"\",\"normal\":\"\",\"difficulty\":\"\"},\"question_type_seq\":[]}', 0, 'testpaper', 9, 0),
(11, '2019年高考语文试卷', '<p>施工及附加分离开就是疯狂老师看来是解放了。</p>\r\n', 0, 0, 0, 'questionType', '', 'draft', 6.0, '[\"0\"]', 3, 2, 1559898243, 2, 1559899245, '{\"mode\":\"rand\",\"ranges\":{\"courseId\":\"9\"},\"counts\":{\"single_choice\":2,\"essay\":1},\"scores\":{\"single_choice\":\"2\",\"choice\":\"2\",\"essay\":\"2\",\"determine\":\"2\",\"fill\":\"2\"},\"missScores\":{\"choice\":\"0\"},\"percentages\":{\"simple\":\"\",\"normal\":\"\",\"difficulty\":\"\"},\"question_type_seq\":[]}', 0, 'testpaper', 9, 0),
(12, '2019年药学试卷fsgsfsf', '<p>ggffsffsef<img alt=\"\" src=\"/files/course/2019/06-09/21263288caa8954936.png\" /></p>\r\n', 0, 0, 0, 'questionType', '', 'closed', 6.0, '[\"0\"]', 3, 2, 1560086940, 2, 1560190210, '{\"mode\":\"rand\",\"ranges\":{\"courseId\":\"9\"},\"counts\":{\"single_choice\":3},\"scores\":{\"single_choice\":\"2\",\"choice\":\"2\",\"essay\":\"2\",\"determine\":\"2\",\"fill\":\"2\"},\"missScores\":{\"choice\":\"0\"},\"percentages\":{\"simple\":\"\",\"normal\":\"\",\"difficulty\":\"\"},\"question_type_seq\":[]}', 0, 'testpaper', 9, 0),
(13, 'ujtyuhgfg', '<p>htfgfefffsf</p>\r\n', 0, 0, 0, 'questionType', '', 'closed', 8.0, '[\"0\"]', 4, 2, 1560188745, 2, 1560190262, '{\"mode\":\"rand\",\"ranges\":{\"courseId\":\"9\"},\"counts\":{\"single_choice\":3,\"essay\":1},\"scores\":{\"single_choice\":\"2\",\"choice\":\"2\",\"essay\":\"2\",\"determine\":\"2\"},\"missScores\":{\"choice\":\"0\"},\"percentages\":{\"simple\":\"\",\"normal\":\"\",\"difficulty\":\"\"},\"question_type_seq\":[]}', 0, 'testpaper', 9, 0),
(14, '奥飞发烧反复发', '<p>玩法丰富人的方法</p>\r\n', 0, 0, 0, 'questionType', '', 'open', 2.0, '[\"0\"]', 1, 2, 1560213182, 2, 1560213230, '{\"mode\":\"rand\",\"ranges\":{\"courseId\":\"12\"},\"counts\":{\"single_choice\":1},\"scores\":{\"single_choice\":\"2\",\"choice\":\"2\",\"essay\":\"2\",\"determine\":\"2\"},\"missScores\":{\"choice\":\"0\"},\"percentages\":{\"simple\":\"\",\"normal\":\"\",\"difficulty\":\"\"},\"question_type_seq\":[]}', 0, 'testpaper', 12, 0);

-- --------------------------------------------------------

--
-- 表的结构 `user`
--

CREATE TABLE `user` (
  `id` int(11) NOT NULL COMMENT '用户ID',
  `email` varchar(128) NOT NULL COMMENT '用户邮箱',
  `verifiedMobile` varchar(32) NOT NULL DEFAULT '',
  `password` varchar(64) NOT NULL COMMENT '用户密码',
  `salt` varchar(32) NOT NULL COMMENT '密码SALT',
  `payPassword` varchar(64) NOT NULL DEFAULT '' COMMENT '支付密码',
  `payPasswordSalt` varchar(64) NOT NULL DEFAULT '' COMMENT '支付密码Salt',
  `locale` varchar(20) DEFAULT NULL,
  `uri` varchar(64) NOT NULL DEFAULT '' COMMENT '用户URI',
  `nickname` varchar(64) NOT NULL COMMENT '用户名',
  `title` varchar(255) NOT NULL DEFAULT '' COMMENT '头衔',
  `tags` varchar(255) NOT NULL DEFAULT '' COMMENT '标签',
  `type` varchar(32) NOT NULL COMMENT 'default默认为网站注册, weibo新浪微薄登录',
  `point` int(11) NOT NULL DEFAULT '0' COMMENT '积分',
  `coin` int(11) NOT NULL DEFAULT '0' COMMENT '金币',
  `smallAvatar` varchar(255) NOT NULL DEFAULT '' COMMENT '小头像',
  `mediumAvatar` varchar(255) NOT NULL DEFAULT '' COMMENT '中头像',
  `largeAvatar` varchar(255) NOT NULL DEFAULT '' COMMENT '大头像',
  `emailVerified` tinyint(1) NOT NULL DEFAULT '0' COMMENT '邮箱是否为已验证',
  `setup` tinyint(4) NOT NULL DEFAULT '1' COMMENT '是否初始化设置的，未初始化的可以设置邮箱、用户名。',
  `roles` varchar(255) NOT NULL COMMENT '用户角色',
  `promoted` tinyint(3) UNSIGNED NOT NULL DEFAULT '0' COMMENT '是否为推荐',
  `promotedSeq` int(10) UNSIGNED NOT NULL DEFAULT '0',
  `promotedTime` int(10) UNSIGNED NOT NULL DEFAULT '0' COMMENT '推荐时间',
  `locked` tinyint(3) UNSIGNED NOT NULL DEFAULT '0' COMMENT '是否被禁止',
  `lockDeadline` int(10) NOT NULL DEFAULT '0' COMMENT '帐号锁定期限',
  `consecutivePasswordErrorTimes` int(11) NOT NULL DEFAULT '0' COMMENT '帐号密码错误次数',
  `lastPasswordFailTime` int(10) NOT NULL DEFAULT '0',
  `loginTime` int(11) NOT NULL DEFAULT '0' COMMENT '最后登录时间',
  `loginIp` varchar(64) NOT NULL DEFAULT '' COMMENT '最后登录IP',
  `loginSessionId` varchar(255) NOT NULL DEFAULT '' COMMENT '最后登录会话ID',
  `approvalTime` int(10) UNSIGNED NOT NULL DEFAULT '0' COMMENT '实名认证时间',
  `approvalStatus` enum('unapprove','approving','approved','approve_fail') NOT NULL DEFAULT 'unapprove' COMMENT '实名认证状态',
  `newMessageNum` int(10) UNSIGNED NOT NULL DEFAULT '0' COMMENT '未读私信数',
  `newNotificationNum` int(10) UNSIGNED NOT NULL DEFAULT '0' COMMENT '未读消息数',
  `createdIp` varchar(64) NOT NULL DEFAULT '' COMMENT '注册IP',
  `createdTime` int(10) UNSIGNED NOT NULL DEFAULT '0' COMMENT '注册时间',
  `updatedTime` int(10) UNSIGNED NOT NULL DEFAULT '0' COMMENT '最后更新时间',
  `inviteCode` varchar(255) DEFAULT NULL COMMENT '邀请码',
  `orgId` int(10) UNSIGNED NOT NULL DEFAULT '1' COMMENT '组织机构ID',
  `orgCode` varchar(255) NOT NULL DEFAULT '1.' COMMENT '组织机构内部编码',
  `registeredWay` varchar(64) NOT NULL DEFAULT '' COMMENT '注册设备来源(web/ios/android)',
  `distributorToken` varchar(255) NOT NULL DEFAULT '' COMMENT '分销平台token',
  `uuid` varchar(255) NOT NULL DEFAULT '' COMMENT '用户uuid',
  `passwordInit` tinyint(1) NOT NULL DEFAULT '1' COMMENT '初始化密码'
) ENGINE=InnoDB DEFAULT CHARSET=utf8;

--
-- 转存表中的数据 `user`
--

INSERT INTO `user` (`id`, `email`, `verifiedMobile`, `password`, `salt`, `payPassword`, `payPasswordSalt`, `locale`, `uri`, `nickname`, `title`, `tags`, `type`, `point`, `coin`, `smallAvatar`, `mediumAvatar`, `largeAvatar`, `emailVerified`, `setup`, `roles`, `promoted`, `promotedSeq`, `promotedTime`, `locked`, `lockDeadline`, `consecutivePasswordErrorTimes`, `lastPasswordFailTime`, `loginTime`, `loginIp`, `loginSessionId`, `approvalTime`, `approvalStatus`, `newMessageNum`, `newNotificationNum`, `createdIp`, `createdTime`, `updatedTime`, `inviteCode`, `orgId`, `orgCode`, `registeredWay`, `distributorToken`, `uuid`, `passwordInit`) VALUES
(2, 'test@qq.com', '', '4roMLSNaS0CW+59Ggt0/LQnO/tPoDXu1Pk+X0ZfFclU=', '7wg3wt2rcygwsgw48c084ck4kow8kog', '', '', NULL, '', '测试管理员', '公司四方斯蒂芬斯', '', 'default', 0, 0, 'public://default/2019/05-11/111319f545e5164743.jpg', 'public://default/2019/05-11/111319f537cc743032.jpg', 'public://default/2019/05-11/111319f5227f147919.jpg', 1, 1, '|ROLE_USER|ROLE_TEACHER|ROLE_SUPER_ADMIN|', 0, 0, 0, 0, 0, 0, 0, 1560047138, '127.0.0.1', '4rn20kp62uq9un1rm0g8l2h70v', 0, 'unapprove', 0, 18, '127.0.0.1', 1557541028, 1585181370, NULL, 1, '1.', '', '', '0bb56647cd5271255b6906a80eb2ebb60e0606a7', 1),
(3, '11111@qq.com', '', 'DtAmNeKk8RTf+oI0u1QJRVV6F6R0vpxwPFaXTkZu6tU=', '7phvkem0q000ok4wkc0wwo4gk8occk', '', '', NULL, '', '11111', '', '', 'web_email', 0, 0, '', '', '', 0, 1, '|ROLE_USER|', 0, 0, 0, 0, 0, 0, 0, 1560068467, '127.0.0.1', 'pdkh7tupoan61f1v4etiei714d', 0, 'unapprove', 1, 16, '127.0.0.1', 1557628746, 1560184629, NULL, 1, '1.', 'web', '', 'ef8712ab2c7500c1ea851c1a164c38a16f5caef3', 1),
(4, '22222@qq.com', '', 'zWYMr0Ft3oO9kw/K549bHtgZI906elHZuO8ydmdAbp8=', 'fgwqxt9co88o0488844oc00s8o4048k', '', '', NULL, '', '22222', '', '', 'import', 0, 0, '', '', '', 0, 1, '|ROLE_TEACHER|ROLE_USER|', 0, 0, 0, 0, 0, 0, 0, 1558611043, '127.0.0.1', '264ra0b8v791h81m8mgac2ohot', 0, 'unapprove', 1, 3, '127.0.0.1', 1558439832, 1560160340, NULL, 1, '1.', '', '', '44ac433b0b2bbd263cfcca2dbe70928b97f7f2e4', 1),
(5, '33333@qq.com', '', 'ujSqBC6eiRXWvneu923xhYSsKfPLFK2CywLnPRp5Hh4=', '1xcym5uujfeso08wc4kkg440ks0gcw4', '', '', NULL, '', '33333', '', '', 'import', 0, 0, '', '', '', 0, 1, '|ROLE_USER|', 0, 0, 0, 0, 0, 0, 0, 1558945176, '127.0.0.1', 't1lsbs4rvndegt3m6pt2u6p5te', 0, 'unapprove', 1, 1, '127.0.0.1', 1558945117, 1560085667, NULL, 1, '1.', '', '', '1775d7ec9b6422a3d72969585ed96db403d2d021', 0),
(7, 'fjsfhskjf@jfsh.com', '', 'hykGp+DStfIJvpulh43GO5S6nusUF8l6EPicInH75mE=', 'pzvyqdvrajkggwwwo4s04w84k80k0kc', '', '', NULL, '', '44444', '', '', 'web_email', 0, 0, '', '', '', 0, 1, '|ROLE_USER|ROLE_SUPER_ADMIN|', 0, 0, 0, 0, 0, 0, 0, 0, '', '8n1q0g1puqoqkt0aat6jpd6lq6', 0, 'unapprove', 0, 0, '127.0.0.1', 1560082571, 1560084921, NULL, 1, '1.', 'web', '', 'ccffc5ae1dd630a52dd00ddf4437399f8928f4d4', 1);

-- --------------------------------------------------------

--
-- 表的结构 `user_active_log`
--

CREATE TABLE `user_active_log` (
  `id` int(11) NOT NULL COMMENT 'ID',
  `userId` int(11) NOT NULL COMMENT '用户Id',
  `activeTime` int(10) UNSIGNED NOT NULL DEFAULT '0' COMMENT '激活时间',
  `createdTime` int(10) UNSIGNED NOT NULL DEFAULT '0' COMMENT '创建时间'
) ENGINE=InnoDB DEFAULT CHARSET=utf8 COMMENT='活跃用户记录表';

--
-- 转存表中的数据 `user_active_log`
--

INSERT INTO `user_active_log` (`id`, `userId`, `activeTime`, `createdTime`) VALUES
(1, 2, 20190511, 1557544032),
(2, 2, 20190512, 1557627142),
(3, 3, 20190512, 1557628748),
(4, 3, 20190513, 1557738847),
(5, 2, 20190513, 1557748942),
(6, 2, 20190514, 1557826685),
(7, 3, 20190516, 1557942336),
(8, 2, 20190516, 1557942379),
(9, 2, 20190517, 1558077015),
(10, 3, 20190517, 1558079776),
(11, 2, 20190518, 1558187499),
(12, 3, 20190518, 1558168491),
(13, 2, 20190519, 1558246133),
(14, 3, 20190519, 1558252785),
(15, 2, 20190520, 1558332141),
(16, 3, 20190520, 1558332163),
(17, 2, 20190521, 1558421741),
(18, 4, 20190521, 1558439887),
(19, 2, 20190522, 1558509284),
(20, 3, 20190522, 1558514905),
(21, 4, 20190522, 1558515325),
(22, 2, 20190523, 1558601655),
(23, 4, 20190523, 1558611043),
(24, 2, 20190524, 1558675219),
(25, 2, 20190525, 1558770322),
(26, 3, 20190525, 1558784012),
(27, 2, 20190526, 1558856279),
(28, 3, 20190526, 1558857271),
(29, 2, 20190527, 1558943423),
(30, 3, 20190527, 1558943575),
(31, 5, 20190527, 1558945178),
(32, 2, 20190528, 1559023133),
(33, 2, 20190601, 1559321028),
(34, 3, 20190531, 1559300787),
(35, 2, 20190602, 1559444521),
(36, 3, 20190602, 1559446785),
(37, 2, 20190604, 1559644056),
(38, 2, 20190606, 1559801682),
(39, 3, 20190606, 1559808894),
(40, 2, 20190607, 1559886248),
(41, 2, 20190608, 1559960269),
(42, 3, 20190608, 1559961007),
(43, 2, 20190609, 1560047578),
(44, 3, 20190609, 1560059888),
(45, 7, 20190609, 1560082574),
(46, 2, 20190610, 1560097331),
(47, 3, 20190610, 1560099298),
(48, 4, 20190610, 1560160341),
(49, 2, 20190611, 1560184424),
(50, 3, 20190611, 1560184629),
(51, 2, 20200326, 1585181371);

-- --------------------------------------------------------

--
-- 表的结构 `user_profile`
--

CREATE TABLE `user_profile` (
  `id` int(10) UNSIGNED NOT NULL COMMENT '用户ID',
  `truename` varchar(255) NOT NULL DEFAULT '' COMMENT '真实姓名',
  `idcard` varchar(24) NOT NULL DEFAULT '' COMMENT '身份证号码',
  `gender` enum('male','female','secret') NOT NULL DEFAULT 'secret' COMMENT '性别',
  `iam` varchar(255) NOT NULL DEFAULT '' COMMENT '我是谁',
  `birthday` date DEFAULT NULL COMMENT '生日',
  `city` varchar(64) NOT NULL DEFAULT '' COMMENT '城市',
  `mobile` varchar(32) NOT NULL DEFAULT '' COMMENT '手机',
  `qq` varchar(32) NOT NULL DEFAULT '' COMMENT 'QQ',
  `signature` text COMMENT '签名',
  `about` text COMMENT '自我介绍',
  `company` varchar(255) NOT NULL DEFAULT '' COMMENT '公司',
  `job` varchar(255) NOT NULL DEFAULT '' COMMENT '工作',
  `school` varchar(255) NOT NULL DEFAULT '' COMMENT '学校',
  `class` varchar(255) NOT NULL DEFAULT '' COMMENT '班级',
  `weibo` varchar(255) NOT NULL DEFAULT '' COMMENT '微博',
  `weixin` varchar(255) NOT NULL DEFAULT '' COMMENT '微信',
  `isQQPublic` int(11) NOT NULL DEFAULT '0' COMMENT 'QQ号是否公开',
  `isWeixinPublic` int(11) NOT NULL DEFAULT '0' COMMENT '微信是否公开',
  `isWeiboPublic` int(11) NOT NULL DEFAULT '0' COMMENT '微博是否公开',
  `site` varchar(255) NOT NULL DEFAULT '' COMMENT '网站',
  `intField1` int(11) DEFAULT NULL,
  `intField2` int(11) DEFAULT NULL,
  `intField3` int(11) DEFAULT NULL,
  `intField4` int(11) DEFAULT NULL,
  `intField5` int(11) DEFAULT NULL,
  `dateField1` date DEFAULT NULL,
  `dateField2` date DEFAULT NULL,
  `dateField3` date DEFAULT NULL,
  `dateField4` date DEFAULT NULL,
  `dateField5` date DEFAULT NULL,
  `floatField1` float(10,2) DEFAULT NULL,
  `floatField2` float(10,2) DEFAULT NULL,
  `floatField3` float(10,2) DEFAULT NULL,
  `floatField4` float(10,2) DEFAULT NULL,
  `floatField5` float(10,2) DEFAULT NULL,
  `varcharField1` varchar(1024) DEFAULT NULL,
  `varcharField2` varchar(1024) DEFAULT NULL,
  `varcharField3` varchar(1024) DEFAULT NULL,
  `varcharField4` varchar(1024) DEFAULT NULL,
  `varcharField5` varchar(1024) DEFAULT NULL,
  `varcharField6` varchar(1024) DEFAULT NULL,
  `varcharField7` varchar(1024) DEFAULT NULL,
  `varcharField8` varchar(1024) DEFAULT NULL,
  `varcharField9` varchar(1024) DEFAULT NULL,
  `varcharField10` varchar(1024) DEFAULT NULL,
  `textField1` text,
  `textField2` text,
  `textField3` text,
  `textField4` text,
  `textField5` text,
  `textField6` text,
  `textField7` text,
  `textField8` text,
  `textField9` text,
  `textField10` text
) ENGINE=InnoDB DEFAULT CHARSET=utf8;

--
-- 转存表中的数据 `user_profile`
--

INSERT INTO `user_profile` (`id`, `truename`, `idcard`, `gender`, `iam`, `birthday`, `city`, `mobile`, `qq`, `signature`, `about`, `company`, `job`, `school`, `class`, `weibo`, `weixin`, `isQQPublic`, `isWeixinPublic`, `isWeiboPublic`, `site`, `intField1`, `intField2`, `intField3`, `intField4`, `intField5`, `dateField1`, `dateField2`, `dateField3`, `dateField4`, `dateField5`, `floatField1`, `floatField2`, `floatField3`, `floatField4`, `floatField5`, `varcharField1`, `varcharField2`, `varcharField3`, `varcharField4`, `varcharField5`, `varcharField6`, `varcharField7`, `varcharField8`, `varcharField9`, `varcharField10`, `textField1`, `textField2`, `textField3`, `textField4`, `textField5`, `textField6`, `textField7`, `textField8`, `textField9`, `textField10`) VALUES
(1, '', '', 'secret', '', NULL, '', '', '', NULL, NULL, '', '', '', '', '', '', 0, 0, 0, '', NULL, NULL, NULL, NULL, NULL, NULL, NULL, NULL, NULL, NULL, NULL, NULL, NULL, NULL, NULL, NULL, NULL, NULL, NULL, NULL, NULL, NULL, NULL, NULL, NULL, NULL, NULL, NULL, NULL, NULL, NULL, NULL, NULL, NULL, NULL),
(2, '', '', 'secret', '', NULL, '', '', '', NULL, '<p>分公司副府司法</p>\n', '', '', '', '', '', '', 0, 0, 0, '', NULL, NULL, NULL, NULL, NULL, NULL, NULL, NULL, NULL, NULL, NULL, NULL, NULL, NULL, NULL, '', '', '', '', '', '', '', '', '', '', '', '', '', '', '', '', '', '', '', ''),
(3, '', '', 'secret', '', NULL, '', '', '', NULL, NULL, '', '', '', '', '', '', 0, 0, 0, '', NULL, NULL, NULL, NULL, NULL, NULL, NULL, NULL, NULL, NULL, NULL, NULL, NULL, NULL, NULL, '', '', '', '', '', '', '', '', '', '', '', '', '', '', '', '', '', '', '', ''),
(4, '', '', 'secret', '', NULL, '', '', '', NULL, NULL, '', '', '', '', '', '', 0, 0, 0, '', NULL, NULL, NULL, NULL, NULL, NULL, NULL, NULL, NULL, NULL, NULL, NULL, NULL, NULL, NULL, '', '', '', '', '', '', '', '', '', '', '', '', '', '', '', '', '', '', '', ''),
(5, '', '', 'secret', '', NULL, '', '', '', NULL, NULL, '', '', '', '', '', '', 0, 0, 0, '', NULL, NULL, NULL, NULL, NULL, NULL, NULL, NULL, NULL, NULL, NULL, NULL, NULL, NULL, NULL, '', '', '', '', '', '', '', '', '', '', '', '', '', '', '', '', '', '', '', ''),
(7, '', '', 'secret', '', NULL, '', '', '', NULL, NULL, '', '', '', '', '', '', 0, 0, 0, '', NULL, NULL, NULL, NULL, NULL, NULL, NULL, NULL, NULL, NULL, NULL, NULL, NULL, NULL, NULL, '', '', '', '', '', '', '', '', '', '', '', '', '', '', '', '', '', '', '', '');

-- --------------------------------------------------------

--
-- 表的结构 `xapi_statement`
--

CREATE TABLE `xapi_statement` (
  `id` int(10) UNSIGNED NOT NULL,
  `uuid` varchar(64) NOT NULL,
  `version` varchar(32) NOT NULL DEFAULT '' COMMENT '版本号',
  `push_time` int(10) UNSIGNED NOT NULL DEFAULT '0' COMMENT '上报时间',
  `user_id` int(10) UNSIGNED NOT NULL DEFAULT '0' COMMENT '所属用户',
  `verb` varchar(32) NOT NULL DEFAULT '' COMMENT '用户行为',
  `target_id` int(10) DEFAULT NULL COMMENT '目标Id',
  `target_type` varchar(32) NOT NULL COMMENT '目标类型',
  `status` varchar(16) NOT NULL DEFAULT 'created' COMMENT '状态: created, pushing, pushed',
  `context` text COMMENT '上下文信息',
  `data` text COMMENT '数据',
  `created_time` int(10) UNSIGNED NOT NULL COMMENT '创建时间',
  `occur_time` int(10) UNSIGNED NOT NULL COMMENT '行为发生时间'
) ENGINE=InnoDB DEFAULT CHARSET=utf8;

--
-- 转存表中的数据 `xapi_statement`
--

INSERT INTO `xapi_statement` (`id`, `uuid`, `version`, `push_time`, `user_id`, `verb`, `target_id`, `target_type`, `status`, `context`, `data`, `created_time`, `occur_time`) VALUES
(2, 'CEF9C554-03EC-8D81-78D3-5850F5B12B5B', '1.0.0', 0, 2, 'registered', 2, 'user', 'created', '', NULL, 1557541028, 1557541028),
(3, '935C75AC-D71F-3F77-3485-70C641ABD4A0', '1.0.0', 0, 2, 'logged-in', 2, 'user', 'created', '', NULL, 1557544032, 1557544032),
(4, '18ADBC04-D22A-DFAE-EE39-5B2BACC5435D', '1.0.0', 0, 2, 'completed', 1, 'testpaper', 'created', '', NULL, 1557545229, 1557545229),
(5, '35008E59-A8AB-25ED-FCAF-6288ED410409', '1.0.0', 0, 2, 'logged-in', 2, 'user', 'created', '', NULL, 1557627142, 1557627142),
(6, '320A28BC-9B0A-0243-4C7C-1494184D58BD', '1.0.0', 0, 3, 'registered', 3, 'user', 'created', '', NULL, 1557628746, 1557628746),
(7, '34D0C613-2079-B5BC-ED4D-E5B1B728F58A', '1.0.0', 0, 3, 'logged-in', 3, 'user', 'created', '', NULL, 1557628748, 1557628748),
(8, '98F17842-B0C5-B699-C3D3-2BA5887C0F4B', '1.0.0', 0, 3, 'completed', 2, 'testpaper', 'created', '', NULL, 1557628906, 1557628906),
(9, 'FFCD9111-0D2C-E269-771F-FF1FB99DBA36', '1.0.0', 0, 3, 'completed', 3, 'testpaper', 'created', '', NULL, 1557628970, 1557628970),
(10, 'BDAF0D07-A6F7-8CF2-21D1-24B94C4C9EEF', '1.0.0', 0, 3, 'finish', 1, 'activity', 'created', '', NULL, 1557628970, 1557628970),
(11, 'E81E775C-2749-B066-BD72-89929D0C8336', '1.0.0', 0, 3, 'logged-in', 3, 'user', 'created', '', NULL, 1557738847, 1557738847),
(12, 'F4772E2B-C53F-86DA-4897-5168E62ED2A8', '1.0.0', 0, 2, 'logged-in', 2, 'user', 'created', '', NULL, 1557748942, 1557748942),
(13, '265672C4-FA51-8E1A-FC2D-3BEDA54C32E6', '1.0.0', 0, 2, 'logged-in', 2, 'user', 'created', '', NULL, 1557826685, 1557826685),
(14, '49FC5AAD-983B-BD74-6CD3-D41E8E08496F', '1.0.0', 0, 3, 'logged-in', 3, 'user', 'created', '', NULL, 1557942336, 1557942336),
(15, '7032C538-CEAC-6C28-2D5D-61F5B2D63924', '1.0.0', 0, 2, 'logged-in', 2, 'user', 'created', '', NULL, 1557942379, 1557942379),
(16, '05CC931A-0F0E-5A1A-B979-FB163E3D08FF', '1.0.0', 0, 3, 'completed', 4, 'testpaper', 'created', '', NULL, 1557994682, 1557994682),
(17, '96F08D56-3CB6-CD26-80C9-C36F45311BF3', '1.0.0', 0, 3, 'finish', 2, 'activity', 'created', '', NULL, 1557994682, 1557994682),
(18, '487E02DD-32C2-C849-1DD1-8C21A91ED269', '1.0.0', 0, 2, 'logged-in', 2, 'user', 'created', '', NULL, 1558077015, 1558077015),
(19, '361785ED-608C-E996-9E03-6CBF6740DA87', '1.0.0', 0, 3, 'logged-in', 3, 'user', 'created', '', NULL, 1558079776, 1558079776),
(20, '10627A8A-D32F-6EE9-FBE9-BD13B6D27FE0', '1.0.0', 0, 3, 'completed', 5, 'testpaper', 'created', '', NULL, 1558080171, 1558080171),
(21, '2DB355D0-A9DC-E9BE-8311-6DC4206A6539', '1.0.0', 0, 2, 'logged-in', 2, 'user', 'created', '', NULL, 1558187499, 1558187499),
(22, 'F15D342C-2500-743C-508B-CBCDA8ADB475', '1.0.0', 0, 3, 'logged-in', 3, 'user', 'created', '', NULL, 1558168491, 1558168491),
(23, '993E1E0E-A717-895A-7833-B1ACD8C15E6C', '1.0.0', 0, 3, 'completed', 6, 'testpaper', 'created', '', NULL, 1558169984, 1558169984),
(24, 'E0658315-F1FE-4147-28FF-DE9536FD6B64', '1.0.0', 0, 3, 'completed', 7, 'testpaper', 'created', '', NULL, 1558178703, 1558178703),
(25, 'D6EC7B44-3F43-F120-51F2-D3453984795B', '1.0.0', 0, 3, 'completed', 8, 'testpaper', 'created', '', NULL, 1558179167, 1558179167),
(26, 'BF8F2F39-6B58-45F1-D46F-EF3D60189F6E', '1.0.0', 0, 3, 'completed', 9, 'testpaper', 'created', '', NULL, 1558179442, 1558179442),
(27, 'CCC5DA97-CC7A-00C0-0542-FE453DC08693', '1.0.0', 0, 2, 'logged-in', 2, 'user', 'created', '', NULL, 1558246133, 1558246133),
(28, 'B6D5E114-1D7D-B1A1-8C01-C944D000C665', '1.0.0', 0, 3, 'logged-in', 3, 'user', 'created', '', NULL, 1558252785, 1558252785),
(29, '170862FD-849A-A2B7-D16E-102D6569044D', '1.0.0', 0, 3, 'completed', 10, 'testpaper', 'created', '', NULL, 1558252890, 1558252890),
(30, '36621516-4B98-7537-1629-ACF62AFCE895', '1.0.0', 0, 2, 'logged-in', 2, 'user', 'created', '', NULL, 1558332141, 1558332141),
(31, '1BF0FA6A-4764-6A87-8AA9-21D2EA89BE9F', '1.0.0', 0, 3, 'logged-in', 3, 'user', 'created', '', NULL, 1558332163, 1558332163),
(32, '4FEE84BD-1CAF-B393-A6A9-C273D8E92F66', '1.0.0', 0, 3, 'completed', 11, 'testpaper', 'created', '', NULL, 1558335797, 1558335797),
(33, '67C5082C-FC81-E7D7-A8A6-2252AB2A4CC2', '1.0.0', 0, 3, 'completed', 12, 'testpaper', 'created', '', NULL, 1558336931, 1558336931),
(34, '5912C448-0EAB-EC98-733A-9763224BFECE', '1.0.0', 0, 2, 'completed', 13, 'testpaper', 'created', '', NULL, 1558338703, 1558338703),
(35, '019FA730-9C5C-2858-39CF-2D3C8B9B9F02', '1.0.0', 0, 2, 'completed', 14, 'testpaper', 'created', '', NULL, 1558355490, 1558355490),
(36, '8EDD17F9-1471-41E2-E1A0-F84F731ABA78', '1.0.0', 0, 2, 'logged-in', 2, 'user', 'created', '', NULL, 1558421741, 1558421741),
(37, '67463AD0-8713-7EC2-3969-D2CC43AAE8DA', '1.0.0', 0, 4, 'registered', 4, 'user', 'created', '', NULL, 1558439832, 1558439832),
(38, 'A4094828-C43E-3613-C77A-4F14C469F525', '1.0.0', 0, 4, 'logged-in', 4, 'user', 'created', '', NULL, 1558439887, 1558439887),
(39, '1EB2F8EA-CFD1-456F-6A54-261E808ED51E', '1.0.0', 0, 2, 'logged-in', 2, 'user', 'created', '', NULL, 1558509284, 1558509284),
(40, 'F6C8546A-4505-F673-DBD6-DA933D5770A6', '1.0.0', 0, 3, 'logged-in', 3, 'user', 'created', '', NULL, 1558514905, 1558514905),
(41, 'EC2B81EB-1DC8-1108-6C31-679A8694BA88', '1.0.0', 0, 4, 'logged-in', 4, 'user', 'created', '', NULL, 1558515325, 1558515325),
(42, 'EC06B463-5B0E-0C0E-F012-600AE37A47C1', '1.0.0', 0, 4, 'completed', 15, 'testpaper', 'created', '', NULL, 1558515392, 1558515392),
(43, '0DB0CE3E-AB1F-ED76-ABFE-4ACEC4E1A593', '1.0.0', 0, 4, 'completed', 16, 'testpaper', 'created', '', NULL, 1558515574, 1558515574),
(44, '87B5D358-3582-126B-12C8-47ACB493C525', '1.0.0', 0, 2, 'logged-in', 2, 'user', 'created', '', NULL, 1558601655, 1558601655),
(45, '8BB136C8-0780-BEF2-FA63-52668B0D97B5', '1.0.0', 0, 4, 'logged-in', 4, 'user', 'created', '', NULL, 1558611043, 1558611043),
(46, 'B2C36B49-CE79-CDC5-A77F-F754C3622A6B', '1.0.0', 0, 2, 'logged-in', 2, 'user', 'created', '', NULL, 1558675219, 1558675219),
(47, '8B7B7144-6EF1-D0A1-3D87-F71298A40A40', '1.0.0', 0, 2, 'logged-in', 2, 'user', 'created', '', NULL, 1558770322, 1558770322),
(48, '7CEFEA3E-E269-B398-F8C7-AF2EDC849E65', '1.0.0', 0, 3, 'logged-in', 3, 'user', 'created', '', NULL, 1558784012, 1558784012),
(49, 'DA03941B-3BBD-4631-E814-C59A7DF8F44B', '1.0.0', 0, 3, 'completed', 17, 'testpaper', 'created', '', NULL, 1558785225, 1558785225),
(50, 'D407D756-DBB3-CB72-116D-F6F914537BA9', '1.0.0', 0, 2, 'logged-in', 2, 'user', 'created', '', NULL, 1558856279, 1558856279),
(51, 'FCB2E4DB-9D99-C51A-B632-E5226B6780BD', '1.0.0', 0, 3, 'logged-in', 3, 'user', 'created', '', NULL, 1558857271, 1558857271),
(52, '8A97B7E0-17ED-F0B5-2A3D-3CFF55DB5A17', '1.0.0', 0, 3, 'completed', 18, 'testpaper', 'created', '', NULL, 1558857288, 1558857288),
(53, '78FC20E8-11CB-4BBE-FDBB-62D1027B395E', '1.0.0', 0, 2, 'logged-in', 2, 'user', 'created', '', NULL, 1558943423, 1558943423),
(54, '6C594E16-3D8E-3478-E62E-DC3ADD4D4848', '1.0.0', 0, 3, 'logged-in', 3, 'user', 'created', '', NULL, 1558943575, 1558943575),
(55, 'A19144B3-03FA-519A-62B2-147403486B2D', '1.0.0', 0, 5, 'registered', 5, 'user', 'created', '', NULL, 1558945117, 1558945117),
(56, 'E1DC6D49-1F31-A66E-DE46-CC00C2FDD69F', '1.0.0', 0, 5, 'logged-in', 5, 'user', 'created', '', NULL, 1558945178, 1558945178),
(57, '5A43DA2B-8F50-C383-52D1-84D164F2E33D', '1.0.0', 0, 3, 'completed', 19, 'testpaper', 'created', '', NULL, 1558953541, 1558953541),
(58, 'BFFC9FFF-2CFE-4825-A0A1-001A78403BBD', '1.0.0', 0, 2, 'logged-in', 2, 'user', 'created', '', NULL, 1559023133, 1559023133),
(59, '1E8C3F05-3D1C-4285-153D-92151E411C21', '1.0.0', 0, 2, 'logged-in', 2, 'user', 'created', '', NULL, 1559321028, 1559321028),
(60, 'F46FABA0-DD49-44D4-3C41-2D8F6BFD630E', '1.0.0', 0, 3, 'logged-in', 3, 'user', 'created', '', NULL, 1559300788, 1559300787),
(61, 'AADAB7EF-E5B7-1FB4-D66A-608B66E2F649', '1.0.0', 0, 2, 'logged-in', 2, 'user', 'created', '', NULL, 1559444521, 1559444521),
(62, 'E0B0CB6F-2720-3529-02C5-EE51296F26A4', '1.0.0', 0, 3, 'logged-in', 3, 'user', 'created', '', NULL, 1559446785, 1559446785),
(63, 'A3DE4C73-11AE-7065-5530-47702C51557E', '1.0.0', 0, 3, 'completed', 20, 'testpaper', 'created', '', NULL, 1559449750, 1559449750),
(64, '571942B4-E1F7-039E-3650-1B80BB6ABF05', '1.0.0', 0, 3, 'completed', 21, 'testpaper', 'created', '', NULL, 1559450358, 1559450358),
(65, '28E548FA-6D66-5886-827B-3891014C6F79', '1.0.0', 0, 3, 'completed', 22, 'testpaper', 'created', '', NULL, 1559461103, 1559461103),
(66, 'A5971719-7187-747A-D85D-91A7A09D476E', '1.0.0', 0, 3, 'completed', 23, 'testpaper', 'created', '', NULL, 1559462642, 1559462642),
(67, 'BD76B8C1-936C-4F14-FB53-7DDE1AEDE32E', '1.0.0', 0, 2, 'logged-in', 2, 'user', 'created', '', NULL, 1559644056, 1559644056),
(68, '5F8287A6-563F-0EDB-1BE7-56E933319C00', '1.0.0', 0, 2, 'logged-in', 2, 'user', 'created', '', NULL, 1559801682, 1559801682),
(69, '00E0075A-6B2A-0B3A-FF25-5B3A199A7996', '1.0.0', 0, 3, 'logged-in', 3, 'user', 'created', '', NULL, 1559808894, 1559808894),
(70, '2840F1FA-9594-F12B-F251-EEDCF39AED92', '1.0.0', 0, 2, 'logged-in', 2, 'user', 'created', '', NULL, 1559886248, 1559886248),
(71, 'A82A6C5A-5387-944F-1581-4A2CB29A3706', '1.0.0', 0, 2, 'logged-in', 2, 'user', 'created', '', NULL, 1559960269, 1559960269),
(72, '9AF2E12C-947E-DE30-3B32-C4E59C40ABA5', '1.0.0', 0, 3, 'logged-in', 3, 'user', 'created', '', NULL, 1559961007, 1559961007),
(73, '3AC9C9A1-27B0-64D2-46DE-0F384C6B0C1B', '1.0.0', 0, 3, 'completed', 24, 'testpaper', 'created', '', NULL, 1559962309, 1559962309);

--
-- 转储表的索引
--

--
-- 表的索引 `activity`
--
ALTER TABLE `activity`
  ADD PRIMARY KEY (`id`);

--
-- 表的索引 `activity_learn_log`
--
ALTER TABLE `activity_learn_log`
  ADD PRIMARY KEY (`id`),
  ADD KEY `activityid_userid_event` (`activityId`,`userId`,`event`(8));

--
-- 表的索引 `activity_testpaper`
--
ALTER TABLE `activity_testpaper`
  ADD PRIMARY KEY (`id`);

--
-- 表的索引 `biz_online`
--
ALTER TABLE `biz_online`
  ADD PRIMARY KEY (`id`),
  ADD KEY `deadline` (`deadline`),
  ADD KEY `is_login` (`is_login`),
  ADD KEY `active_time` (`active_time`);

--
-- 表的索引 `biz_pay_user_balance`
--
ALTER TABLE `biz_pay_user_balance`
  ADD PRIMARY KEY (`id`),
  ADD UNIQUE KEY `user_id` (`user_id`);

--
-- 表的索引 `biz_session`
--
ALTER TABLE `biz_session`
  ADD PRIMARY KEY (`id`),
  ADD UNIQUE KEY `sess_id` (`sess_id`),
  ADD KEY `sess_deadline` (`sess_deadline`);

--
-- 表的索引 `block_template`
--
ALTER TABLE `block_template`
  ADD PRIMARY KEY (`id`),
  ADD UNIQUE KEY `code` (`code`);

--
-- 表的索引 `cache`
--
ALTER TABLE `cache`
  ADD PRIMARY KEY (`id`),
  ADD UNIQUE KEY `name` (`name`),
  ADD KEY `expiredTime` (`expiredTime`);

--
-- 表的索引 `classroom`
--
ALTER TABLE `classroom`
  ADD PRIMARY KEY (`id`);

--
-- 表的索引 `classroom_courses`
--
ALTER TABLE `classroom_courses`
  ADD PRIMARY KEY (`id`);

--
-- 表的索引 `content`
--
ALTER TABLE `content`
  ADD PRIMARY KEY (`id`);

--
-- 表的索引 `course_chapter`
--
ALTER TABLE `course_chapter`
  ADD PRIMARY KEY (`id`);

--
-- 表的索引 `course_member`
--
ALTER TABLE `course_member`
  ADD PRIMARY KEY (`id`),
  ADD UNIQUE KEY `courseId` (`courseId`,`userId`),
  ADD KEY `courseId_role_createdTime` (`courseId`,`role`,`createdTime`),
  ADD KEY `courseSetId` (`courseSetId`);

--
-- 表的索引 `course_set_v8`
--
ALTER TABLE `course_set_v8`
  ADD PRIMARY KEY (`id`);

--
-- 表的索引 `course_task`
--
ALTER TABLE `course_task`
  ADD PRIMARY KEY (`id`),
  ADD KEY `seq` (`seq`),
  ADD KEY `courseId` (`courseId`);

--
-- 表的索引 `course_task_result`
--
ALTER TABLE `course_task_result`
  ADD PRIMARY KEY (`id`),
  ADD KEY `idx_userId_courseId` (`userId`,`courseId`),
  ADD KEY `courseTaskId_activityId` (`courseTaskId`,`activityId`);

--
-- 表的索引 `course_v8`
--
ALTER TABLE `course_v8`
  ADD PRIMARY KEY (`id`),
  ADD KEY `courseSetId_status` (`courseSetId`,`status`),
  ADD KEY `courseSetId` (`courseSetId`),
  ADD KEY `courseset_id_index` (`courseSetId`);

--
-- 表的索引 `file`
--
ALTER TABLE `file`
  ADD PRIMARY KEY (`id`);

--
-- 表的索引 `file_group`
--
ALTER TABLE `file_group`
  ADD PRIMARY KEY (`id`);

--
-- 表的索引 `log_v8`
--
ALTER TABLE `log_v8`
  ADD PRIMARY KEY (`id`),
  ADD KEY `userId` (`userId`),
  ADD KEY `module` (`module`),
  ADD KEY `action` (`action`),
  ADD KEY `level` (`level`),
  ADD KEY `createdTime` (`createdTime`);

--
-- 表的索引 `member_operation_record`
--
ALTER TABLE `member_operation_record`
  ADD PRIMARY KEY (`id`),
  ADD KEY `operate_type` (`operate_type`),
  ADD KEY `order_id` (`order_id`);

--
-- 表的索引 `migration_versions`
--
ALTER TABLE `migration_versions`
  ADD PRIMARY KEY (`version`);

--
-- 表的索引 `navigation`
--
ALTER TABLE `navigation`
  ADD PRIMARY KEY (`id`);

--
-- 表的索引 `notification`
--
ALTER TABLE `notification`
  ADD PRIMARY KEY (`id`),
  ADD KEY `userid_type` (`userId`,`type`);

--
-- 表的索引 `question`
--
ALTER TABLE `question`
  ADD PRIMARY KEY (`id`);

--
-- 表的索引 `question_analysis`
--
ALTER TABLE `question_analysis`
  ADD PRIMARY KEY (`id`);

--
-- 表的索引 `ratelimit`
--
ALTER TABLE `ratelimit`
  ADD PRIMARY KEY (`id`),
  ADD UNIQUE KEY `_key` (`_key`);

--
-- 表的索引 `role`
--
ALTER TABLE `role`
  ADD PRIMARY KEY (`id`);

--
-- 表的索引 `setting`
--
ALTER TABLE `setting`
  ADD PRIMARY KEY (`id`),
  ADD UNIQUE KEY `name` (`name`,`namespace`);

--
-- 表的索引 `testpaper_item_result_v8`
--
ALTER TABLE `testpaper_item_result_v8`
  ADD PRIMARY KEY (`id`),
  ADD KEY `testPaperResultId` (`resultId`),
  ADD KEY `resultId_type` (`resultId`,`type`),
  ADD KEY `testId_type` (`testId`,`type`);

--
-- 表的索引 `testpaper_item_v8`
--
ALTER TABLE `testpaper_item_v8`
  ADD PRIMARY KEY (`id`),
  ADD KEY `testId` (`testId`);

--
-- 表的索引 `testpaper_result_v8`
--
ALTER TABLE `testpaper_result_v8`
  ADD PRIMARY KEY (`id`),
  ADD KEY `testId` (`testId`);

--
-- 表的索引 `testpaper_v8`
--
ALTER TABLE `testpaper_v8`
  ADD PRIMARY KEY (`id`),
  ADD KEY `courseSetId` (`courseSetId`);

--
-- 表的索引 `user`
--
ALTER TABLE `user`
  ADD PRIMARY KEY (`id`),
  ADD UNIQUE KEY `email` (`email`),
  ADD UNIQUE KEY `nickname` (`nickname`),
  ADD UNIQUE KEY `uuid` (`uuid`),
  ADD KEY `updatedTime` (`updatedTime`),
  ADD KEY `user_type_index` (`type`),
  ADD KEY `distributorToken` (`distributorToken`);

--
-- 表的索引 `user_active_log`
--
ALTER TABLE `user_active_log`
  ADD PRIMARY KEY (`id`),
  ADD KEY `createdTime` (`createdTime`);

--
-- 表的索引 `user_profile`
--
ALTER TABLE `user_profile`
  ADD PRIMARY KEY (`id`);

--
-- 表的索引 `xapi_statement`
--
ALTER TABLE `xapi_statement`
  ADD PRIMARY KEY (`id`),
  ADD UNIQUE KEY `uuid` (`uuid`);

--
-- 在导出的表使用AUTO_INCREMENT
--

--
-- 使用表AUTO_INCREMENT `activity`
--
ALTER TABLE `activity`
  MODIFY `id` int(10) UNSIGNED NOT NULL AUTO_INCREMENT COMMENT '主键', AUTO_INCREMENT=32;

--
-- 使用表AUTO_INCREMENT `activity_learn_log`
--
ALTER TABLE `activity_learn_log`
  MODIFY `id` int(10) UNSIGNED NOT NULL AUTO_INCREMENT COMMENT '主键', AUTO_INCREMENT=682;

--
-- 使用表AUTO_INCREMENT `activity_testpaper`
--
ALTER TABLE `activity_testpaper`
  MODIFY `id` int(11) NOT NULL AUTO_INCREMENT COMMENT '关联activity表的ID', AUTO_INCREMENT=32;

--
-- 使用表AUTO_INCREMENT `biz_online`
--
ALTER TABLE `biz_online`
  MODIFY `id` int(10) UNSIGNED NOT NULL AUTO_INCREMENT COMMENT '主键', AUTO_INCREMENT=35;

--
-- 使用表AUTO_INCREMENT `biz_pay_user_balance`
--
ALTER TABLE `biz_pay_user_balance`
  MODIFY `id` int(10) UNSIGNED NOT NULL AUTO_INCREMENT, AUTO_INCREMENT=6;

--
-- 使用表AUTO_INCREMENT `biz_session`
--
ALTER TABLE `biz_session`
  MODIFY `id` int(10) UNSIGNED NOT NULL AUTO_INCREMENT COMMENT '主键', AUTO_INCREMENT=22793;

--
-- 使用表AUTO_INCREMENT `block_template`
--
ALTER TABLE `block_template`
  MODIFY `id` int(11) NOT NULL AUTO_INCREMENT COMMENT '模版ID', AUTO_INCREMENT=9;

--
-- 使用表AUTO_INCREMENT `cache`
--
ALTER TABLE `cache`
  MODIFY `id` int(10) UNSIGNED NOT NULL AUTO_INCREMENT COMMENT '缓存ID', AUTO_INCREMENT=27;

--
-- 使用表AUTO_INCREMENT `classroom`
--
ALTER TABLE `classroom`
  MODIFY `id` int(10) UNSIGNED NOT NULL AUTO_INCREMENT, AUTO_INCREMENT=3;

--
-- 使用表AUTO_INCREMENT `classroom_courses`
--
ALTER TABLE `classroom_courses`
  MODIFY `id` int(10) UNSIGNED NOT NULL AUTO_INCREMENT, AUTO_INCREMENT=5;

--
-- 使用表AUTO_INCREMENT `content`
--
ALTER TABLE `content`
  MODIFY `id` int(10) UNSIGNED NOT NULL AUTO_INCREMENT COMMENT '内容ID', AUTO_INCREMENT=3;

--
-- 使用表AUTO_INCREMENT `course_chapter`
--
ALTER TABLE `course_chapter`
  MODIFY `id` int(10) UNSIGNED NOT NULL AUTO_INCREMENT COMMENT '课程章节ID', AUTO_INCREMENT=34;

--
-- 使用表AUTO_INCREMENT `course_member`
--
ALTER TABLE `course_member`
  MODIFY `id` int(11) UNSIGNED NOT NULL AUTO_INCREMENT COMMENT '课程学员记录ID', AUTO_INCREMENT=49;

--
-- 使用表AUTO_INCREMENT `course_set_v8`
--
ALTER TABLE `course_set_v8`
  MODIFY `id` int(11) UNSIGNED NOT NULL AUTO_INCREMENT, AUTO_INCREMENT=14;

--
-- 使用表AUTO_INCREMENT `course_task`
--
ALTER TABLE `course_task`
  MODIFY `id` int(10) UNSIGNED NOT NULL AUTO_INCREMENT COMMENT '主键', AUTO_INCREMENT=32;

--
-- 使用表AUTO_INCREMENT `course_task_result`
--
ALTER TABLE `course_task_result`
  MODIFY `id` int(10) UNSIGNED NOT NULL AUTO_INCREMENT COMMENT '主键', AUTO_INCREMENT=19;

--
-- 使用表AUTO_INCREMENT `course_v8`
--
ALTER TABLE `course_v8`
  MODIFY `id` int(11) UNSIGNED NOT NULL AUTO_INCREMENT, AUTO_INCREMENT=14;

--
-- 使用表AUTO_INCREMENT `file`
--
ALTER TABLE `file`
  MODIFY `id` int(10) UNSIGNED NOT NULL AUTO_INCREMENT COMMENT '上传文件ID', AUTO_INCREMENT=11;

--
-- 使用表AUTO_INCREMENT `file_group`
--
ALTER TABLE `file_group`
  MODIFY `id` int(11) NOT NULL AUTO_INCREMENT COMMENT '上传文件组ID', AUTO_INCREMENT=13;

--
-- 使用表AUTO_INCREMENT `log_v8`
--
ALTER TABLE `log_v8`
  MODIFY `id` int(10) UNSIGNED NOT NULL AUTO_INCREMENT COMMENT '系统日志ID', AUTO_INCREMENT=459;

--
-- 使用表AUTO_INCREMENT `member_operation_record`
--
ALTER TABLE `member_operation_record`
  MODIFY `id` int(11) UNSIGNED NOT NULL AUTO_INCREMENT, AUTO_INCREMENT=16;

--
-- 使用表AUTO_INCREMENT `navigation`
--
ALTER TABLE `navigation`
  MODIFY `id` int(11) UNSIGNED NOT NULL AUTO_INCREMENT COMMENT '导航ID';

--
-- 使用表AUTO_INCREMENT `notification`
--
ALTER TABLE `notification`
  MODIFY `id` int(10) UNSIGNED NOT NULL AUTO_INCREMENT COMMENT '通知ID', AUTO_INCREMENT=39;

--
-- 使用表AUTO_INCREMENT `question`
--
ALTER TABLE `question`
  MODIFY `id` int(10) UNSIGNED NOT NULL AUTO_INCREMENT COMMENT '题目ID', AUTO_INCREMENT=30;

--
-- 使用表AUTO_INCREMENT `question_analysis`
--
ALTER TABLE `question_analysis`
  MODIFY `id` int(10) NOT NULL AUTO_INCREMENT, AUTO_INCREMENT=153;

--
-- 使用表AUTO_INCREMENT `ratelimit`
--
ALTER TABLE `ratelimit`
  MODIFY `id` int(10) UNSIGNED NOT NULL AUTO_INCREMENT, AUTO_INCREMENT=2;

--
-- 使用表AUTO_INCREMENT `role`
--
ALTER TABLE `role`
  MODIFY `id` int(10) UNSIGNED NOT NULL AUTO_INCREMENT, AUTO_INCREMENT=5;

--
-- 使用表AUTO_INCREMENT `setting`
--
ALTER TABLE `setting`
  MODIFY `id` int(10) UNSIGNED NOT NULL AUTO_INCREMENT COMMENT '系统设置ID', AUTO_INCREMENT=27;

--
-- 使用表AUTO_INCREMENT `testpaper_item_result_v8`
--
ALTER TABLE `testpaper_item_result_v8`
  MODIFY `id` int(10) UNSIGNED NOT NULL AUTO_INCREMENT, AUTO_INCREMENT=93;

--
-- 使用表AUTO_INCREMENT `testpaper_item_v8`
--
ALTER TABLE `testpaper_item_v8`
  MODIFY `id` int(10) UNSIGNED NOT NULL AUTO_INCREMENT COMMENT '题目', AUTO_INCREMENT=58;

--
-- 使用表AUTO_INCREMENT `testpaper_result_v8`
--
ALTER TABLE `testpaper_result_v8`
  MODIFY `id` int(10) UNSIGNED NOT NULL AUTO_INCREMENT COMMENT 'id', AUTO_INCREMENT=30;

--
-- 使用表AUTO_INCREMENT `testpaper_v8`
--
ALTER TABLE `testpaper_v8`
  MODIFY `id` int(10) UNSIGNED NOT NULL AUTO_INCREMENT COMMENT 'id', AUTO_INCREMENT=15;

--
-- 使用表AUTO_INCREMENT `user`
--
ALTER TABLE `user`
  MODIFY `id` int(11) NOT NULL AUTO_INCREMENT COMMENT '用户ID', AUTO_INCREMENT=8;

--
-- 使用表AUTO_INCREMENT `user_active_log`
--
ALTER TABLE `user_active_log`
  MODIFY `id` int(11) NOT NULL AUTO_INCREMENT COMMENT 'ID', AUTO_INCREMENT=52;

--
-- 使用表AUTO_INCREMENT `xapi_statement`
--
ALTER TABLE `xapi_statement`
  MODIFY `id` int(10) UNSIGNED NOT NULL AUTO_INCREMENT, AUTO_INCREMENT=74;
COMMIT;

/*!40101 SET CHARACTER_SET_CLIENT=@OLD_CHARACTER_SET_CLIENT */;
/*!40101 SET CHARACTER_SET_RESULTS=@OLD_CHARACTER_SET_RESULTS */;
/*!40101 SET COLLATION_CONNECTION=@OLD_COLLATION_CONNECTION */;
